"Handle","Title","Body (HTML)","Vendor","Product Category","Type","Tags","Published","Option1 Name","Option1 Value","Option2 Name","Option2 Value","Option3 Name","Option3 Value","Variant SKU","Variant Grams","Variant Inventory Tracker","Variant Inventory Qty","Variant Inventory Policy","Variant Fulfillment Service","Variant Price","Variant Compare At Price","Variant Requires Shipping","Variant Taxable","Variant Barcode","Image Src","Image Position","Image Alt Text","Gift Card","SEO Title","SEO Description","Google Shopping / Google Product Category","Google Shopping / Gender","Google Shopping / Age Group","Google Shopping / MPN","Google Shopping / AdWords Grouping","Google Shopping / AdWords Labels","Google Shopping / Condition","Google Shopping / Custom Product","Google Shopping / Custom Label 0","Google Shopping / Custom Label 1","Google Shopping / Custom Label 2","Google Shopping / Custom Label 3","Google Shopping / Custom Label 4","Variant Image","Variant Weight Unit","Variant Tax Code","Cost per item","Included / Thailand","Price / Thailand","Compare At Price / Thailand","Included / International","Price / International","Compare At Price / International","Status"
"love-charm-red-enamel","Love Charm, Red Enamel","<p style=""font-family: Inter, sans-serif;"">Chinese character ai in red enamel with the word Love beneath. Confirms the handoff's reading: this is the red sibling of ORGCB56-B (black) and ORGCB56-L (blue). SKU written in canonical OR form though the invoice prints GCB56-R.</p>

<p style=""font-family: Inter, sans-serif;""><strong>Material:</strong> 925 Sterling Silver<br>
<strong>Finish:</strong> Rhodium Plated, Red Enamel<br>
<strong>Size:</strong> 17 x 12 x 2mm<br>
<strong>Weight:</strong> 4.00g</p>

<p style=""font-family: Inter, sans-serif;""><strong>Fits all Orloff snake chain bracelets.</strong></p>

<p style=""font-family: Inter, sans-serif;""><strong>ORLOFF OF DENMARK.</strong></p>","Orloff of Denmark","Apparel & Accessories > Jewelry > Charms & Pendants","Charm","Milestones & Sentiment, Line A, Charm Bracelet, 925 Silver","FALSE","","","","","","","ORGCB56-R","4","shopify","27","deny","manual","49","","TRUE","TRUE","","https://cdn.shopify.com/s/files/1/0852/4428/1122/files/ORGCB56-R.jpg","1","Love Charm, Red Enamel","FALSE","Love Charm, Red Enamel | Orloff of Denmark","Chinese character ai in red enamel with the word Love beneath.","","","","","","","","","","","","","","","g","","7.57","","","","","","","draft"
"whale-charm","Whale Charm","<p style=""font-family: Inter, sans-serif;"">Blue enamel body, silver belly and tail, black stone eye.</p>

<p style=""font-family: Inter, sans-serif;""><strong>Material:</strong> 925 Sterling Silver<br>
<strong>Finish:</strong> Oxidized Silver<br>
<strong>Stone:</strong> Black CZ + Blue Enamel<br>
<strong>Size:</strong> 14.5mm x 7mm<br>
<strong>Weight:</strong> 1.55g</p>

<p style=""font-family: Inter, sans-serif;""><strong>Fits all Orloff snake chain bracelets.</strong></p>

<p style=""font-family: Inter, sans-serif;""><strong>ORLOFF OF DENMARK.</strong></p>","Orloff of Denmark","Apparel & Accessories > Jewelry > Charms & Pendants","Charm","Animals, Line A, Charm Bracelet, 925 Silver","FALSE","","","","","","","ORCB01","2","shopify","10","deny","manual","29","","TRUE","TRUE","","https://cdn.shopify.com/s/files/1/0852/4428/1122/files/ORCB01.jpg","1","Whale Charm","FALSE","Whale Charm | Orloff of Denmark","Blue enamel body, silver belly and tail, black stone eye.","","","","","","","","","","","","","","","g","","3.75","","","","","","","draft"
"turtle-charm","Turtle Charm","<p style=""font-family: Inter, sans-serif;"">Yellow enamel shell with blue spots, black enamel feet.</p>

<p style=""font-family: Inter, sans-serif;""><strong>Material:</strong> 925 Sterling Silver<br>
<strong>Finish:</strong> Oxidized Silver<br>
<strong>Stone:</strong> Orange+Black+ Blue Enamel<br>
<strong>Size:</strong> 12mm<br>
<strong>Weight:</strong> 1.69g</p>

<p style=""font-family: Inter, sans-serif;""><strong>Fits all Orloff snake chain bracelets.</strong></p>

<p style=""font-family: Inter, sans-serif;""><strong>ORLOFF OF DENMARK.</strong></p>","Orloff of Denmark","Apparel & Accessories > Jewelry > Charms & Pendants","Charm","Animals, Line A, Charm Bracelet, 925 Silver","FALSE","","","","","","","ORCB02","2","shopify","10","deny","manual","29","","TRUE","TRUE","","https://cdn.shopify.com/s/files/1/0852/4428/1122/files/ORCB02.jpg","1","Turtle Charm","FALSE","Turtle Charm | Orloff of Denmark","Yellow enamel shell with blue spots, black enamel feet.","","","","","","","","","","","","","","","g","","3.84","","","","","","","draft"
"elephant-charm","Elephant Charm","<p style=""font-family: Inter, sans-serif;"">Polished silver with a red enamel tip to the raised trunk.</p>

<p style=""font-family: Inter, sans-serif;""><strong>Material:</strong> 925 Sterling Silver<br>
<strong>Finish:</strong> Oxidized Silver<br>
<strong>Stone:</strong> Black+ Red Enamel<br>
<strong>Size:</strong> 13mm<br>
<strong>Weight:</strong> 2g</p>

<p style=""font-family: Inter, sans-serif;""><strong>Fits all Orloff snake chain bracelets.</strong></p>

<p style=""font-family: Inter, sans-serif;""><strong>ORLOFF OF DENMARK.</strong></p>","Orloff of Denmark","Apparel & Accessories > Jewelry > Charms & Pendants","Charm","Animals, Line A, Charm Bracelet, 925 Silver","FALSE","","","","","","","ORCB03","2","shopify","10","deny","manual","29","","TRUE","TRUE","","https://cdn.shopify.com/s/files/1/0852/4428/1122/files/ORCB03.jpg","1","Elephant Charm","FALSE","Elephant Charm | Orloff of Denmark","Polished silver with a red enamel tip to the raised trunk.","","","","","","","","","","","","","","","g","","4.03","","","","","","","draft"
"unicorn-charm","Unicorn Charm","<p style=""font-family: Inter, sans-serif;"">Winged unicorn dangle in polished silver, black enamel eye.</p>

<p style=""font-family: Inter, sans-serif;""><strong>Material:</strong> 925 Sterling Silver<br>
<strong>Finish:</strong> Oxidized Silver<br>
<strong>Stone:</strong> Black Enamel<br>
<strong>Size:</strong> 13mm<br>
<strong>Weight:</strong> 2.84g</p>

<p style=""font-family: Inter, sans-serif;""><strong>Fits all Orloff snake chain bracelets.</strong></p>

<p style=""font-family: Inter, sans-serif;""><strong>ORLOFF OF DENMARK.</strong></p>","Orloff of Denmark","Apparel & Accessories > Jewelry > Charms & Pendants","Charm","Animals, Line A, Charm Bracelet, 925 Silver","FALSE","","","","","","","ORCB05","3","shopify","10","deny","manual","39","","TRUE","TRUE","","https://cdn.shopify.com/s/files/1/0852/4428/1122/files/ORCB05.jpg","1","Unicorn Charm","FALSE","Unicorn Charm | Orloff of Denmark","Winged unicorn dangle in polished silver, black enamel eye.","","","","","","","","","","","","","","","g","","5.12","","","","","","","draft"
"fox-charm-rose-gold","Fox Charm, Rose Gold","<p style=""font-family: Inter, sans-serif;"">Rose gold plated with a white enamel face. Could be a cat.</p>

<p style=""font-family: Inter, sans-serif;""><strong>Material:</strong> 925 Sterling Silver<br>
<strong>Finish:</strong> Rosegold Plated<br>
<strong>Stone:</strong> White Enamel<br>
<strong>Size:</strong> 12mm<br>
<strong>Weight:</strong> 1.79g</p>

<p style=""font-family: Inter, sans-serif;""><strong>Fits all Orloff snake chain bracelets.</strong></p>

<p style=""font-family: Inter, sans-serif;""><strong>ORLOFF OF DENMARK.</strong></p>","Orloff of Denmark","Apparel & Accessories > Jewelry > Charms & Pendants","Charm","Animals, Line A, Charm Bracelet, 925 Silver","FALSE","","","","","","","ORCB06","2","shopify","10","deny","manual","29","","TRUE","TRUE","","https://cdn.shopify.com/s/files/1/0852/4428/1122/files/ORCB06.jpg","1","Fox Charm, Rose Gold","FALSE","Fox Charm, Rose Gold | Orloff of Denmark","Rose gold plated with a white enamel face.","","","","","","","","","","","","","","","g","","4.15","","","","","","","draft"
"hippo-charm","Hippo Charm","<p style=""font-family: Inter, sans-serif;"">Polished silver hippopotamus with oxidized detail.</p>

<p style=""font-family: Inter, sans-serif;""><strong>Material:</strong> 925 Sterling Silver<br>
<strong>Finish:</strong> Oxidized Silver<br>
<strong>Size:</strong> 8mm<br>
<strong>Weight:</strong> 1.18g</p>

<p style=""font-family: Inter, sans-serif;""><strong>Fits all Orloff snake chain bracelets.</strong></p>

<p style=""font-family: Inter, sans-serif;""><strong>ORLOFF OF DENMARK.</strong></p>","Orloff of Denmark","Apparel & Accessories > Jewelry > Charms & Pendants","Charm","Animals, Line A, Charm Bracelet, 925 Silver","FALSE","","","","","","","ORCB07","1","shopify","10","deny","manual","29","","TRUE","TRUE","","https://cdn.shopify.com/s/files/1/0852/4428/1122/files/ORCB07.jpg","1","Hippo Charm","FALSE","Hippo Charm | Orloff of Denmark","Polished silver hippopotamus with oxidized detail.","","","","","","","","","","","","","","","g","","2.92","","","","","","","draft"
"rabbit-charm","Rabbit Charm","<p style=""font-family: Inter, sans-serif;"">Seated rabbit in polished silver with pink enamel ears and paws.</p>

<p style=""font-family: Inter, sans-serif;""><strong>Material:</strong> 925 Sterling Silver<br>
<strong>Finish:</strong> Oxidized Silver<br>
<strong>Stone:</strong> Black+ Pink Enamel<br>
<strong>Size:</strong> 13.5mm<br>
<strong>Weight:</strong> 1.77g</p>

<p style=""font-family: Inter, sans-serif;""><strong>Fits all Orloff snake chain bracelets.</strong></p>

<p style=""font-family: Inter, sans-serif;""><strong>ORLOFF OF DENMARK.</strong></p>","Orloff of Denmark","Apparel & Accessories > Jewelry > Charms & Pendants","Charm","Animals, Line A, Charm Bracelet, 925 Silver","FALSE","","","","","","","ORCB08","2","shopify","10","deny","manual","29","","TRUE","TRUE","","https://cdn.shopify.com/s/files/1/0852/4428/1122/files/ORCB08.jpg","1","Rabbit Charm","FALSE","Rabbit Charm | Orloff of Denmark","Seated rabbit in polished silver with pink enamel ears and paws.","","","","","","","","","","","","","","","g","","4.05","","","","","","","draft"
"puppy-charm","Puppy Charm","<p style=""font-family: Inter, sans-serif;"">Seated long-eared dog with a star pendant set with a clear stone.</p>

<p style=""font-family: Inter, sans-serif;""><strong>Material:</strong> 925 Sterling Silver<br>
<strong>Finish:</strong> Oxidized Silver<br>
<strong>Stone:</strong> White CZ+Black Enamel<br>
<strong>Size:</strong> 12.5mm<br>
<strong>Weight:</strong> 2.06g</p>

<p style=""font-family: Inter, sans-serif;""><strong>Fits all Orloff snake chain bracelets.</strong></p>

<p style=""font-family: Inter, sans-serif;""><strong>ORLOFF OF DENMARK.</strong></p>","Orloff of Denmark","Apparel & Accessories > Jewelry > Charms & Pendants","Charm","Animals, Line A, Charm Bracelet, 925 Silver","FALSE","","","","","","","ORCB09","2","shopify","10","deny","manual","29","","TRUE","TRUE","","https://cdn.shopify.com/s/files/1/0852/4428/1122/files/ORCB09.jpg","1","Puppy Charm","FALSE","Puppy Charm | Orloff of Denmark","Seated long-eared dog with a star pendant set with a clear stone.","","","","","","","","","","","","","","","g","","4.42","","","","","","","draft"
"carousel-charm","Carousel Charm","<p style=""font-family: Inter, sans-serif;"">Oxidized silver merry-go-round with horses under a canopy.</p>

<p style=""font-family: Inter, sans-serif;""><strong>Material:</strong> 925 Sterling Silver<br>
<strong>Finish:</strong> Oxidized Silver<br>
<strong>Stone:</strong> Stone :None<br>
<strong>Size:</strong> 21mm<br>
<strong>Weight:</strong> 2.63g</p>

<p style=""font-family: Inter, sans-serif;""><strong>Fits all Orloff snake chain bracelets.</strong></p>

<p style=""font-family: Inter, sans-serif;""><strong>ORLOFF OF DENMARK.</strong></p>","Orloff of Denmark","Apparel & Accessories > Jewelry > Charms & Pendants","Charm","Travel & Lifestyle, Line A, Charm Bracelet, 925 Silver","FALSE","","","","","","","ORCB10","3","shopify","10","deny","manual","39","","TRUE","TRUE","","https://cdn.shopify.com/s/files/1/0852/4428/1122/files/ORCB10.jpg","1","Carousel Charm","FALSE","Carousel Charm | Orloff of Denmark","Oxidized silver merry-go-round with horses under a canopy.","","","","","","","","","","","","","","","g","","4.76","","","","","","","draft"
"star-pave-charm-purple","Star Pave Charm, Purple","<p style=""font-family: Inter, sans-serif;"">Pave bead set with two purple star stones.</p>

<p style=""font-family: Inter, sans-serif;""><strong>Material:</strong> 925 Sterling Silver<br>
<strong>Finish:</strong> Rhodium Plated<br>
<strong>Stone:</strong> Stone: White+Purple<br>
<strong>Size:</strong> 8mm<br>
<strong>Weight:</strong> 2.5g</p>

<p style=""font-family: Inter, sans-serif;""><strong>Fits all Orloff snake chain bracelets.</strong></p>

<p style=""font-family: Inter, sans-serif;""><strong>ORLOFF OF DENMARK.</strong></p>","Orloff of Denmark","Apparel & Accessories > Jewelry > Charms & Pendants","Charm","Sparkle & Classic, Line A, Charm Bracelet, 925 Silver","FALSE","","","","","","","ORCB100","2","shopify","9","deny","manual","39","","TRUE","TRUE","","https://cdn.shopify.com/s/files/1/0852/4428/1122/files/ORCB100.jpg","1","Star Pave Charm, Purple","FALSE","Star Pave Charm, Purple | Orloff of Denmark","Pave bead set with two purple star stones.","","","","","","","","","","","","","","","g","","6.25","","","","","","","draft"
"sweet-wrapper-charm","Sweet Wrapper Charm","<p style=""font-family: Inter, sans-serif;"">Wrapped sweet with a spiral of yellow, purple and red stones.</p>

<p style=""font-family: Inter, sans-serif;""><strong>Material:</strong> 925 Sterling Silver<br>
<strong>Finish:</strong> Rhodium Plated<br>
<strong>Stone:</strong> Stone: Muti-color<br>
<strong>Size:</strong> 8mm<br>
<strong>Weight:</strong> 2.8g</p>

<p style=""font-family: Inter, sans-serif;""><strong>Fits all Orloff snake chain bracelets.</strong></p>

<p style=""font-family: Inter, sans-serif;""><strong>ORLOFF OF DENMARK.</strong></p>","Orloff of Denmark","Apparel & Accessories > Jewelry > Charms & Pendants","Charm","Travel & Lifestyle, Line A, Charm Bracelet, 925 Silver","FALSE","","","","","","","ORCB101","3","shopify","10","deny","manual","49","","TRUE","TRUE","","https://cdn.shopify.com/s/files/1/0852/4428/1122/files/ORCB101.jpg","1","Sweet Wrapper Charm","FALSE","Sweet Wrapper Charm | Orloff of Denmark","Wrapped sweet with a spiral of yellow, purple and red stones.","","","","","","","","","","","","","","","g","","7.02","","","","","","","draft"
"star-charm-purple-centre","Star Charm, Purple Centre","<p style=""font-family: Inter, sans-serif;"">Pave star with a purple star stone at its centre.</p>

<p style=""font-family: Inter, sans-serif;""><strong>Material:</strong> 925 Sterling Silver<br>
<strong>Finish:</strong> Rhodium Plated<br>
<strong>Stone:</strong> Stone: White+Purple<br>
<strong>Size:</strong> 10mm<br>
<strong>Weight:</strong> 2.5g</p>

<p style=""font-family: Inter, sans-serif;""><strong>Fits all Orloff snake chain bracelets.</strong></p>

<p style=""font-family: Inter, sans-serif;""><strong>ORLOFF OF DENMARK.</strong></p>","Orloff of Denmark","Apparel & Accessories > Jewelry > Charms & Pendants","Charm","Sparkle & Classic, Line A, Charm Bracelet, 925 Silver","FALSE","","","","","","","ORCB102","2","shopify","10","deny","manual","39","","TRUE","TRUE","","https://cdn.shopify.com/s/files/1/0852/4428/1122/files/ORCB102.jpg","1","Star Charm, Purple Centre","FALSE","Star Charm, Purple Centre | Orloff of Denmark","Pave star with a purple star stone at its centre.","","","","","","","","","","","","","","","g","","6.46","","","","","","","draft"
"rainbow-egg-charm","Rainbow Egg Charm","<p style=""font-family: Inter, sans-serif;"">Egg shaped dangle set with rainbow coloured stones.</p>

<p style=""font-family: Inter, sans-serif;""><strong>Material:</strong> 925 Sterling Silver<br>
<strong>Finish:</strong> Rhodium Plated<br>
<strong>Stone:</strong> Stone: Muti-color<br>
<strong>Size:</strong> 22mm<br>
<strong>Weight:</strong> 2.8g</p>

<p style=""font-family: Inter, sans-serif;""><strong>Fits all Orloff snake chain bracelets.</strong></p>

<p style=""font-family: Inter, sans-serif;""><strong>ORLOFF OF DENMARK.</strong></p>","Orloff of Denmark","Apparel & Accessories > Jewelry > Charms & Pendants","Charm","Sparkle & Classic, Line A, Charm Bracelet, 925 Silver","FALSE","","","","","","","ORCB103","3","shopify","10","deny","manual","49","","TRUE","TRUE","","https://cdn.shopify.com/s/files/1/0852/4428/1122/files/ORCB103.jpg","1","Rainbow Egg Charm","FALSE","Rainbow Egg Charm | Orloff of Denmark","Egg shaped dangle set with rainbow coloured stones.","","","","","","","","","","","","","","","g","","7.02","","","","","","","draft"
"ribbon-bow-charm-red-heart","Ribbon Bow Charm, Red Heart","<p style=""font-family: Inter, sans-serif;"">Pave ribbon tied in a bow with a red heart stone dangle.</p>

<p style=""font-family: Inter, sans-serif;""><strong>Material:</strong> 925 Sterling Silver<br>
<strong>Finish:</strong> Rhodium Plated<br>
<strong>Stone:</strong> Stone: White+Red<br>
<strong>Size:</strong> 15mm<br>
<strong>Weight:</strong> 3g</p>

<p style=""font-family: Inter, sans-serif;""><strong>Fits all Orloff snake chain bracelets.</strong></p>

<p style=""font-family: Inter, sans-serif;""><strong>ORLOFF OF DENMARK.</strong></p>","Orloff of Denmark","Apparel & Accessories > Jewelry > Charms & Pendants","Charm","Milestones & Sentiment, Line A, Charm Bracelet, 925 Silver","FALSE","","","","","","","ORCB104","3","shopify","8","deny","manual","39","","TRUE","TRUE","","https://cdn.shopify.com/s/files/1/0852/4428/1122/files/ORCB104.jpg","1","Ribbon Bow Charm, Red Heart","FALSE","Ribbon Bow Charm, Red Heart | Orloff of Denmark","Pave ribbon tied in a bow with a red heart stone dangle.","","","","","","","","","","","","","","","g","","6.00","","","","","","","draft"
"angel-charm-pink-heart","Angel Charm, Pink Heart","<p style=""font-family: Inter, sans-serif;"">Winged angel with a halo above a pink heart stone in a pave frame.</p>

<p style=""font-family: Inter, sans-serif;""><strong>Material:</strong> 925 Sterling Silver<br>
<strong>Finish:</strong> Rhodium Plated<br>
<strong>Stone:</strong> Stone: White+Pink<br>
<strong>Size:</strong> 13mm<br>
<strong>Weight:</strong> 2.5g</p>

<p style=""font-family: Inter, sans-serif;""><strong>Fits all Orloff snake chain bracelets.</strong></p>

<p style=""font-family: Inter, sans-serif;""><strong>ORLOFF OF DENMARK.</strong></p>","Orloff of Denmark","Apparel & Accessories > Jewelry > Charms & Pendants","Charm","Milestones & Sentiment, Line A, Charm Bracelet, 925 Silver","FALSE","","","","","","","ORCB106","2","shopify","10","deny","manual","39","","TRUE","TRUE","","https://cdn.shopify.com/s/files/1/0852/4428/1122/files/ORCB106.jpg","1","Angel Charm, Pink Heart","FALSE","Angel Charm, Pink Heart | Orloff of Denmark","Winged angel with a halo above a pink heart stone in a pave frame.","","","","","","","","","","","","","","","g","","5.17","","","","","","","draft"
"graduation-owl-charm","Graduation Owl Charm","<p style=""font-family: Inter, sans-serif;"">Owl in a mortarboard with a blue pear stone and a small key.</p>

<p style=""font-family: Inter, sans-serif;""><strong>Material:</strong> 925 Sterling Silver<br>
<strong>Finish:</strong> Rhodium Plated<br>
<strong>Stone:</strong> Stone: White+Blue<br>
<strong>Size:</strong> 11mm<br>
<strong>Weight:</strong> 2.5g</p>

<p style=""font-family: Inter, sans-serif;""><strong>Fits all Orloff snake chain bracelets.</strong></p>

<p style=""font-family: Inter, sans-serif;""><strong>ORLOFF OF DENMARK.</strong></p>","Orloff of Denmark","Apparel & Accessories > Jewelry > Charms & Pendants","Charm","Milestones & Sentiment, Line A, Charm Bracelet, 925 Silver","FALSE","","","","","","","ORCB107","2","shopify","9","deny","manual","39","","TRUE","TRUE","","https://cdn.shopify.com/s/files/1/0852/4428/1122/files/ORCB107.jpg","1","Graduation Owl Charm","FALSE","Graduation Owl Charm | Orloff of Denmark","Owl in a mortarboard with a blue pear stone and a small key.","","","","","","","","","","","","","","","g","","6.13","","","","","","","draft"
"unicorn-charm-gold-mane","Unicorn Charm, Gold Mane","<p style=""font-family: Inter, sans-serif;"">Prancing unicorn with a gold horn, mane and tail.</p>

<p style=""font-family: Inter, sans-serif;""><strong>Material:</strong> 925 Sterling Silver<br>
<strong>Finish:</strong> Rhodium Plated<br>
<strong>Size:</strong> 21mm<br>
<strong>Weight:</strong> 1.5g</p>

<p style=""font-family: Inter, sans-serif;""><strong>Fits all Orloff snake chain bracelets.</strong></p>

<p style=""font-family: Inter, sans-serif;""><strong>ORLOFF OF DENMARK.</strong></p>","Orloff of Denmark","Apparel & Accessories > Jewelry > Charms & Pendants","Charm","Animals, Line A, Charm Bracelet, 925 Silver","FALSE","","","","","","","ORCB108","2","shopify","10","deny","manual","29","","TRUE","TRUE","","https://cdn.shopify.com/s/files/1/0852/4428/1122/files/ORCB108.jpg","1","Unicorn Charm, Gold Mane","FALSE","Unicorn Charm, Gold Mane | Orloff of Denmark","Prancing unicorn with a gold horn, mane and tail.","","","","","","","","","","","","","","","g","","4.26","","","","","","","draft"
"birthday-balloon-charm","Birthday Balloon Charm","<p style=""font-family: Inter, sans-serif;"">Balloon bead lettered birthday, black enamel spots, clear stones.</p>

<p style=""font-family: Inter, sans-serif;""><strong>Material:</strong> 925 Sterling Silver<br>
<strong>Finish:</strong> Oxidized Silver<br>
<strong>Stone:</strong> Black+ Red Enamel<br>
<strong>Size:</strong> 12.5mm<br>
<strong>Weight:</strong> 2.62g</p>

<p style=""font-family: Inter, sans-serif;""><strong>Fits all Orloff snake chain bracelets.</strong></p>

<p style=""font-family: Inter, sans-serif;""><strong>ORLOFF OF DENMARK.</strong></p>","Orloff of Denmark","Apparel & Accessories > Jewelry > Charms & Pendants","Charm","Milestones & Sentiment, Line A, Charm Bracelet, 925 Silver","FALSE","","","","","","","ORCB11","3","shopify","10","deny","manual","39","","TRUE","TRUE","","https://cdn.shopify.com/s/files/1/0852/4428/1122/files/ORCB11.jpg","1","Birthday Balloon Charm","FALSE","Birthday Balloon Charm | Orloff of Denmark","Balloon bead lettered birthday, black enamel spots, clear stones.","","","","","","","","","","","","","","","g","","5.24","","","","","","","draft"
"princess-charm","Princess Charm","<p style=""font-family: Inter, sans-serif;"">Girl in a gown set with pink stones, holding a heart wand.</p>

<p style=""font-family: Inter, sans-serif;""><strong>Material:</strong> 925 Sterling Silver<br>
<strong>Finish:</strong> Rhodium Plated<br>
<strong>Stone:</strong> Stone: Pink<br>
<strong>Size:</strong> 17mm<br>
<strong>Weight:</strong> 3.8g</p>

<p style=""font-family: Inter, sans-serif;""><strong>Fits all Orloff snake chain bracelets.</strong></p>

<p style=""font-family: Inter, sans-serif;""><strong>ORLOFF OF DENMARK.</strong></p>","Orloff of Denmark","Apparel & Accessories > Jewelry > Charms & Pendants","Charm","Milestones & Sentiment, Line A, Charm Bracelet, 925 Silver","FALSE","","","","","","","ORCB110","4","shopify","10","deny","manual","39","","TRUE","TRUE","","https://cdn.shopify.com/s/files/1/0852/4428/1122/files/ORCB110.jpg","1","Princess Charm","FALSE","Princess Charm | Orloff of Denmark","Girl in a gown set with pink stones, holding a heart wand.","","","","","","","","","","","","","","","g","","6.13","","","","","","","draft"
"butterfly-charm-turquoise-spots","Butterfly Charm, Turquoise Spots","<p style=""font-family: Inter, sans-serif;"">Pave butterfly with turquoise enamel spots and a beaded body.</p>

<p style=""font-family: Inter, sans-serif;""><strong>Material:</strong> 925 Sterling Silver<br>
<strong>Finish:</strong> Rhodium Plated<br>
<strong>Stone:</strong> Stone: White<br>
<strong>Size:</strong> 12mm<br>
<strong>Weight:</strong> 2.2g</p>

<p style=""font-family: Inter, sans-serif;""><strong>Fits all Orloff snake chain bracelets.</strong></p>

<p style=""font-family: Inter, sans-serif;""><strong>ORLOFF OF DENMARK.</strong></p>","Orloff of Denmark","Apparel & Accessories > Jewelry > Charms & Pendants","Charm","Animals, Line A, Charm Bracelet, 925 Silver","FALSE","","","","","","","ORCB111","2","shopify","10","deny","manual","39","","TRUE","TRUE","","https://cdn.shopify.com/s/files/1/0852/4428/1122/files/ORCB111.jpg","1","Butterfly Charm, Turquoise Spots","FALSE","Butterfly Charm, Turquoise Spots | Orloff of Denmark","Pave butterfly with turquoise enamel spots and a beaded body.","","","","","","","","","","","","","","","g","","5.46","","","","","","","draft"
"puzzle-heart-charm-multicolour","Puzzle Heart Charm, Multicolour","<p style=""font-family: Inter, sans-serif;"">Heart in blue, red, yellow and white puzzle pieces with a red piece dangling. Note this reads as the autism awareness motif; decide how you want it positioned.</p>

<p style=""font-family: Inter, sans-serif;""><strong>Material:</strong> 925 Sterling Silver<br>
<strong>Finish:</strong> Rhodium Plated<br>
<strong>Size:</strong> 13mm<br>
<strong>Weight:</strong> 2.2g</p>

<p style=""font-family: Inter, sans-serif;""><strong>Fits all Orloff snake chain bracelets.</strong></p>

<p style=""font-family: Inter, sans-serif;""><strong>ORLOFF OF DENMARK.</strong></p>","Orloff of Denmark","Apparel & Accessories > Jewelry > Charms & Pendants","Charm","Milestones & Sentiment, Line A, Charm Bracelet, 925 Silver","FALSE","","","","","","","ORCB113","2","shopify","10","deny","manual","39","","TRUE","TRUE","","https://cdn.shopify.com/s/files/1/0852/4428/1122/files/ORCB113.jpg","1","Puzzle Heart Charm, Multicolour","FALSE","Puzzle Heart Charm, Multicolour | Orloff of Denmark","Heart in blue, red, yellow and white puzzle pieces with a red piece dangling.","","","","","","","","","","","","","","","g","","6.30","","","","","","","draft"
"mom-heart-charm","Mom Heart Charm","<p style=""font-family: Inter, sans-serif;"">Heart lettered Mom with pink stone flowers and green enamel leaves.</p>

<p style=""font-family: Inter, sans-serif;""><strong>Material:</strong> 925 Sterling Silver<br>
<strong>Finish:</strong> Rhodium Plated<br>
<strong>Stone:</strong> Stone: Pink<br>
<strong>Size:</strong> 10mm<br>
<strong>Weight:</strong> 2.2g</p>

<p style=""font-family: Inter, sans-serif;""><strong>Fits all Orloff snake chain bracelets.</strong></p>

<p style=""font-family: Inter, sans-serif;""><strong>ORLOFF OF DENMARK.</strong></p>","Orloff of Denmark","Apparel & Accessories > Jewelry > Charms & Pendants","Charm","Milestones & Sentiment, Line A, Charm Bracelet, 925 Silver","FALSE","","","","","","","ORCB114","2","shopify","10","deny","manual","39","","TRUE","TRUE","","https://cdn.shopify.com/s/files/1/0852/4428/1122/files/ORCB114.jpg","1","Mom Heart Charm","FALSE","Mom Heart Charm | Orloff of Denmark","Heart lettered Mom with pink stone flowers and green enamel leaves.","","","","","","","","","","","","","","","g","","5.19","","","","","","","draft"
"stitched-heart-charm","Stitched Heart Charm","<p style=""font-family: Inter, sans-serif;"">Polished heart laced with black stitching over red stones.</p>

<p style=""font-family: Inter, sans-serif;""><strong>Material:</strong> 925 Sterling Silver<br>
<strong>Finish:</strong> Rhodium Plated<br>
<strong>Size:</strong> 10mm<br>
<strong>Weight:</strong> 2.2g</p>

<p style=""font-family: Inter, sans-serif;""><strong>Fits all Orloff snake chain bracelets.</strong></p>

<p style=""font-family: Inter, sans-serif;""><strong>ORLOFF OF DENMARK.</strong></p>","Orloff of Denmark","Apparel & Accessories > Jewelry > Charms & Pendants","Charm","Milestones & Sentiment, Line A, Charm Bracelet, 925 Silver","FALSE","","","","","","","ORCB115","2","shopify","10","deny","manual","39","","TRUE","TRUE","","https://cdn.shopify.com/s/files/1/0852/4428/1122/files/ORCB115.jpg","1","Stitched Heart Charm","FALSE","Stitched Heart Charm | Orloff of Denmark","Polished heart laced with black stitching over red stones.","","","","","","","","","","","","","","","g","","5.03","","","","","","","draft"
"heart-padlock-charm-blue","Heart Padlock Charm, Blue","<p style=""font-family: Inter, sans-serif;"">Blue enamel padlock with silver scrollwork, a blue heart stone and a key.</p>

<p style=""font-family: Inter, sans-serif;""><strong>Material:</strong> 925 Sterling Silver<br>
<strong>Finish:</strong> Rhodium Plated<br>
<strong>Stone:</strong> Stone: Blue<br>
<strong>Size:</strong> 12mm<br>
<strong>Weight:</strong> 3g</p>

<p style=""font-family: Inter, sans-serif;""><strong>Fits all Orloff snake chain bracelets.</strong></p>

<p style=""font-family: Inter, sans-serif;""><strong>ORLOFF OF DENMARK.</strong></p>","Orloff of Denmark","Apparel & Accessories > Jewelry > Charms & Pendants","Charm","Milestones & Sentiment, Line A, Charm Bracelet, 925 Silver","FALSE","","","","","","","ORCB116","3","shopify","10","deny","manual","39","","TRUE","TRUE","","https://cdn.shopify.com/s/files/1/0852/4428/1122/files/ORCB116.jpg","1","Heart Padlock Charm, Blue","FALSE","Heart Padlock Charm, Blue | Orloff of Denmark","Blue enamel padlock with silver scrollwork, a blue heart stone and a key.","","","","","","","","","","","","","","","g","","6.35","","","","","","","draft"
"frangipani-charm-yellow","Frangipani Charm, Yellow","<p style=""font-family: Inter, sans-serif;"">Five yellow enamel petals around a single clear stone.</p>

<p style=""font-family: Inter, sans-serif;""><strong>Material:</strong> 925 Sterling Silver<br>
<strong>Finish:</strong> Rhodium Plated<br>
<strong>Stone:</strong> CZ+Enamel<br>
<strong>Size:</strong> 8mm<br>
<strong>Weight:</strong> 2.6g</p>

<p style=""font-family: Inter, sans-serif;""><strong>Fits all Orloff snake chain bracelets.</strong></p>

<p style=""font-family: Inter, sans-serif;""><strong>ORLOFF OF DENMARK.</strong></p>","Orloff of Denmark","Apparel & Accessories > Jewelry > Charms & Pendants","Charm","Nature, Line A, Charm Bracelet, 925 Silver","FALSE","","","","","","","ORCB117","3","shopify","10","deny","manual","39","","TRUE","TRUE","","https://cdn.shopify.com/s/files/1/0852/4428/1122/files/ORCB117.jpg","1","Frangipani Charm, Yellow","FALSE","Frangipani Charm, Yellow | Orloff of Denmark","Five yellow enamel petals around a single clear stone.","","","","","","","","","","","","","","","g","","4.96","","","","","","","draft"
"dreamcatcher-charm-rainbow","Dreamcatcher Charm, Rainbow","<p style=""font-family: Inter, sans-serif;"">Openwork bead with rainbow stones and three silver feather drops.</p>

<p style=""font-family: Inter, sans-serif;""><strong>Material:</strong> 925 Sterling Silver<br>
<strong>Finish:</strong> Rhodium Plated<br>
<strong>Stone:</strong> Stone: Muti-color<br>
<strong>Size:</strong> 17mm<br>
<strong>Weight:</strong> 2.3g</p>

<p style=""font-family: Inter, sans-serif;""><strong>Fits all Orloff snake chain bracelets.</strong></p>

<p style=""font-family: Inter, sans-serif;""><strong>ORLOFF OF DENMARK.</strong></p>","Orloff of Denmark","Apparel & Accessories > Jewelry > Charms & Pendants","Charm","Travel & Lifestyle, Line A, Charm Bracelet, 925 Silver","FALSE","","","","","","","ORCB118","2","shopify","7","deny","manual","49","","TRUE","TRUE","","https://cdn.shopify.com/s/files/1/0852/4428/1122/files/ORCB118.jpg","1","Dreamcatcher Charm, Rainbow","FALSE","Dreamcatcher Charm, Rainbow | Orloff of Denmark","Openwork bead with rainbow stones and three silver feather drops.","","","","","","","","","","","","","","","g","","6.68","","","","","","","draft"
"graduation-charm","Graduation Charm","<p style=""font-family: Inter, sans-serif;"">Mortarboard and scroll lettered GRADUATION with a gold tassel.</p>

<p style=""font-family: Inter, sans-serif;""><strong>Material:</strong> 925 Sterling Silver<br>
<strong>Finish:</strong> Rhodium Plated<br>
<strong>Size:</strong> 10mm<br>
<strong>Weight:</strong> 2.2g</p>

<p style=""font-family: Inter, sans-serif;""><strong>Fits all Orloff snake chain bracelets.</strong></p>

<p style=""font-family: Inter, sans-serif;""><strong>ORLOFF OF DENMARK.</strong></p>","Orloff of Denmark","Apparel & Accessories > Jewelry > Charms & Pendants","Charm","Milestones & Sentiment, Line A, Charm Bracelet, 925 Silver","FALSE","","","","","","","ORCB119","2","shopify","10","deny","manual","39","","TRUE","TRUE","","https://cdn.shopify.com/s/files/1/0852/4428/1122/files/ORCB119.jpg","1","Graduation Charm","FALSE","Graduation Charm | Orloff of Denmark","Mortarboard and scroll lettered GRADUATION with a gold tassel.","","","","","","","","","","","","","","","g","","5.58","","","","","","","draft"
"boy-charm","Boy Charm","<p style=""font-family: Inter, sans-serif;"">Boy figure dangle holding a heart set with clear stones.</p>

<p style=""font-family: Inter, sans-serif;""><strong>Material:</strong> 925 Sterling Silver<br>
<strong>Finish:</strong> Oxidized Silver<br>
<strong>Stone:</strong> White CZ<br>
<strong>Size:</strong> 21.5mm<br>
<strong>Weight:</strong> 1.49g</p>

<p style=""font-family: Inter, sans-serif;""><strong>Fits all Orloff snake chain bracelets.</strong></p>

<p style=""font-family: Inter, sans-serif;""><strong>ORLOFF OF DENMARK.</strong></p>","Orloff of Denmark","Apparel & Accessories > Jewelry > Charms & Pendants","Charm","Milestones & Sentiment, Line A, Charm Bracelet, 925 Silver","FALSE","","","","","","","ORCB12","1","shopify","10","deny","manual","29","","TRUE","TRUE","","https://cdn.shopify.com/s/files/1/0852/4428/1122/files/ORCB12.jpg","1","Boy Charm","FALSE","Boy Charm | Orloff of Denmark","Boy figure dangle holding a heart set with clear stones.","","","","","","","","","","","","","","","g","","3.54","","","","","","","draft"
"angel-wing-charm","Angel Wing Charm","<p style=""font-family: Inter, sans-serif;"">Single feathered wing in pave with a gold leading edge.</p>

<p style=""font-family: Inter, sans-serif;""><strong>Material:</strong> 925 Sterling Silver<br>
<strong>Finish:</strong> Rhodium Plated<br>
<strong>Stone:</strong> Stone: White<br>
<strong>Size:</strong> 14mm<br>
<strong>Weight:</strong> 1.5g</p>

<p style=""font-family: Inter, sans-serif;""><strong>Fits all Orloff snake chain bracelets.</strong></p>

<p style=""font-family: Inter, sans-serif;""><strong>ORLOFF OF DENMARK.</strong></p>","Orloff of Denmark","Apparel & Accessories > Jewelry > Charms & Pendants","Charm","Milestones & Sentiment, Line A, Charm Bracelet, 925 Silver","FALSE","","","","","","","ORCB120","2","shopify","10","deny","manual","39","","TRUE","TRUE","","https://cdn.shopify.com/s/files/1/0852/4428/1122/files/ORCB120.jpg","1","Angel Wing Charm","FALSE","Angel Wing Charm | Orloff of Denmark","Single feathered wing in pave with a gold leading edge.","","","","","","","","","","","","","","","g","","5.40","","","","","","","draft"
"witch-hat-charm-rose-gold","Witch Hat Charm, Rose Gold","<p style=""font-family: Inter, sans-serif;"">Rose gold hat with black enamel stars and a star dangle.</p>

<p style=""font-family: Inter, sans-serif;""><strong>Material:</strong> 925 Sterling Silver<br>
<strong>Finish:</strong> Rose Gold Plated<br>
<strong>Stone:</strong> Stone: Black<br>
<strong>Size:</strong> 11mm<br>
<strong>Weight:</strong> 2g</p>

<p style=""font-family: Inter, sans-serif;""><strong>Fits all Orloff snake chain bracelets.</strong></p>

<p style=""font-family: Inter, sans-serif;""><strong>ORLOFF OF DENMARK.</strong></p>","Orloff of Denmark","Apparel & Accessories > Jewelry > Charms & Pendants","Charm","Milestones & Sentiment, Line A, Charm Bracelet, 925 Silver","FALSE","","","","","","","ORCB122","2","shopify","8","deny","manual","39","","TRUE","TRUE","","https://cdn.shopify.com/s/files/1/0852/4428/1122/files/ORCB122.jpg","1","Witch Hat Charm, Rose Gold","FALSE","Witch Hat Charm, Rose Gold | Orloff of Denmark","Rose gold hat with black enamel stars and a star dangle.","","","","","","","","","","","","","","","g","","5.25","","","","","","","draft"
"horse-charm","Horse Charm","<p style=""font-family: Inter, sans-serif;"">Galloping horse with a brown enamel mane and tail, gold horseshoe bail.</p>

<p style=""font-family: Inter, sans-serif;""><strong>Material:</strong> 925 Sterling Silver<br>
<strong>Finish:</strong> Rhodium Plated<br>
<strong>Size:</strong> 15mm<br>
<strong>Weight:</strong> 2g</p>

<p style=""font-family: Inter, sans-serif;""><strong>Fits all Orloff snake chain bracelets.</strong></p>

<p style=""font-family: Inter, sans-serif;""><strong>ORLOFF OF DENMARK.</strong></p>","Orloff of Denmark","Apparel & Accessories > Jewelry > Charms & Pendants","Charm","Animals, Line A, Charm Bracelet, 925 Silver","FALSE","","","","","","","ORCB123","2","shopify","10","deny","manual","49","","TRUE","TRUE","","https://cdn.shopify.com/s/files/1/0852/4428/1122/files/ORCB123.jpg","1","Horse Charm","FALSE","Horse Charm | Orloff of Denmark","Galloping horse with a brown enamel mane and tail, gold horseshoe bail.","","","","","","","","","","","","","","","g","","7.00","","","","","","","draft"
"clover-charm-purple","Clover Charm, Purple","<p style=""font-family: Inter, sans-serif;"">Purple enamel clover among pave hearts.</p>

<p style=""font-family: Inter, sans-serif;""><strong>Material:</strong> 925 Sterling Silver<br>
<strong>Finish:</strong> Rhodium Plated<br>
<strong>Stone:</strong> Stone: Purple<br>
<strong>Size:</strong> 11mm<br>
<strong>Weight:</strong> 2.4g</p>

<p style=""font-family: Inter, sans-serif;""><strong>Fits all Orloff snake chain bracelets.</strong></p>

<p style=""font-family: Inter, sans-serif;""><strong>ORLOFF OF DENMARK.</strong></p>","Orloff of Denmark","Apparel & Accessories > Jewelry > Charms & Pendants","Charm","Nature, Line A, Charm Bracelet, 925 Silver","FALSE","","","","","","","ORCB124","2","shopify","10","deny","manual","49","","TRUE","TRUE","","https://cdn.shopify.com/s/files/1/0852/4428/1122/files/ORCB124.jpg","1","Clover Charm, Purple","FALSE","Clover Charm, Purple | Orloff of Denmark","Purple enamel clover among pave hearts.","","","","","","","","","","","","","","","g","","7.22","","","","","","","draft"
"basketball-charm","Basketball Charm","<p style=""font-family: Inter, sans-serif;"">Red enamel basketball with a pave heart on the seam.</p>

<p style=""font-family: Inter, sans-serif;""><strong>Material:</strong> 925 Sterling Silver<br>
<strong>Finish:</strong> Rhodium Plated<br>
<strong>Stone:</strong> Stone: White<br>
<strong>Size:</strong> 9mm<br>
<strong>Weight:</strong> 2g</p>

<p style=""font-family: Inter, sans-serif;""><strong>Fits all Orloff snake chain bracelets.</strong></p>

<p style=""font-family: Inter, sans-serif;""><strong>ORLOFF OF DENMARK.</strong></p>","Orloff of Denmark","Apparel & Accessories > Jewelry > Charms & Pendants","Charm","Travel & Lifestyle, Line A, Charm Bracelet, 925 Silver","FALSE","","","","","","","ORCB125","2","shopify","9","deny","manual","39","","TRUE","TRUE","","https://cdn.shopify.com/s/files/1/0852/4428/1122/files/ORCB125.jpg","1","Basketball Charm","FALSE","Basketball Charm | Orloff of Denmark","Red enamel basketball with a pave heart on the seam.","","","","","","","","","","","","","","","g","","5.03","","","","","","","draft"
"cactus-charm","Cactus Charm","<p style=""font-family: Inter, sans-serif;"">Cactus dangle set with green stones and a silver flower.</p>

<p style=""font-family: Inter, sans-serif;""><strong>Material:</strong> 925 Sterling Silver<br>
<strong>Finish:</strong> Rhodium Plated<br>
<strong>Stone:</strong> Stone: Green<br>
<strong>Size:</strong> 10mm<br>
<strong>Weight:</strong> 1g</p>

<p style=""font-family: Inter, sans-serif;""><strong>Fits all Orloff snake chain bracelets.</strong></p>

<p style=""font-family: Inter, sans-serif;""><strong>ORLOFF OF DENMARK.</strong></p>","Orloff of Denmark","Apparel & Accessories > Jewelry > Charms & Pendants","Charm","Nature, Line A, Charm Bracelet, 925 Silver","FALSE","","","","","","","ORCB126","1","shopify","10","deny","manual","29","","TRUE","TRUE","","https://cdn.shopify.com/s/files/1/0852/4428/1122/files/ORCB126.jpg","1","Cactus Charm","FALSE","Cactus Charm | Orloff of Denmark","Cactus dangle set with green stones and a silver flower.","","","","","","","","","","","","","","","g","","3.43","","","","","","","draft"
"rabbit-and-strawberry-charm","Rabbit and Strawberry Charm","<p style=""font-family: Inter, sans-serif;"">Winking rabbit in a pink enamel basket with a red strawberry.</p>

<p style=""font-family: Inter, sans-serif;""><strong>Material:</strong> 925 Sterling Silver<br>
<strong>Finish:</strong> Rhodium Plated<br>
<strong>Size:</strong> 15mm<br>
<strong>Weight:</strong> 1.9g</p>

<p style=""font-family: Inter, sans-serif;""><strong>Fits all Orloff snake chain bracelets.</strong></p>

<p style=""font-family: Inter, sans-serif;""><strong>ORLOFF OF DENMARK.</strong></p>","Orloff of Denmark","Apparel & Accessories > Jewelry > Charms & Pendants","Charm","Animals, Line A, Charm Bracelet, 925 Silver","FALSE","","","","","","","ORCB127","2","shopify","10","deny","manual","39","","TRUE","TRUE","","https://cdn.shopify.com/s/files/1/0852/4428/1122/files/ORCB127.jpg","1","Rabbit and Strawberry Charm","FALSE","Rabbit and Strawberry Charm | Orloff of Denmark","Winking rabbit in a pink enamel basket with a red strawberry.","","","","","","","","","","","","","","","g","","4.59","","","","","","","draft"
"ladybird-charm","Ladybird Charm","<p style=""font-family: Inter, sans-serif;"">Red enamel ladybird with black spots and a yellow pear stone.</p>

<p style=""font-family: Inter, sans-serif;""><strong>Material:</strong> 925 Sterling Silver<br>
<strong>Finish:</strong> Rhodium Plated<br>
<strong>Stone:</strong> CZ+Enamel<br>
<strong>Size:</strong> 12mm<br>
<strong>Weight:</strong> 2.5g</p>

<p style=""font-family: Inter, sans-serif;""><strong>Fits all Orloff snake chain bracelets.</strong></p>

<p style=""font-family: Inter, sans-serif;""><strong>ORLOFF OF DENMARK.</strong></p>","Orloff of Denmark","Apparel & Accessories > Jewelry > Charms & Pendants","Charm","Animals, Line A, Charm Bracelet, 925 Silver","FALSE","","","","","","","ORCB128","2","shopify","10","deny","manual","49","","TRUE","TRUE","","https://cdn.shopify.com/s/files/1/0852/4428/1122/files/ORCB128.jpg","1","Ladybird Charm","FALSE","Ladybird Charm | Orloff of Denmark","Red enamel ladybird with black spots and a yellow pear stone.","","","","","","","","","","","","","","","g","","6.80","","","","","","","draft"
"two-cats-and-moon-charm","Two Cats and Moon Charm","<p style=""font-family: Inter, sans-serif;"">Pair of cats beside a crescent of blue stones.</p>

<p style=""font-family: Inter, sans-serif;""><strong>Material:</strong> 925 Sterling Silver<br>
<strong>Finish:</strong> Rhodium Plated<br>
<strong>Stone:</strong> Stone: Blue<br>
<strong>Size:</strong> 7mm<br>
<strong>Weight:</strong> 2g</p>

<p style=""font-family: Inter, sans-serif;""><strong>Fits all Orloff snake chain bracelets.</strong></p>

<p style=""font-family: Inter, sans-serif;""><strong>ORLOFF OF DENMARK.</strong></p>","Orloff of Denmark","Apparel & Accessories > Jewelry > Charms & Pendants","Charm","Animals, Line A, Charm Bracelet, 925 Silver","FALSE","","","","","","","ORCB129","2","shopify","9","deny","manual","39","","TRUE","TRUE","","https://cdn.shopify.com/s/files/1/0852/4428/1122/files/ORCB129.jpg","1","Two Cats and Moon Charm","FALSE","Two Cats and Moon Charm | Orloff of Denmark","Pair of cats beside a crescent of blue stones.","","","","","","","","","","","","","","","g","","4.55","","","","","","","draft"
"girl-charm","Girl Charm","<p style=""font-family: Inter, sans-serif;"">Girl figure dangle holding a basket, clear stones on the skirt.</p>

<p style=""font-family: Inter, sans-serif;""><strong>Material:</strong> 925 Sterling Silver<br>
<strong>Finish:</strong> Oxidized Silver<br>
<strong>Stone:</strong> White CZ<br>
<strong>Size:</strong> 20mm<br>
<strong>Weight:</strong> 1.45g</p>

<p style=""font-family: Inter, sans-serif;""><strong>Fits all Orloff snake chain bracelets.</strong></p>

<p style=""font-family: Inter, sans-serif;""><strong>ORLOFF OF DENMARK.</strong></p>","Orloff of Denmark","Apparel & Accessories > Jewelry > Charms & Pendants","Charm","Milestones & Sentiment, Line A, Charm Bracelet, 925 Silver","FALSE","","","","","","","ORCB13","1","shopify","9","deny","manual","29","","TRUE","TRUE","","https://cdn.shopify.com/s/files/1/0852/4428/1122/files/ORCB13.jpg","1","Girl Charm","FALSE","Girl Charm | Orloff of Denmark","Girl figure dangle holding a basket, clear stones on the skirt.","","","","","","","","","","","","","","","g","","3.30","","","","","","","draft"
"medical-chart-charm","Medical Chart Charm","<p style=""font-family: Inter, sans-serif;"">Clipboard with a stethoscope and red cross, gold heart dangle.</p>

<p style=""font-family: Inter, sans-serif;""><strong>Material:</strong> 925 Sterling Silver<br>
<strong>Finish:</strong> Rhodium Plated<br>
<strong>Size:</strong> 16mm<br>
<strong>Weight:</strong> 1.8g</p>

<p style=""font-family: Inter, sans-serif;""><strong>Fits all Orloff snake chain bracelets.</strong></p>

<p style=""font-family: Inter, sans-serif;""><strong>ORLOFF OF DENMARK.</strong></p>","Orloff of Denmark","Apparel & Accessories > Jewelry > Charms & Pendants","Charm","Travel & Lifestyle, Line A, Charm Bracelet, 925 Silver","FALSE","","","","","","","ORCB135","2","shopify","10","deny","manual","39","","TRUE","TRUE","","https://cdn.shopify.com/s/files/1/0852/4428/1122/files/ORCB135.jpg","1","Medical Chart Charm","FALSE","Medical Chart Charm | Orloff of Denmark","Clipboard with a stethoscope and red cross, gold heart dangle.","","","","","","","","","","","","","","","g","","4.97","","","","","","","draft"
"camera-charm-pink","Camera Charm, Pink","<p style=""font-family: Inter, sans-serif;"">Pink enamel camera with a clear stone lens and flower detail.</p>

<p style=""font-family: Inter, sans-serif;""><strong>Material:</strong> 925 Sterling Silver<br>
<strong>Finish:</strong> Rhodium Plated<br>
<strong>Stone:</strong> CZ+Enamel<br>
<strong>Size:</strong> 11mm<br>
<strong>Weight:</strong> 2.1g</p>

<p style=""font-family: Inter, sans-serif;""><strong>Fits all Orloff snake chain bracelets.</strong></p>

<p style=""font-family: Inter, sans-serif;""><strong>ORLOFF OF DENMARK.</strong></p>","Orloff of Denmark","Apparel & Accessories > Jewelry > Charms & Pendants","Charm","Travel & Lifestyle, Line A, Charm Bracelet, 925 Silver","FALSE","","","","","","","ORCB136","2","shopify","10","deny","manual","39","","TRUE","TRUE","","https://cdn.shopify.com/s/files/1/0852/4428/1122/files/ORCB136.jpg","1","Camera Charm, Pink","FALSE","Camera Charm, Pink | Orloff of Denmark","Pink enamel camera with a clear stone lens and flower detail.","","","","","","","","","","","","","","","g","","4.98","","","","","","","draft"
"elephant-charm-pink-and-green","Elephant Charm, Pink and Green","<p style=""font-family: Inter, sans-serif;"">Elephant with pink pave ears and a green pave headdress.</p>

<p style=""font-family: Inter, sans-serif;""><strong>Material:</strong> 925 Sterling Silver<br>
<strong>Finish:</strong> Rhodium Plated<br>
<strong>Stone:</strong> Stone: Muti-color<br>
<strong>Size:</strong> 11mm<br>
<strong>Weight:</strong> 3.2g</p>

<p style=""font-family: Inter, sans-serif;""><strong>Fits all Orloff snake chain bracelets.</strong></p>

<p style=""font-family: Inter, sans-serif;""><strong>ORLOFF OF DENMARK.</strong></p>","Orloff of Denmark","Apparel & Accessories > Jewelry > Charms & Pendants","Charm","Animals, Line A, Charm Bracelet, 925 Silver","FALSE","","","","","","","ORCB137","3","shopify","10","deny","manual","39","","TRUE","TRUE","","https://cdn.shopify.com/s/files/1/0852/4428/1122/files/ORCB137.jpg","1","Elephant Charm, Pink and Green","FALSE","Elephant Charm, Pink and Green | Orloff of Denmark","Elephant with pink pave ears and a green pave headdress.","","","","","","","","","","","","","","","g","","6.07","","","","","","","draft"
"lucky-clover-heart-charm","Lucky Clover Heart Charm","<p style=""font-family: Inter, sans-serif;"">Rose gold heart lettered Lucky with a green enamel clover.</p>

<p style=""font-family: Inter, sans-serif;""><strong>Material:</strong> 925 Sterling Silver<br>
<strong>Finish:</strong> Rose Gold Plated<br>
<strong>Size:</strong> 7mm<br>
<strong>Weight:</strong> 1.7g</p>

<p style=""font-family: Inter, sans-serif;""><strong>Fits all Orloff snake chain bracelets.</strong></p>

<p style=""font-family: Inter, sans-serif;""><strong>ORLOFF OF DENMARK.</strong></p>","Orloff of Denmark","Apparel & Accessories > Jewelry > Charms & Pendants","Charm","Milestones & Sentiment, Line A, Charm Bracelet, 925 Silver","FALSE","","","","","","","ORCB138","2","shopify","10","deny","manual","29","","TRUE","TRUE","","https://cdn.shopify.com/s/files/1/0852/4428/1122/files/ORCB138.jpg","1","Lucky Clover Heart Charm","FALSE","Lucky Clover Heart Charm | Orloff of Denmark","Rose gold heart lettered Lucky with a green enamel clover.","","","","","","","","","","","","","","","g","","4.27","","","","","","","draft"
"sunflower-charm","Sunflower Charm","<p style=""font-family: Inter, sans-serif;"">Faceted yellow stone in a petalled frame with green stone leaves.</p>

<p style=""font-family: Inter, sans-serif;""><strong>Material:</strong> 925 Sterling Silver<br>
<strong>Finish:</strong> Rhodium Plated<br>
<strong>Stone:</strong> Stone: Yellow+Green<br>
<strong>Size:</strong> 7mm<br>
<strong>Weight:</strong> 3.5g</p>

<p style=""font-family: Inter, sans-serif;""><strong>Fits all Orloff snake chain bracelets.</strong></p>

<p style=""font-family: Inter, sans-serif;""><strong>ORLOFF OF DENMARK.</strong></p>","Orloff of Denmark","Apparel & Accessories > Jewelry > Charms & Pendants","Charm","Nature, Line A, Charm Bracelet, 925 Silver","FALSE","","","","","","","ORCB139","4","shopify","9","deny","manual","49","","TRUE","TRUE","","https://cdn.shopify.com/s/files/1/0852/4428/1122/files/ORCB139.jpg","1","Sunflower Charm","FALSE","Sunflower Charm | Orloff of Denmark","Faceted yellow stone in a petalled frame with green stone leaves.","","","","","","","","","","","","","","","g","","8.40","","","","","","","draft"
"couple-in-a-boat-charm","Couple in a Boat Charm","<p style=""font-family: Inter, sans-serif;"">Two figures in a boat with a red enamel heart and turquoise trim.</p>

<p style=""font-family: Inter, sans-serif;""><strong>Material:</strong> 925 Sterling Silver<br>
<strong>Finish:</strong> Oxidized Silver<br>
<strong>Stone:</strong> White CZ+Red &Blue Enamel<br>
<strong>Size:</strong> 18mm<br>
<strong>Weight:</strong> 1.36g</p>

<p style=""font-family: Inter, sans-serif;""><strong>Fits all Orloff snake chain bracelets.</strong></p>

<p style=""font-family: Inter, sans-serif;""><strong>ORLOFF OF DENMARK.</strong></p>","Orloff of Denmark","Apparel & Accessories > Jewelry > Charms & Pendants","Charm","Milestones & Sentiment, Line A, Charm Bracelet, 925 Silver","FALSE","","","","","","","ORCB14","1","shopify","9","deny","manual","29","","TRUE","TRUE","","https://cdn.shopify.com/s/files/1/0852/4428/1122/files/ORCB14.jpg","1","Couple in a Boat Charm","FALSE","Couple in a Boat Charm | Orloff of Denmark","Two figures in a boat with a red enamel heart and turquoise trim.","","","","","","","","","","","","","","","g","","3.77","","","","","","","draft"
"rainbow-charm","Rainbow Charm","<p style=""font-family: Inter, sans-serif;"">Bands of coloured enamel with a white cloud.</p>

<p style=""font-family: Inter, sans-serif;""><strong>Material:</strong> 925 Sterling Silver<br>
<strong>Finish:</strong> Rhodium Plated<br>
<strong>Size:</strong> 12mm<br>
<strong>Weight:</strong> 2.4g</p>

<p style=""font-family: Inter, sans-serif;""><strong>Fits all Orloff snake chain bracelets.</strong></p>

<p style=""font-family: Inter, sans-serif;""><strong>ORLOFF OF DENMARK.</strong></p>","Orloff of Denmark","Apparel & Accessories > Jewelry > Charms & Pendants","Charm","Nature, Line A, Charm Bracelet, 925 Silver","FALSE","","","","","","","ORCB140","2","shopify","10","deny","manual","39","","TRUE","TRUE","","https://cdn.shopify.com/s/files/1/0852/4428/1122/files/ORCB140.jpg","1","Rainbow Charm","FALSE","Rainbow Charm | Orloff of Denmark","Bands of coloured enamel with a white cloud.","","","","","","","","","","","","","","","g","","4.69","","","","","","","draft"
"mermaid-charm","Mermaid Charm","<p style=""font-family: Inter, sans-serif;"">Mermaid dangle with a blue glitter tail and a pink flower in her hair.</p>

<p style=""font-family: Inter, sans-serif;""><strong>Material:</strong> 925 Sterling Silver<br>
<strong>Finish:</strong> Rhodium Plated<br>
<strong>Size:</strong> 20mm<br>
<strong>Weight:</strong> 2.6g</p>

<p style=""font-family: Inter, sans-serif;""><strong>Fits all Orloff snake chain bracelets.</strong></p>

<p style=""font-family: Inter, sans-serif;""><strong>ORLOFF OF DENMARK.</strong></p>","Orloff of Denmark","Apparel & Accessories > Jewelry > Charms & Pendants","Charm","Animals, Line A, Charm Bracelet, 925 Silver","FALSE","","","","","","","ORCB142","3","shopify","10","deny","manual","39","","TRUE","TRUE","","https://cdn.shopify.com/s/files/1/0852/4428/1122/files/ORCB142.jpg","1","Mermaid Charm","FALSE","Mermaid Charm | Orloff of Denmark","Mermaid dangle with a blue glitter tail and a pink flower in her hair.","","","","","","","","","","","","","","","g","","5.23","","","","","","","draft"
"best-friends-charm","Best Friends Charm","<p style=""font-family: Inter, sans-serif;"">Pink enamel heart lettered BFF with two yellow smiling faces.</p>

<p style=""font-family: Inter, sans-serif;""><strong>Material:</strong> 925 Sterling Silver<br>
<strong>Finish:</strong> Rhodium Plated<br>
<strong>Size:</strong> 15mm<br>
<strong>Weight:</strong> 2.7g</p>

<p style=""font-family: Inter, sans-serif;""><strong>Fits all Orloff snake chain bracelets.</strong></p>

<p style=""font-family: Inter, sans-serif;""><strong>ORLOFF OF DENMARK.</strong></p>","Orloff of Denmark","Apparel & Accessories > Jewelry > Charms & Pendants","Charm","Milestones & Sentiment, Line A, Charm Bracelet, 925 Silver","FALSE","","","","","","","ORCB144","3","shopify","10","deny","manual","39","","TRUE","TRUE","","https://cdn.shopify.com/s/files/1/0852/4428/1122/files/ORCB144.jpg","1","Best Friends Charm","FALSE","Best Friends Charm | Orloff of Denmark","Pink enamel heart lettered BFF with two yellow smiling faces.","","","","","","","","","","","","","","","g","","5.69","","","","","","","draft"
"daisy-charm-gold-and-white","Daisy Charm, Gold and White","<p style=""font-family: Inter, sans-serif;"">Gold and white enamel petals around a yellow stone.</p>

<p style=""font-family: Inter, sans-serif;""><strong>Material:</strong> 925 Sterling Silver<br>
<strong>Finish:</strong> 14K Gold Plated<br>
<strong>Stone:</strong> CZ+Enamel<br>
<strong>Size:</strong> 12mm<br>
<strong>Weight:</strong> 2.3g</p>

<p style=""font-family: Inter, sans-serif;""><strong>Fits all Orloff snake chain bracelets.</strong></p>

<p style=""font-family: Inter, sans-serif;""><strong>ORLOFF OF DENMARK.</strong></p>","Orloff of Denmark","Apparel & Accessories > Jewelry > Charms & Pendants","Charm","Nature, Line A, Charm Bracelet, 925 Silver","FALSE","","","","","","","ORCB145","2","shopify","15","deny","manual","39","","TRUE","TRUE","","https://cdn.shopify.com/s/files/1/0852/4428/1122/files/ORCB145.jpg","1","Daisy Charm, Gold and White","FALSE","Daisy Charm, Gold and White | Orloff of Denmark","Gold and white enamel petals around a yellow stone.","","","","","","","","","","","","","","","g","","6.13","","","","","","","draft"
"ships-wheel-charm","Ship's Wheel Charm","<p style=""font-family: Inter, sans-serif;"">Ship's wheel framing a rose gold anchor and heart.</p>

<p style=""font-family: Inter, sans-serif;""><strong>Material:</strong> 925 Sterling Silver<br>
<strong>Finish:</strong> Rhodium Plated<br>
<strong>Stone:</strong> Stone: White<br>
<strong>Size:</strong> 11mm<br>
<strong>Weight:</strong> 1g</p>

<p style=""font-family: Inter, sans-serif;""><strong>Fits all Orloff snake chain bracelets.</strong></p>

<p style=""font-family: Inter, sans-serif;""><strong>ORLOFF OF DENMARK.</strong></p>","Orloff of Denmark","Apparel & Accessories > Jewelry > Charms & Pendants","Charm","Travel & Lifestyle, Line A, Charm Bracelet, 925 Silver","FALSE","","","","","","","ORCB146","1","shopify","10","deny","manual","29","","TRUE","TRUE","","https://cdn.shopify.com/s/files/1/0852/4428/1122/files/ORCB146.jpg","1","Ship's Wheel Charm","FALSE","Ship's Wheel Charm | Orloff of Denmark","Ship's wheel framing a rose gold anchor and heart.","","","","","","","","","","","","","","","g","","4.20","","","","","","","draft"
"giraffe-charm","Giraffe Charm","<p style=""font-family: Inter, sans-serif;"">Yellow enamel giraffe dangle with silver markings.</p>

<p style=""font-family: Inter, sans-serif;""><strong>Material:</strong> 925 Sterling Silver<br>
<strong>Finish:</strong> Rhodium Plated<br>
<strong>Size:</strong> 18mm<br>
<strong>Weight:</strong> 1.7g</p>

<p style=""font-family: Inter, sans-serif;""><strong>Fits all Orloff snake chain bracelets.</strong></p>

<p style=""font-family: Inter, sans-serif;""><strong>ORLOFF OF DENMARK.</strong></p>","Orloff of Denmark","Apparel & Accessories > Jewelry > Charms & Pendants","Charm","Animals, Line A, Charm Bracelet, 925 Silver","FALSE","","","","","","","ORCB149","2","shopify","10","deny","manual","39","","TRUE","TRUE","","https://cdn.shopify.com/s/files/1/0852/4428/1122/files/ORCB149.jpg","1","Giraffe Charm","FALSE","Giraffe Charm | Orloff of Denmark","Yellow enamel giraffe dangle with silver markings.","","","","","","","","","","","","","","","g","","4.51","","","","","","","draft"
"footballer-charm","Footballer Charm","<p style=""font-family: Inter, sans-serif;"">Boy in a cap holding a black and white enamel football.</p>

<p style=""font-family: Inter, sans-serif;""><strong>Material:</strong> 925 Sterling Silver<br>
<strong>Finish:</strong> Oxidized Silver<br>
<strong>Stone:</strong> Black Enamel<br>
<strong>Size:</strong> 22mm<br>
<strong>Weight:</strong> 1.97g</p>

<p style=""font-family: Inter, sans-serif;""><strong>Fits all Orloff snake chain bracelets.</strong></p>

<p style=""font-family: Inter, sans-serif;""><strong>ORLOFF OF DENMARK.</strong></p>","Orloff of Denmark","Apparel & Accessories > Jewelry > Charms & Pendants","Charm","Travel & Lifestyle, Line A, Charm Bracelet, 925 Silver","FALSE","","","","","","","ORCB15","2","shopify","10","deny","manual","29","","TRUE","TRUE","","https://cdn.shopify.com/s/files/1/0852/4428/1122/files/ORCB15.jpg","1","Footballer Charm","FALSE","Footballer Charm | Orloff of Denmark","Boy in a cap holding a black and white enamel football.","","","","","","","","","","","","","","","g","","3.50","","","","","","","draft"
"lucky-star-charm-gold","Lucky Star Charm, Gold","<p style=""font-family: Inter, sans-serif;"">Gold star bead engraved you are my lucky star.</p>

<p style=""font-family: Inter, sans-serif;""><strong>Material:</strong> 925 Sterling Silver<br>
<strong>Finish:</strong> 14K Gold Plated<br>
<strong>Size:</strong> 10mm<br>
<strong>Weight:</strong> 3g</p>

<p style=""font-family: Inter, sans-serif;""><strong>Fits all Orloff snake chain bracelets.</strong></p>

<p style=""font-family: Inter, sans-serif;""><strong>ORLOFF OF DENMARK.</strong></p>","Orloff of Denmark","Apparel & Accessories > Jewelry > Charms & Pendants","Charm","Milestones & Sentiment, Line A, Charm Bracelet, 925 Silver","FALSE","","","","","","","ORCB150","3","shopify","9","deny","manual","39","","TRUE","TRUE","","https://cdn.shopify.com/s/files/1/0852/4428/1122/files/ORCB150.jpg","1","Lucky Star Charm, Gold","FALSE","Lucky Star Charm, Gold | Orloff of Denmark","Gold star bead engraved you are my lucky star.","","","","","","","","","","","","","","","g","","4.85","","","","","","","draft"
"sunflower-charm-gold","Sunflower Charm, Gold","<p style=""font-family: Inter, sans-serif;"">Gold petals around a pave centre.</p>

<p style=""font-family: Inter, sans-serif;""><strong>Material:</strong> 925 Sterling Silver<br>
<strong>Finish:</strong> Rhodium Plated<br>
<strong>Stone:</strong> Stone: White<br>
<strong>Size:</strong> 13mm<br>
<strong>Weight:</strong> 1.5g</p>

<p style=""font-family: Inter, sans-serif;""><strong>Fits all Orloff snake chain bracelets.</strong></p>

<p style=""font-family: Inter, sans-serif;""><strong>ORLOFF OF DENMARK.</strong></p>","Orloff of Denmark","Apparel & Accessories > Jewelry > Charms & Pendants","Charm","Nature, Line A, Charm Bracelet, 925 Silver","FALSE","","","","","","","ORCB151","2","shopify","9","deny","manual","39","","TRUE","TRUE","","https://cdn.shopify.com/s/files/1/0852/4428/1122/files/ORCB151.jpg","1","Sunflower Charm, Gold","FALSE","Sunflower Charm, Gold | Orloff of Denmark","Gold petals around a pave centre.","","","","","","","","","","","","","","","g","","5.03","","","","","","","draft"
"stars-and-moon-charm-blue","Stars and Moon Charm, Blue","<p style=""font-family: Inter, sans-serif;"">Cut-out stars and crescents with blue stones, engraved QUEEN.</p>

<p style=""font-family: Inter, sans-serif;""><strong>Material:</strong> 925 Sterling Silver<br>
<strong>Finish:</strong> Rhodium Plated<br>
<strong>Stone:</strong> Stone: Blue<br>
<strong>Size:</strong> 11mm<br>
<strong>Weight:</strong> 3g</p>

<p style=""font-family: Inter, sans-serif;""><strong>Fits all Orloff snake chain bracelets.</strong></p>

<p style=""font-family: Inter, sans-serif;""><strong>ORLOFF OF DENMARK.</strong></p>","Orloff of Denmark","Apparel & Accessories > Jewelry > Charms & Pendants","Charm","Nature, Line A, Charm Bracelet, 925 Silver","FALSE","","","","","","","ORCB152","3","shopify","10","deny","manual","49","","TRUE","TRUE","","https://cdn.shopify.com/s/files/1/0852/4428/1122/files/ORCB152.jpg","1","Stars and Moon Charm, Blue","FALSE","Stars and Moon Charm, Blue | Orloff of Denmark","Cut-out stars and crescents with blue stones, engraved QUEEN.","","","","","","","","","","","","","","","g","","6.82","","","","","","","draft"
"flower-heart-charm","Flower Heart Charm","<p style=""font-family: Inter, sans-serif;"">Polished heart with pink stone flowers and green enamel leaves.</p>

<p style=""font-family: Inter, sans-serif;""><strong>Material:</strong> 925 Sterling Silver<br>
<strong>Finish:</strong> Oxidized Silver<br>
<strong>Stone:</strong> Pink CZ & White CZ + Green Enamel<br>
<strong>Size:</strong> 10.5mm<br>
<strong>Weight:</strong> 2.30g</p>

<p style=""font-family: Inter, sans-serif;""><strong>Fits all Orloff snake chain bracelets.</strong></p>

<p style=""font-family: Inter, sans-serif;""><strong>ORLOFF OF DENMARK.</strong></p>","Orloff of Denmark","Apparel & Accessories > Jewelry > Charms & Pendants","Charm","Milestones & Sentiment, Line A, Charm Bracelet, 925 Silver","FALSE","","","","","","","ORCB153","2","shopify","10","deny","manual","39","","TRUE","TRUE","","https://cdn.shopify.com/s/files/1/0852/4428/1122/files/ORCB153.jpg","1","Flower Heart Charm","FALSE","Flower Heart Charm | Orloff of Denmark","Polished heart with pink stone flowers and green enamel leaves.","","","","","","","","","","","","","","","g","","5.47","","","","","","","draft"
"i-love-my-family-charm","I Love My Family Charm","<p style=""font-family: Inter, sans-serif;"">Girl embracing a heart lettered I love my family.</p>

<p style=""font-family: Inter, sans-serif;""><strong>Material:</strong> 925 Sterling Silver<br>
<strong>Finish:</strong> Oxidized Silver<br>
<strong>Stone:</strong> Red Enamel<br>
<strong>Size:</strong> 12mm<br>
<strong>Weight:</strong> 2.40g</p>

<p style=""font-family: Inter, sans-serif;""><strong>Fits all Orloff snake chain bracelets.</strong></p>

<p style=""font-family: Inter, sans-serif;""><strong>ORLOFF OF DENMARK.</strong></p>","Orloff of Denmark","Apparel & Accessories > Jewelry > Charms & Pendants","Charm","Milestones & Sentiment, Line A, Charm Bracelet, 925 Silver","FALSE","","","","","","","ORCB154","2","shopify","10","deny","manual","39","","TRUE","TRUE","","https://cdn.shopify.com/s/files/1/0852/4428/1122/files/ORCB154.jpg","1","I Love My Family Charm","FALSE","I Love My Family Charm | Orloff of Denmark","Girl embracing a heart lettered I love my family.","","","","","","","","","","","","","","","g","","5.47","","","","","","","draft"
"cocktail-charm","Cocktail Charm","<p style=""font-family: Inter, sans-serif;"">Footed glass with a straw and a slice of fruit on the rim.</p>

<p style=""font-family: Inter, sans-serif;""><strong>Material:</strong> 925 Sterling Silver<br>
<strong>Finish:</strong> Oxidized Silver<br>
<strong>Stone:</strong> Green & Pink Enamel<br>
<strong>Size:</strong> 12mm<br>
<strong>Weight:</strong> 1.80g</p>

<p style=""font-family: Inter, sans-serif;""><strong>Fits all Orloff snake chain bracelets.</strong></p>

<p style=""font-family: Inter, sans-serif;""><strong>ORLOFF OF DENMARK.</strong></p>","Orloff of Denmark","Apparel & Accessories > Jewelry > Charms & Pendants","Charm","Travel & Lifestyle, Line A, Charm Bracelet, 925 Silver","FALSE","","","","","","","ORCB155","2","shopify","10","deny","manual","39","","TRUE","TRUE","","https://cdn.shopify.com/s/files/1/0852/4428/1122/files/ORCB155.jpg","1","Cocktail Charm","FALSE","Cocktail Charm | Orloff of Denmark","Footed glass with a straw and a slice of fruit on the rim.","","","","","","","","","","","","","","","g","","4.59","","","","","","","draft"
"shopping-bag-charm","Shopping Bag Charm","<p style=""font-family: Inter, sans-serif;"">Bag with rope handles, a pink pave heart and the words go shopping.</p>

<p style=""font-family: Inter, sans-serif;""><strong>Material:</strong> 925 Sterling Silver<br>
<strong>Finish:</strong> Oxidized Silver<br>
<strong>Stone:</strong> Red CZ<br>
<strong>Size:</strong> 11.5mm<br>
<strong>Weight:</strong> 2.30g</p>

<p style=""font-family: Inter, sans-serif;""><strong>Fits all Orloff snake chain bracelets.</strong></p>

<p style=""font-family: Inter, sans-serif;""><strong>ORLOFF OF DENMARK.</strong></p>","Orloff of Denmark","Apparel & Accessories > Jewelry > Charms & Pendants","Charm","Travel & Lifestyle, Line A, Charm Bracelet, 925 Silver","FALSE","","","","","","","ORCB156","2","shopify","10","deny","manual","39","","TRUE","TRUE","","https://cdn.shopify.com/s/files/1/0852/4428/1122/files/ORCB156.jpg","1","Shopping Bag Charm","FALSE","Shopping Bag Charm | Orloff of Denmark","Bag with rope handles, a pink pave heart and the words go shopping.","","","","","","","","","","","","","","","g","","5.03","","","","","","","draft"
"heartbeat-charm","Heartbeat Charm","<p style=""font-family: Inter, sans-serif;"">Pave heart crossed by an ECG line ending in a red enamel heart.</p>

<p style=""font-family: Inter, sans-serif;""><strong>Material:</strong> 925 Sterling Silver<br>
<strong>Finish:</strong> Oxidized Silver<br>
<strong>Stone:</strong> White CZ & Red Enamel<br>
<strong>Size:</strong> 10mm<br>
<strong>Weight:</strong> 1.80g</p>

<p style=""font-family: Inter, sans-serif;""><strong>Fits all Orloff snake chain bracelets.</strong></p>

<p style=""font-family: Inter, sans-serif;""><strong>ORLOFF OF DENMARK.</strong></p>","Orloff of Denmark","Apparel & Accessories > Jewelry > Charms & Pendants","Charm","Milestones & Sentiment, Line A, Charm Bracelet, 925 Silver","FALSE","","","","","","","ORCB157","2","shopify","9","deny","manual","39","","TRUE","TRUE","","https://cdn.shopify.com/s/files/1/0852/4428/1122/files/ORCB157.jpg","1","Heartbeat Charm","FALSE","Heartbeat Charm | Orloff of Denmark","Pave heart crossed by an ECG line ending in a red enamel heart.","","","","","","","","","","","","","","","g","","5.03","","","","","","","draft"
"cool-drink-charm","Cool Drink Charm","<p style=""font-family: Inter, sans-serif;"">Cup with a blue enamel rim, a straw and a face in dark sunglasses.</p>

<p style=""font-family: Inter, sans-serif;""><strong>Material:</strong> 925 Sterling Silver<br>
<strong>Finish:</strong> Oxidized Silver<br>
<strong>Stone:</strong> Enamel<br>
<strong>Size:</strong> 13mm<br>
<strong>Weight:</strong> 2.20g</p>

<p style=""font-family: Inter, sans-serif;""><strong>Fits all Orloff snake chain bracelets.</strong></p>

<p style=""font-family: Inter, sans-serif;""><strong>ORLOFF OF DENMARK.</strong></p>","Orloff of Denmark","Apparel & Accessories > Jewelry > Charms & Pendants","Charm","Travel & Lifestyle, Line A, Charm Bracelet, 925 Silver","FALSE","","","","","","","ORCB159","2","shopify","10","deny","manual","39","","TRUE","TRUE","","https://cdn.shopify.com/s/files/1/0852/4428/1122/files/ORCB159.jpg","1","Cool Drink Charm","FALSE","Cool Drink Charm | Orloff of Denmark","Cup with a blue enamel rim, a straw and a face in dark sunglasses.","","","","","","","","","","","","","","","g","","5.03","","","","","","","draft"
"gondola-charm","Gondola Charm","<p style=""font-family: Inter, sans-serif;"">Gondolier poling a gondola, pink and blue enamel.</p>

<p style=""font-family: Inter, sans-serif;""><strong>Material:</strong> 925 Sterling Silver<br>
<strong>Finish:</strong> Oxidized Silver<br>
<strong>Stone:</strong> Blue+ Pink Enamel<br>
<strong>Size:</strong> 11mm<br>
<strong>Weight:</strong> 1.81g</p>

<p style=""font-family: Inter, sans-serif;""><strong>Fits all Orloff snake chain bracelets.</strong></p>

<p style=""font-family: Inter, sans-serif;""><strong>ORLOFF OF DENMARK.</strong></p>","Orloff of Denmark","Apparel & Accessories > Jewelry > Charms & Pendants","Charm","Travel & Lifestyle, Line A, Charm Bracelet, 925 Silver","FALSE","","","","","","","ORCB16","2","shopify","10","deny","manual","29","","TRUE","TRUE","","https://cdn.shopify.com/s/files/1/0852/4428/1122/files/ORCB16.jpg","1","Gondola Charm","FALSE","Gondola Charm | Orloff of Denmark","Gondolier poling a gondola, pink and blue enamel.","","","","","","","","","","","","","","","g","","3.72","","","","","","","draft"
"casino-charm","Casino Charm","<p style=""font-family: Inter, sans-serif;"">Slot machine showing three red sevens under a CASINO sign.</p>

<p style=""font-family: Inter, sans-serif;""><strong>Material:</strong> 925 Sterling Silver<br>
<strong>Finish:</strong> Oxidized Silver<br>
<strong>Stone:</strong> Light Green Enamel<br>
<strong>Size:</strong> 9.5mm<br>
<strong>Weight:</strong> 2.10g</p>

<p style=""font-family: Inter, sans-serif;""><strong>Fits all Orloff snake chain bracelets.</strong></p>

<p style=""font-family: Inter, sans-serif;""><strong>ORLOFF OF DENMARK.</strong></p>","Orloff of Denmark","Apparel & Accessories > Jewelry > Charms & Pendants","Charm","Travel & Lifestyle, Line A, Charm Bracelet, 925 Silver","FALSE","","","","","","","ORCB160","2","shopify","10","deny","manual","39","","TRUE","TRUE","","https://cdn.shopify.com/s/files/1/0852/4428/1122/files/ORCB160.jpg","1","Casino Charm","FALSE","Casino Charm | Orloff of Denmark","Slot machine showing three red sevens under a CASINO sign.","","","","","","","","","","","","","","","g","","5.03","","","","","","","draft"
"gift-box-charm","Gift Box Charm","<p style=""font-family: Inter, sans-serif;"">Wrapped box with a red enamel ribbon, pink spots and a pink bow.</p>

<p style=""font-family: Inter, sans-serif;""><strong>Material:</strong> 925 Sterling Silver<br>
<strong>Finish:</strong> Oxidized Silver<br>
<strong>Stone:</strong> Red & Pink Enamel<br>
<strong>Size:</strong> 11.5mm<br>
<strong>Weight:</strong> 2.40g</p>

<p style=""font-family: Inter, sans-serif;""><strong>Fits all Orloff snake chain bracelets.</strong></p>

<p style=""font-family: Inter, sans-serif;""><strong>ORLOFF OF DENMARK.</strong></p>","Orloff of Denmark","Apparel & Accessories > Jewelry > Charms & Pendants","Charm","Milestones & Sentiment, Line A, Charm Bracelet, 925 Silver","FALSE","","","","","","","ORCB161","2","shopify","10","deny","manual","39","","TRUE","TRUE","","https://cdn.shopify.com/s/files/1/0852/4428/1122/files/ORCB161.jpg","1","Gift Box Charm","FALSE","Gift Box Charm | Orloff of Denmark","Wrapped box with a red enamel ribbon, pink spots and a pink bow.","","","","","","","","","","","","","","","g","","5.47","","","","","","","draft"
"wristwatch-charm","Wristwatch Charm","<p style=""font-family: Inter, sans-serif;"">Silver watch face on a green enamel strap.</p>

<p style=""font-family: Inter, sans-serif;""><strong>Material:</strong> 925 Sterling Silver<br>
<strong>Finish:</strong> Oxidized Silver<br>
<strong>Stone:</strong> Green Enamel<br>
<strong>Size:</strong> 13mm<br>
<strong>Weight:</strong> 1.50g</p>

<p style=""font-family: Inter, sans-serif;""><strong>Fits all Orloff snake chain bracelets.</strong></p>

<p style=""font-family: Inter, sans-serif;""><strong>ORLOFF OF DENMARK.</strong></p>","Orloff of Denmark","Apparel & Accessories > Jewelry > Charms & Pendants","Charm","Travel & Lifestyle, Line A, Charm Bracelet, 925 Silver","FALSE","","","","","","","ORCB162","2","shopify","9","deny","manual","29","","TRUE","TRUE","","https://cdn.shopify.com/s/files/1/0852/4428/1122/files/ORCB162.jpg","1","Wristwatch Charm","FALSE","Wristwatch Charm | Orloff of Denmark","Silver watch face on a green enamel strap.","","","","","","","","","","","","","","","g","","4.38","","","","","","","draft"
"hot-air-balloon-charm","Hot Air Balloon Charm","<p style=""font-family: Inter, sans-serif;"">Rainbow enamel balloon lettered LOVE with a heart dangle.</p>

<p style=""font-family: Inter, sans-serif;""><strong>Material:</strong> 925 Sterling Silver<br>
<strong>Finish:</strong> Oxidized Silver<br>
<strong>Stone:</strong> Pink & White CZ + Green & Pink &<br>
<strong>Size:</strong> 18mm<br>
<strong>Weight:</strong> 2.20g</p>

<p style=""font-family: Inter, sans-serif;""><strong>Fits all Orloff snake chain bracelets.</strong></p>

<p style=""font-family: Inter, sans-serif;""><strong>ORLOFF OF DENMARK.</strong></p>","Orloff of Denmark","Apparel & Accessories > Jewelry > Charms & Pendants","Charm","Travel & Lifestyle, Line A, Charm Bracelet, 925 Silver","FALSE","","","","","","","ORCB163","2","shopify","10","deny","manual","39","","TRUE","TRUE","","https://cdn.shopify.com/s/files/1/0852/4428/1122/files/ORCB163.jpg","1","Hot Air Balloon Charm","FALSE","Hot Air Balloon Charm | Orloff of Denmark","Rainbow enamel balloon lettered LOVE with a heart dangle.","","","","","","","","","","","","","","","g","","5.47","","","","","","","draft"
"birthday-cake-charm","Birthday Cake Charm","<p style=""font-family: Inter, sans-serif;"">Tiered cake with three candles, lettered birthday.</p>

<p style=""font-family: Inter, sans-serif;""><strong>Material:</strong> 925 Sterling Silver<br>
<strong>Finish:</strong> Oxidized Silver<br>
<strong>Size:</strong> 9.5mm<br>
<strong>Weight:</strong> 2.10g</p>

<p style=""font-family: Inter, sans-serif;""><strong>Fits all Orloff snake chain bracelets.</strong></p>

<p style=""font-family: Inter, sans-serif;""><strong>ORLOFF OF DENMARK.</strong></p>","Orloff of Denmark","Apparel & Accessories > Jewelry > Charms & Pendants","Charm","Milestones & Sentiment, Line A, Charm Bracelet, 925 Silver","FALSE","","","","","","","ORCB164","2","shopify","10","deny","manual","39","","TRUE","TRUE","","https://cdn.shopify.com/s/files/1/0852/4428/1122/files/ORCB164.jpg","1","Birthday Cake Charm","FALSE","Birthday Cake Charm | Orloff of Denmark","Tiered cake with three candles, lettered birthday.","","","","","","","","","","","","","","","g","","4.59","","","","","","","draft"
"ice-lolly-charm","Ice Lolly Charm","<p style=""font-family: Inter, sans-serif;"">Lolly in cream and chocolate enamel on a silver stick.</p>

<p style=""font-family: Inter, sans-serif;""><strong>Material:</strong> 925 Sterling Silver<br>
<strong>Finish:</strong> Oxidized Silver<br>
<strong>Stone:</strong> Milky Pink & Brown Enamel<br>
<strong>Size:</strong> 12.5mm<br>
<strong>Weight:</strong> 1.70g</p>

<p style=""font-family: Inter, sans-serif;""><strong>Fits all Orloff snake chain bracelets.</strong></p>

<p style=""font-family: Inter, sans-serif;""><strong>ORLOFF OF DENMARK.</strong></p>","Orloff of Denmark","Apparel & Accessories > Jewelry > Charms & Pendants","Charm","Travel & Lifestyle, Line A, Charm Bracelet, 925 Silver","FALSE","","","","","","","ORCB165","2","shopify","10","deny","manual","39","","TRUE","TRUE","","https://cdn.shopify.com/s/files/1/0852/4428/1122/files/ORCB165.jpg","1","Ice Lolly Charm","FALSE","Ice Lolly Charm | Orloff of Denmark","Lolly in cream and chocolate enamel on a silver stick.","","","","","","","","","","","","","","","g","","4.59","","","","","","","draft"
"carrot-charm","Carrot Charm","<p style=""font-family: Inter, sans-serif;"">Orange enamel carrot with a green enamel top.</p>

<p style=""font-family: Inter, sans-serif;""><strong>Material:</strong> 925 Sterling Silver<br>
<strong>Finish:</strong> Oxidized Silver<br>
<strong>Stone:</strong> Green & Orange Enamel<br>
<strong>Size:</strong> 15mm<br>
<strong>Weight:</strong> 1.80g</p>

<p style=""font-family: Inter, sans-serif;""><strong>Fits all Orloff snake chain bracelets.</strong></p>

<p style=""font-family: Inter, sans-serif;""><strong>ORLOFF OF DENMARK.</strong></p>","Orloff of Denmark","Apparel & Accessories > Jewelry > Charms & Pendants","Charm","Nature, Line A, Charm Bracelet, 925 Silver","FALSE","","","","","","","ORCB166","2","shopify","10","deny","manual","39","","TRUE","TRUE","","https://cdn.shopify.com/s/files/1/0852/4428/1122/files/ORCB166.jpg","1","Carrot Charm","FALSE","Carrot Charm | Orloff of Denmark","Orange enamel carrot with a green enamel top.","","","","","","","","","","","","","","","g","","4.81","","","","","","","draft"
"cow-charm","Cow Charm","<p style=""font-family: Inter, sans-serif;"">Standing cow with black enamel patches and a red udder.</p>

<p style=""font-family: Inter, sans-serif;""><strong>Material:</strong> 925 Sterling Silver<br>
<strong>Finish:</strong> Oxidized Silver<br>
<strong>Stone:</strong> Black & Red Enamel<br>
<strong>Size:</strong> 12mm<br>
<strong>Weight:</strong> 2.10g</p>

<p style=""font-family: Inter, sans-serif;""><strong>Fits all Orloff snake chain bracelets.</strong></p>

<p style=""font-family: Inter, sans-serif;""><strong>ORLOFF OF DENMARK.</strong></p>","Orloff of Denmark","Apparel & Accessories > Jewelry > Charms & Pendants","Charm","Animals, Line A, Charm Bracelet, 925 Silver","FALSE","","","","","","","ORCB168","2","shopify","10","deny","manual","39","","TRUE","TRUE","","https://cdn.shopify.com/s/files/1/0852/4428/1122/files/ORCB168.jpg","1","Cow Charm","FALSE","Cow Charm | Orloff of Denmark","Standing cow with black enamel patches and a red udder.","","","","","","","","","","","","","","","g","","5.03","","","","","","","draft"
"pony-charm","Pony Charm","<p style=""font-family: Inter, sans-serif;"">White pony with a striped mane and a pink enamel heart. Could read as a zebra.</p>

<p style=""font-family: Inter, sans-serif;""><strong>Material:</strong> 925 Sterling Silver<br>
<strong>Finish:</strong> Oxidized Silver<br>
<strong>Stone:</strong> Pink Enamel<br>
<strong>Size:</strong> 15mm<br>
<strong>Weight:</strong> 3.10g</p>

<p style=""font-family: Inter, sans-serif;""><strong>Fits all Orloff snake chain bracelets.</strong></p>

<p style=""font-family: Inter, sans-serif;""><strong>ORLOFF OF DENMARK.</strong></p>","Orloff of Denmark","Apparel & Accessories > Jewelry > Charms & Pendants","Charm","Animals, Line A, Charm Bracelet, 925 Silver","FALSE","","","","","","","ORCB169","3","shopify","10","deny","manual","39","","TRUE","TRUE","","https://cdn.shopify.com/s/files/1/0852/4428/1122/files/ORCB169.jpg","1","Pony Charm","FALSE","Pony Charm | Orloff of Denmark","White pony with a striped mane and a pink enamel heart.","","","","","","","","","","","","","","","g","","6.34","","","","","","","draft"
"sisters-charm","Sisters Charm","<p style=""font-family: Inter, sans-serif;"">Two girls side by side in mint and pink enamel dresses.</p>

<p style=""font-family: Inter, sans-serif;""><strong>Material:</strong> 925 Sterling Silver<br>
<strong>Finish:</strong> Oxidized Silver<br>
<strong>Stone:</strong> Blue+ Pink Enamel<br>
<strong>Size:</strong> 10mm<br>
<strong>Weight:</strong> 2.95g</p>

<p style=""font-family: Inter, sans-serif;""><strong>Fits all Orloff snake chain bracelets.</strong></p>

<p style=""font-family: Inter, sans-serif;""><strong>ORLOFF OF DENMARK.</strong></p>","Orloff of Denmark","Apparel & Accessories > Jewelry > Charms & Pendants","Charm","Milestones & Sentiment, Line A, Charm Bracelet, 925 Silver","FALSE","","","","","","","ORCB17","3","shopify","10","deny","manual","39","","TRUE","TRUE","","https://cdn.shopify.com/s/files/1/0852/4428/1122/files/ORCB17.jpg","1","Sisters Charm","FALSE","Sisters Charm | Orloff of Denmark","Two girls side by side in mint and pink enamel dresses.","","","","","","","","","","","","","","","g","","5.48","","","","","","","draft"
"police-box-charm","Police Box Charm","<p style=""font-family: Inter, sans-serif;"">Police box set with blue and clear stones for windows.</p>

<p style=""font-family: Inter, sans-serif;""><strong>Material:</strong> 925 Sterling Silver<br>
<strong>Finish:</strong> Oxidized Silver<br>
<strong>Stone:</strong> White & Blue CZ<br>
<strong>Size:</strong> 14mm<br>
<strong>Weight:</strong> 2.00g</p>

<p style=""font-family: Inter, sans-serif;""><strong>Fits all Orloff snake chain bracelets.</strong></p>

<p style=""font-family: Inter, sans-serif;""><strong>ORLOFF OF DENMARK.</strong></p>","Orloff of Denmark","Apparel & Accessories > Jewelry > Charms & Pendants","Charm","Travel & Lifestyle, Line A, Charm Bracelet, 925 Silver","FALSE","","","","","","","ORCB170","2","shopify","9","deny","manual","39","","TRUE","TRUE","","https://cdn.shopify.com/s/files/1/0852/4428/1122/files/ORCB170.jpg","1","Police Box Charm","FALSE","Police Box Charm | Orloff of Denmark","Police box set with blue and clear stones for windows.","","","","","","","","","","","","","","","g","","4.59","","","","","","","draft"
"umbrella-charm","Umbrella Charm","<p style=""font-family: Inter, sans-serif;"">Open umbrella with panels of green, yellow, pink and purple stones.</p>

<p style=""font-family: Inter, sans-serif;""><strong>Material:</strong> 925 Sterling Silver<br>
<strong>Finish:</strong> Oxidized Silver<br>
<strong>Stone:</strong> Green & Yellow & Pink & Purple CZ<br>
<strong>Size:</strong> 13mm<br>
<strong>Weight:</strong> 2.40g</p>

<p style=""font-family: Inter, sans-serif;""><strong>Fits all Orloff snake chain bracelets.</strong></p>

<p style=""font-family: Inter, sans-serif;""><strong>ORLOFF OF DENMARK.</strong></p>","Orloff of Denmark","Apparel & Accessories > Jewelry > Charms & Pendants","Charm","Travel & Lifestyle, Line A, Charm Bracelet, 925 Silver","FALSE","","","","","","","ORCB171","2","shopify","10","deny","manual","39","","TRUE","TRUE","","https://cdn.shopify.com/s/files/1/0852/4428/1122/files/ORCB171.jpg","1","Umbrella Charm","FALSE","Umbrella Charm | Orloff of Denmark","Open umbrella with panels of green, yellow, pink and purple stones.","","","","","","","","","","","","","","","g","","5.03","","","","","","","draft"
"planet-charm","Planet Charm","<p style=""font-family: Inter, sans-serif;"">Blue glitter enamel planet encircled by a silver ring.</p>

<p style=""font-family: Inter, sans-serif;""><strong>Material:</strong> 925 Sterling Silver<br>
<strong>Finish:</strong> Oxidized Silver<br>
<strong>Stone:</strong> Blue Enamel<br>
<strong>Size:</strong> 10mm<br>
<strong>Weight:</strong> 2.50g</p>

<p style=""font-family: Inter, sans-serif;""><strong>Fits all Orloff snake chain bracelets.</strong></p>

<p style=""font-family: Inter, sans-serif;""><strong>ORLOFF OF DENMARK.</strong></p>","Orloff of Denmark","Apparel & Accessories > Jewelry > Charms & Pendants","Charm","Nature, Line A, Charm Bracelet, 925 Silver","FALSE","","","","","","","ORCB173","2","shopify","10","deny","manual","39","","TRUE","TRUE","","https://cdn.shopify.com/s/files/1/0852/4428/1122/files/ORCB173.jpg","1","Planet Charm","FALSE","Planet Charm | Orloff of Denmark","Blue glitter enamel planet encircled by a silver ring.","","","","","","","","","","","","","","","g","","5.69","","","","","","","draft"
"handbag-charm","Handbag Charm","<p style=""font-family: Inter, sans-serif;"">Handbag with rope handles lettered GOT TO BUY IT.</p>

<p style=""font-family: Inter, sans-serif;""><strong>Material:</strong> 925 Sterling Silver<br>
<strong>Finish:</strong> Oxidized Silver<br>
<strong>Size:</strong> 10mm<br>
<strong>Weight:</strong> 2.10g</p>

<p style=""font-family: Inter, sans-serif;""><strong>Fits all Orloff snake chain bracelets.</strong></p>

<p style=""font-family: Inter, sans-serif;""><strong>ORLOFF OF DENMARK.</strong></p>","Orloff of Denmark","Apparel & Accessories > Jewelry > Charms & Pendants","Charm","Travel & Lifestyle, Line A, Charm Bracelet, 925 Silver","FALSE","","","","","","","ORCB174","2","shopify","10","deny","manual","39","","TRUE","TRUE","","https://cdn.shopify.com/s/files/1/0852/4428/1122/files/ORCB174.jpg","1","Handbag Charm","FALSE","Handbag Charm | Orloff of Denmark","Handbag with rope handles lettered GOT TO BUY IT.","","","","","","","","","","","","","","","g","","4.81","","","","","","","draft"
"treble-clef-charm","Treble Clef Charm","<p style=""font-family: Inter, sans-serif;"">Polished treble clef.</p>

<p style=""font-family: Inter, sans-serif;""><strong>Material:</strong> 925 Sterling Silver<br>
<strong>Finish:</strong> Oxidized Silver<br>
<strong>Size:</strong> 12mm<br>
<strong>Weight:</strong> 1.90g</p>

<p style=""font-family: Inter, sans-serif;""><strong>Fits all Orloff snake chain bracelets.</strong></p>

<p style=""font-family: Inter, sans-serif;""><strong>ORLOFF OF DENMARK.</strong></p>","Orloff of Denmark","Apparel & Accessories > Jewelry > Charms & Pendants","Charm","Travel & Lifestyle, Line A, Charm Bracelet, 925 Silver","FALSE","","","","","","","ORCB175","2","shopify","9","deny","manual","39","","TRUE","TRUE","","https://cdn.shopify.com/s/files/1/0852/4428/1122/files/ORCB175.jpg","1","Treble Clef Charm","FALSE","Treble Clef Charm | Orloff of Denmark","Polished treble clef.","","","","","","","","","","","","","","","g","","4.59","","","","","","","draft"
"ice-cream-cart-charm","Ice Cream Cart Charm","<p style=""font-family: Inter, sans-serif;"">Cart lettered ICE CREAM under a green and orange enamel umbrella.</p>

<p style=""font-family: Inter, sans-serif;""><strong>Material:</strong> 925 Sterling Silver<br>
<strong>Finish:</strong> Oxidized Silver<br>
<strong>Stone:</strong> Green & Orange Enamel<br>
<strong>Size:</strong> 12.5mm<br>
<strong>Weight:</strong> 2.70g</p>

<p style=""font-family: Inter, sans-serif;""><strong>Fits all Orloff snake chain bracelets.</strong></p>

<p style=""font-family: Inter, sans-serif;""><strong>ORLOFF OF DENMARK.</strong></p>","Orloff of Denmark","Apparel & Accessories > Jewelry > Charms & Pendants","Charm","Travel & Lifestyle, Line A, Charm Bracelet, 925 Silver","FALSE","","","","","","","ORCB177","3","shopify","10","deny","manual","39","","TRUE","TRUE","","https://cdn.shopify.com/s/files/1/0852/4428/1122/files/ORCB177.jpg","1","Ice Cream Cart Charm","FALSE","Ice Cream Cart Charm | Orloff of Denmark","Cart lettered ICE CREAM under a green and orange enamel umbrella.","","","","","","","","","","","","","","","g","","5.91","","","","","","","draft"
"panda-charm","Panda Charm","<p style=""font-family: Inter, sans-serif;"">Seated panda holding green enamel bamboo.</p>

<p style=""font-family: Inter, sans-serif;""><strong>Material:</strong> 925 Sterling Silver<br>
<strong>Finish:</strong> Oxidized Silver<br>
<strong>Stone:</strong> Milky Green Enamel<br>
<strong>Size:</strong> 13mm<br>
<strong>Weight:</strong> 2.60g</p>

<p style=""font-family: Inter, sans-serif;""><strong>Fits all Orloff snake chain bracelets.</strong></p>

<p style=""font-family: Inter, sans-serif;""><strong>ORLOFF OF DENMARK.</strong></p>","Orloff of Denmark","Apparel & Accessories > Jewelry > Charms & Pendants","Charm","Animals, Line A, Charm Bracelet, 925 Silver","FALSE","","","","","","","ORCB179","3","shopify","10","deny","manual","39","","TRUE","TRUE","","https://cdn.shopify.com/s/files/1/0852/4428/1122/files/ORCB179.jpg","1","Panda Charm","FALSE","Panda Charm | Orloff of Denmark","Seated panda holding green enamel bamboo.","","","","","","","","","","","","","","","g","","6.34","","","","","","","draft"
"folk-costume-couple-charm","Folk Costume Couple Charm","<p style=""font-family: Inter, sans-serif;"">Couple in traditional dress, black and red hats, red and yellow skirt.</p>

<p style=""font-family: Inter, sans-serif;""><strong>Material:</strong> 925 Sterling Silver<br>
<strong>Finish:</strong> Oxidized Silver<br>
<strong>Stone:</strong> Black+ Red +Yellow Enamel<br>
<strong>Size:</strong> 10.5mm<br>
<strong>Weight:</strong> 2.52g</p>

<p style=""font-family: Inter, sans-serif;""><strong>Fits all Orloff snake chain bracelets.</strong></p>

<p style=""font-family: Inter, sans-serif;""><strong>ORLOFF OF DENMARK.</strong></p>","Orloff of Denmark","Apparel & Accessories > Jewelry > Charms & Pendants","Charm","Travel & Lifestyle, Line A, Charm Bracelet, 925 Silver","FALSE","","","","","","","ORCB18","3","shopify","9","deny","manual","39","","TRUE","TRUE","","https://cdn.shopify.com/s/files/1/0852/4428/1122/files/ORCB18.jpg","1","Folk Costume Couple Charm","FALSE","Folk Costume Couple Charm | Orloff of Denmark","Couple in traditional dress, black and red hats, red and yellow skirt.","","","","","","","","","","","","","","","g","","5.10","","","","","","","draft"
"crowned-shield-charm","Crowned Shield Charm","<p style=""font-family: Inter, sans-serif;"">Pave S inside a diamond shield under a small crown. TRADEMARK RISK: this closely resembles the Superman emblem, which DC Comics protects. Named neutrally on purpose. Take advice before listing.</p>

<p style=""font-family: Inter, sans-serif;""><strong>Material:</strong> 925 Sterling Silver<br>
<strong>Finish:</strong> Oxidized Silver<br>
<strong>Stone:</strong> White CZ<br>
<strong>Size:</strong> 12mm<br>
<strong>Weight:</strong> 1.70g</p>

<p style=""font-family: Inter, sans-serif;""><strong>Fits all Orloff snake chain bracelets.</strong></p>

<p style=""font-family: Inter, sans-serif;""><strong>ORLOFF OF DENMARK.</strong></p>","Orloff of Denmark","Apparel & Accessories > Jewelry > Charms & Pendants","Charm","Sparkle & Classic, Line A, Charm Bracelet, 925 Silver","FALSE","","","","","","","ORCB180","2","shopify","15","deny","manual","39","","TRUE","TRUE","","https://cdn.shopify.com/s/files/1/0852/4428/1122/files/ORCB180.jpg","1","Crowned Shield Charm","FALSE","Crowned Shield Charm | Orloff of Denmark","Pave S inside a diamond shield under a small crown.","","","","","","","","","","","","","","","g","","5.03","","","","","","","draft"
"puzzle-cube-charm","Puzzle Cube Charm","<p style=""font-family: Inter, sans-serif;"">Cube faced with green, white and orange enamel squares. TRADEMARK RISK: closely resembles the Rubik's Cube, which is protected. Named neutrally on purpose. Take advice before listing.</p>

<p style=""font-family: Inter, sans-serif;""><strong>Material:</strong> 925 Sterling Silver<br>
<strong>Finish:</strong> Oxidized Silver<br>
<strong>Stone:</strong> Blue & Yellow Enamel<br>
<strong>Size:</strong> 11mm<br>
<strong>Weight:</strong> 2.70g</p>

<p style=""font-family: Inter, sans-serif;""><strong>Fits all Orloff snake chain bracelets.</strong></p>

<p style=""font-family: Inter, sans-serif;""><strong>ORLOFF OF DENMARK.</strong></p>","Orloff of Denmark","Apparel & Accessories > Jewelry > Charms & Pendants","Charm","Travel & Lifestyle, Line A, Charm Bracelet, 925 Silver","FALSE","","","","","","","ORCB182","3","shopify","16","deny","manual","39","","TRUE","TRUE","","https://cdn.shopify.com/s/files/1/0852/4428/1122/files/ORCB182.jpg","1","Puzzle Cube Charm","FALSE","Puzzle Cube Charm | Orloff of Denmark","Cube faced with green, white and orange enamel squares.","","","","","","","","","","","","","","","g","","5.69","","","","","","","draft"
"letter-a-charm","Letter A Charm","<p style=""font-family: Inter, sans-serif;"">The letter A in 925 sterling silver with an oxidized finish. Wear a single initial, or spell out a name.</p>

<p style=""font-family: Inter, sans-serif;""><strong>Material:</strong> 925 Sterling Silver<br>
<strong>Finish:</strong> Oxidized Silver<br>
<strong>Size:</strong> 10.5mm<br>
<strong>Weight:</strong> 1.80g</p>

<p style=""font-family: Inter, sans-serif;""><strong>Fits all Orloff snake chain bracelets.</strong></p>

<p style=""font-family: Inter, sans-serif;""><strong>ORLOFF OF DENMARK.</strong></p>","Orloff of Denmark","Apparel & Accessories > Jewelry > Charms & Pendants","Charm","Personal — Letters, Line A, Charm Bracelet, 925 Silver","FALSE","","","","","","","ORCB183-A","2","shopify","10","deny","manual","29","","TRUE","TRUE","","https://cdn.shopify.com/s/files/1/0852/4428/1122/files/ORCB183-A.jpg","1","Letter A Charm","FALSE","Letter A Charm | Orloff of Denmark","The letter A in 925 sterling silver with an oxidized finish.","","","","","","","","","","","","","","","g","","4.44","","","","","","","draft"
"letter-b-charm","Letter B Charm","<p style=""font-family: Inter, sans-serif;"">The letter B in 925 sterling silver with an oxidized finish. Wear a single initial, or spell out a name.</p>

<p style=""font-family: Inter, sans-serif;""><strong>Material:</strong> 925 Sterling Silver<br>
<strong>Finish:</strong> Oxidized Silver<br>
<strong>Weight:</strong> 1.70g</p>

<p style=""font-family: Inter, sans-serif;""><strong>Fits all Orloff snake chain bracelets.</strong></p>

<p style=""font-family: Inter, sans-serif;""><strong>ORLOFF OF DENMARK.</strong></p>","Orloff of Denmark","Apparel & Accessories > Jewelry > Charms & Pendants","Charm","Personal — Letters, Line A, Charm Bracelet, 925 Silver","FALSE","","","","","","","ORCB183-B","2","shopify","10","deny","manual","29","","TRUE","TRUE","","https://cdn.shopify.com/s/files/1/0852/4428/1122/files/ORCB183-B.jpg","1","Letter B Charm","FALSE","Letter B Charm | Orloff of Denmark","The letter B in 925 sterling silver with an oxidized finish.","","","","","","","","","","","","","","","g","","4.44","","","","","","","draft"
"letter-c-charm","Letter C Charm","<p style=""font-family: Inter, sans-serif;"">The letter C in 925 sterling silver with an oxidized finish. Wear a single initial, or spell out a name.</p>

<p style=""font-family: Inter, sans-serif;""><strong>Material:</strong> 925 Sterling Silver<br>
<strong>Finish:</strong> Oxidized Silver<br>
<strong>Weight:</strong> 1.50g</p>

<p style=""font-family: Inter, sans-serif;""><strong>Fits all Orloff snake chain bracelets.</strong></p>

<p style=""font-family: Inter, sans-serif;""><strong>ORLOFF OF DENMARK.</strong></p>","Orloff of Denmark","Apparel & Accessories > Jewelry > Charms & Pendants","Charm","Personal — Letters, Line A, Charm Bracelet, 925 Silver","FALSE","","","","","","","ORCB183-C","2","shopify","10","deny","manual","29","","TRUE","TRUE","","https://cdn.shopify.com/s/files/1/0852/4428/1122/files/ORCB183-C.jpg","1","Letter C Charm","FALSE","Letter C Charm | Orloff of Denmark","The letter C in 925 sterling silver with an oxidized finish.","","","","","","","","","","","","","","","g","","4.22","","","","","","","draft"
"letter-d-charm","Letter D Charm","<p style=""font-family: Inter, sans-serif;"">The letter D in 925 sterling silver with an oxidized finish. Wear a single initial, or spell out a name.</p>

<p style=""font-family: Inter, sans-serif;""><strong>Material:</strong> 925 Sterling Silver<br>
<strong>Finish:</strong> Oxidized Silver<br>
<strong>Weight:</strong> 1.80g</p>

<p style=""font-family: Inter, sans-serif;""><strong>Fits all Orloff snake chain bracelets.</strong></p>

<p style=""font-family: Inter, sans-serif;""><strong>ORLOFF OF DENMARK.</strong></p>","Orloff of Denmark","Apparel & Accessories > Jewelry > Charms & Pendants","Charm","Personal — Letters, Line A, Charm Bracelet, 925 Silver","FALSE","","","","","","","ORCB183-D","2","shopify","10","deny","manual","39","","TRUE","TRUE","","https://cdn.shopify.com/s/files/1/0852/4428/1122/files/ORCB183-D.jpg","1","Letter D Charm","FALSE","Letter D Charm | Orloff of Denmark","The letter D in 925 sterling silver with an oxidized finish.","","","","","","","","","","","","","","","g","","4.67","","","","","","","draft"
"letter-e-charm","Letter E Charm","<p style=""font-family: Inter, sans-serif;"">The letter E in 925 sterling silver with an oxidized finish. Wear a single initial, or spell out a name.</p>

<p style=""font-family: Inter, sans-serif;""><strong>Material:</strong> 925 Sterling Silver<br>
<strong>Finish:</strong> Oxidized Silver<br>
<strong>Weight:</strong> 1.70g</p>

<p style=""font-family: Inter, sans-serif;""><strong>Fits all Orloff snake chain bracelets.</strong></p>

<p style=""font-family: Inter, sans-serif;""><strong>ORLOFF OF DENMARK.</strong></p>","Orloff of Denmark","Apparel & Accessories > Jewelry > Charms & Pendants","Charm","Personal — Letters, Line A, Charm Bracelet, 925 Silver","FALSE","","","","","","","ORCB183-E","2","shopify","10","deny","manual","29","","TRUE","TRUE","","https://cdn.shopify.com/s/files/1/0852/4428/1122/files/ORCB183-E.jpg","1","Letter E Charm","FALSE","Letter E Charm | Orloff of Denmark","The letter E in 925 sterling silver with an oxidized finish.","","","","","","","","","","","","","","","g","","4.44","","","","","","","draft"
"letter-f-charm","Letter F Charm","<p style=""font-family: Inter, sans-serif;"">The letter F in 925 sterling silver with an oxidized finish. Wear a single initial, or spell out a name.</p>

<p style=""font-family: Inter, sans-serif;""><strong>Material:</strong> 925 Sterling Silver<br>
<strong>Finish:</strong> Oxidized Silver<br>
<strong>Weight:</strong> 1.70g</p>

<p style=""font-family: Inter, sans-serif;""><strong>Fits all Orloff snake chain bracelets.</strong></p>

<p style=""font-family: Inter, sans-serif;""><strong>ORLOFF OF DENMARK.</strong></p>","Orloff of Denmark","Apparel & Accessories > Jewelry > Charms & Pendants","Charm","Personal — Letters, Line A, Charm Bracelet, 925 Silver","FALSE","","","","","","","ORCB183-F","2","shopify","10","deny","manual","29","","TRUE","TRUE","","https://cdn.shopify.com/s/files/1/0852/4428/1122/files/ORCB183-F.jpg","1","Letter F Charm","FALSE","Letter F Charm | Orloff of Denmark","The letter F in 925 sterling silver with an oxidized finish.","","","","","","","","","","","","","","","g","","4.44","","","","","","","draft"
"letter-g-charm","Letter G Charm","<p style=""font-family: Inter, sans-serif;"">The letter G in 925 sterling silver with an oxidized finish. Wear a single initial, or spell out a name.</p>

<p style=""font-family: Inter, sans-serif;""><strong>Material:</strong> 925 Sterling Silver<br>
<strong>Finish:</strong> Oxidized Silver<br>
<strong>Weight:</strong> 1.60g</p>

<p style=""font-family: Inter, sans-serif;""><strong>Fits all Orloff snake chain bracelets.</strong></p>

<p style=""font-family: Inter, sans-serif;""><strong>ORLOFF OF DENMARK.</strong></p>","Orloff of Denmark","Apparel & Accessories > Jewelry > Charms & Pendants","Charm","Personal — Letters, Line A, Charm Bracelet, 925 Silver","FALSE","","","","","","","ORCB183-G","2","shopify","10","deny","manual","29","","TRUE","TRUE","","https://cdn.shopify.com/s/files/1/0852/4428/1122/files/ORCB183-G.jpg","1","Letter G Charm","FALSE","Letter G Charm | Orloff of Denmark","The letter G in 925 sterling silver with an oxidized finish.","","","","","","","","","","","","","","","g","","4.22","","","","","","","draft"
"letter-h-charm","Letter H Charm","<p style=""font-family: Inter, sans-serif;"">The letter H in 925 sterling silver with an oxidized finish. Wear a single initial, or spell out a name.</p>

<p style=""font-family: Inter, sans-serif;""><strong>Material:</strong> 925 Sterling Silver<br>
<strong>Finish:</strong> Oxidized Silver<br>
<strong>Weight:</strong> 1.90g</p>

<p style=""font-family: Inter, sans-serif;""><strong>Fits all Orloff snake chain bracelets.</strong></p>

<p style=""font-family: Inter, sans-serif;""><strong>ORLOFF OF DENMARK.</strong></p>","Orloff of Denmark","Apparel & Accessories > Jewelry > Charms & Pendants","Charm","Personal — Letters, Line A, Charm Bracelet, 925 Silver","FALSE","","","","","","","ORCB183-H","2","shopify","10","deny","manual","39","","TRUE","TRUE","","https://cdn.shopify.com/s/files/1/0852/4428/1122/files/ORCB183-H.jpg","1","Letter H Charm","FALSE","Letter H Charm | Orloff of Denmark","The letter H in 925 sterling silver with an oxidized finish.","","","","","","","","","","","","","","","g","","4.67","","","","","","","draft"
"letter-i-charm","Letter I Charm","<p style=""font-family: Inter, sans-serif;"">The letter I in 925 sterling silver with an oxidized finish. Wear a single initial, or spell out a name.</p>

<p style=""font-family: Inter, sans-serif;""><strong>Material:</strong> 925 Sterling Silver<br>
<strong>Finish:</strong> Oxidized Silver<br>
<strong>Weight:</strong> 1.30g</p>

<p style=""font-family: Inter, sans-serif;""><strong>Fits all Orloff snake chain bracelets.</strong></p>

<p style=""font-family: Inter, sans-serif;""><strong>ORLOFF OF DENMARK.</strong></p>","Orloff of Denmark","Apparel & Accessories > Jewelry > Charms & Pendants","Charm","Personal — Letters, Line A, Charm Bracelet, 925 Silver","FALSE","","","","","","","ORCB183-I","1","shopify","10","deny","manual","29","","TRUE","TRUE","","https://cdn.shopify.com/s/files/1/0852/4428/1122/files/ORCB183-I.jpg","1","Letter I Charm","FALSE","Letter I Charm | Orloff of Denmark","The letter I in 925 sterling silver with an oxidized finish.","","","","","","","","","","","","","","","g","","4.00","","","","","","","draft"
"letter-j-charm","Letter J Charm","<p style=""font-family: Inter, sans-serif;"">The letter J in 925 sterling silver with an oxidized finish. Wear a single initial, or spell out a name.</p>

<p style=""font-family: Inter, sans-serif;""><strong>Material:</strong> 925 Sterling Silver<br>
<strong>Finish:</strong> Oxidized Silver<br>
<strong>Weight:</strong> 1.90g</p>

<p style=""font-family: Inter, sans-serif;""><strong>Fits all Orloff snake chain bracelets.</strong></p>

<p style=""font-family: Inter, sans-serif;""><strong>ORLOFF OF DENMARK.</strong></p>","Orloff of Denmark","Apparel & Accessories > Jewelry > Charms & Pendants","Charm","Personal — Letters, Line A, Charm Bracelet, 925 Silver","FALSE","","","","","","","ORCB183-J","2","shopify","10","deny","manual","39","","TRUE","TRUE","","https://cdn.shopify.com/s/files/1/0852/4428/1122/files/ORCB183-J.jpg","1","Letter J Charm","FALSE","Letter J Charm | Orloff of Denmark","The letter J in 925 sterling silver with an oxidized finish.","","","","","","","","","","","","","","","g","","4.67","","","","","","","draft"
"letter-k-charm","Letter K Charm","<p style=""font-family: Inter, sans-serif;"">The letter K in 925 sterling silver with an oxidized finish. Wear a single initial, or spell out a name.</p>

<p style=""font-family: Inter, sans-serif;""><strong>Material:</strong> 925 Sterling Silver<br>
<strong>Finish:</strong> Oxidized Silver<br>
<strong>Weight:</strong> 2.10g</p>

<p style=""font-family: Inter, sans-serif;""><strong>Fits all Orloff snake chain bracelets.</strong></p>

<p style=""font-family: Inter, sans-serif;""><strong>ORLOFF OF DENMARK.</strong></p>","Orloff of Denmark","Apparel & Accessories > Jewelry > Charms & Pendants","Charm","Personal — Letters, Line A, Charm Bracelet, 925 Silver","FALSE","","","","","","","ORCB183-K","2","shopify","10","deny","manual","39","","TRUE","TRUE","","https://cdn.shopify.com/s/files/1/0852/4428/1122/files/ORCB183-K.jpg","1","Letter K Charm","FALSE","Letter K Charm | Orloff of Denmark","The letter K in 925 sterling silver with an oxidized finish.","","","","","","","","","","","","","","","g","","4.89","","","","","","","draft"
"letter-l-charm","Letter L Charm","<p style=""font-family: Inter, sans-serif;"">The letter L in 925 sterling silver with an oxidized finish. Wear a single initial, or spell out a name.</p>

<p style=""font-family: Inter, sans-serif;""><strong>Material:</strong> 925 Sterling Silver<br>
<strong>Finish:</strong> Oxidized Silver<br>
<strong>Weight:</strong> 1.40g</p>

<p style=""font-family: Inter, sans-serif;""><strong>Fits all Orloff snake chain bracelets.</strong></p>

<p style=""font-family: Inter, sans-serif;""><strong>ORLOFF OF DENMARK.</strong></p>","Orloff of Denmark","Apparel & Accessories > Jewelry > Charms & Pendants","Charm","Personal — Letters, Line A, Charm Bracelet, 925 Silver","FALSE","","","","","","","ORCB183-L","1","shopify","10","deny","manual","29","","TRUE","TRUE","","https://cdn.shopify.com/s/files/1/0852/4428/1122/files/ORCB183-L.jpg","1","Letter L Charm","FALSE","Letter L Charm | Orloff of Denmark","The letter L in 925 sterling silver with an oxidized finish.","","","","","","","","","","","","","","","g","","4.00","","","","","","","draft"
"letter-m-charm","Letter M Charm","<p style=""font-family: Inter, sans-serif;"">The letter M in 925 sterling silver with an oxidized finish. Wear a single initial, or spell out a name.</p>

<p style=""font-family: Inter, sans-serif;""><strong>Material:</strong> 925 Sterling Silver<br>
<strong>Finish:</strong> Oxidized Silver<br>
<strong>Weight:</strong> 1.80g</p>

<p style=""font-family: Inter, sans-serif;""><strong>Fits all Orloff snake chain bracelets.</strong></p>

<p style=""font-family: Inter, sans-serif;""><strong>ORLOFF OF DENMARK.</strong></p>","Orloff of Denmark","Apparel & Accessories > Jewelry > Charms & Pendants","Charm","Personal — Letters, Line A, Charm Bracelet, 925 Silver","FALSE","","","","","","","ORCB183-M","2","shopify","10","deny","manual","29","","TRUE","TRUE","","https://cdn.shopify.com/s/files/1/0852/4428/1122/files/ORCB183-M.jpg","1","Letter M Charm","FALSE","Letter M Charm | Orloff of Denmark","The letter M in 925 sterling silver with an oxidized finish.","","","","","","","","","","","","","","","g","","4.44","","","","","","","draft"
"letter-n-charm","Letter N Charm","<p style=""font-family: Inter, sans-serif;"">The letter N in 925 sterling silver with an oxidized finish. Wear a single initial, or spell out a name.</p>

<p style=""font-family: Inter, sans-serif;""><strong>Material:</strong> 925 Sterling Silver<br>
<strong>Finish:</strong> Oxidized Silver<br>
<strong>Weight:</strong> 1.70g</p>

<p style=""font-family: Inter, sans-serif;""><strong>Fits all Orloff snake chain bracelets.</strong></p>

<p style=""font-family: Inter, sans-serif;""><strong>ORLOFF OF DENMARK.</strong></p>","Orloff of Denmark","Apparel & Accessories > Jewelry > Charms & Pendants","Charm","Personal — Letters, Line A, Charm Bracelet, 925 Silver","FALSE","","","","","","","ORCB183-N","2","shopify","10","deny","manual","29","","TRUE","TRUE","","https://cdn.shopify.com/s/files/1/0852/4428/1122/files/ORCB183-N.jpg","1","Letter N Charm","FALSE","Letter N Charm | Orloff of Denmark","The letter N in 925 sterling silver with an oxidized finish.","","","","","","","","","","","","","","","g","","4.44","","","","","","","draft"
"letter-o-charm","Letter O Charm","<p style=""font-family: Inter, sans-serif;"">The letter O in 925 sterling silver with an oxidized finish. Wear a single initial, or spell out a name.</p>

<p style=""font-family: Inter, sans-serif;""><strong>Material:</strong> 925 Sterling Silver<br>
<strong>Finish:</strong> Oxidized Silver<br>
<strong>Weight:</strong> 1.50g</p>

<p style=""font-family: Inter, sans-serif;""><strong>Fits all Orloff snake chain bracelets.</strong></p>

<p style=""font-family: Inter, sans-serif;""><strong>ORLOFF OF DENMARK.</strong></p>","Orloff of Denmark","Apparel & Accessories > Jewelry > Charms & Pendants","Charm","Personal — Letters, Line A, Charm Bracelet, 925 Silver","FALSE","","","","","","","ORCB183-O","2","shopify","10","deny","manual","29","","TRUE","TRUE","","https://cdn.shopify.com/s/files/1/0852/4428/1122/files/ORCB183-O.jpg","1","Letter O Charm","FALSE","Letter O Charm | Orloff of Denmark","The letter O in 925 sterling silver with an oxidized finish.","","","","","","","","","","","","","","","g","","4.00","","","","","","","draft"
"letter-p-charm","Letter P Charm","<p style=""font-family: Inter, sans-serif;"">The letter P in 925 sterling silver with an oxidized finish. Wear a single initial, or spell out a name.</p>

<p style=""font-family: Inter, sans-serif;""><strong>Material:</strong> 925 Sterling Silver<br>
<strong>Finish:</strong> Oxidized Silver<br>
<strong>Weight:</strong> 1.70g</p>

<p style=""font-family: Inter, sans-serif;""><strong>Fits all Orloff snake chain bracelets.</strong></p>

<p style=""font-family: Inter, sans-serif;""><strong>ORLOFF OF DENMARK.</strong></p>","Orloff of Denmark","Apparel & Accessories > Jewelry > Charms & Pendants","Charm","Personal — Letters, Line A, Charm Bracelet, 925 Silver","FALSE","","","","","","","ORCB183-P","2","shopify","10","deny","manual","29","","TRUE","TRUE","","https://cdn.shopify.com/s/files/1/0852/4428/1122/files/ORCB183-P.jpg","1","Letter P Charm","FALSE","Letter P Charm | Orloff of Denmark","The letter P in 925 sterling silver with an oxidized finish.","","","","","","","","","","","","","","","g","","4.44","","","","","","","draft"
"letter-q-charm","Letter Q Charm","<p style=""font-family: Inter, sans-serif;"">The letter Q in 925 sterling silver with an oxidized finish. Wear a single initial, or spell out a name.</p>

<p style=""font-family: Inter, sans-serif;""><strong>Material:</strong> 925 Sterling Silver<br>
<strong>Finish:</strong> Oxidized Silver<br>
<strong>Weight:</strong> 1.80g</p>

<p style=""font-family: Inter, sans-serif;""><strong>Fits all Orloff snake chain bracelets.</strong></p>

<p style=""font-family: Inter, sans-serif;""><strong>ORLOFF OF DENMARK.</strong></p>","Orloff of Denmark","Apparel & Accessories > Jewelry > Charms & Pendants","Charm","Personal — Letters, Line A, Charm Bracelet, 925 Silver","FALSE","","","","","","","ORCB183-Q","2","shopify","10","deny","manual","29","","TRUE","TRUE","","https://cdn.shopify.com/s/files/1/0852/4428/1122/files/ORCB183-Q.jpg","1","Letter Q Charm","FALSE","Letter Q Charm | Orloff of Denmark","The letter Q in 925 sterling silver with an oxidized finish.","","","","","","","","","","","","","","","g","","4.44","","","","","","","draft"
"letter-r-charm","Letter R Charm","<p style=""font-family: Inter, sans-serif;"">The letter R in 925 sterling silver with an oxidized finish. Wear a single initial, or spell out a name.</p>

<p style=""font-family: Inter, sans-serif;""><strong>Material:</strong> 925 Sterling Silver<br>
<strong>Finish:</strong> Oxidized Silver<br>
<strong>Weight:</strong> 1.80g</p>

<p style=""font-family: Inter, sans-serif;""><strong>Fits all Orloff snake chain bracelets.</strong></p>

<p style=""font-family: Inter, sans-serif;""><strong>ORLOFF OF DENMARK.</strong></p>","Orloff of Denmark","Apparel & Accessories > Jewelry > Charms & Pendants","Charm","Personal — Letters, Line A, Charm Bracelet, 925 Silver","FALSE","","","","","","","ORCB183-R","2","shopify","9","deny","manual","29","","TRUE","TRUE","","https://cdn.shopify.com/s/files/1/0852/4428/1122/files/ORCB183-R.jpg","1","Letter R Charm","FALSE","Letter R Charm | Orloff of Denmark","The letter R in 925 sterling silver with an oxidized finish.","","","","","","","","","","","","","","","g","","4.44","","","","","","","draft"
"letter-s-charm","Letter S Charm","<p style=""font-family: Inter, sans-serif;"">The letter S in 925 sterling silver with an oxidized finish. Wear a single initial, or spell out a name.</p>

<p style=""font-family: Inter, sans-serif;""><strong>Material:</strong> 925 Sterling Silver<br>
<strong>Finish:</strong> Oxidized Silver<br>
<strong>Weight:</strong> 1.50g</p>

<p style=""font-family: Inter, sans-serif;""><strong>Fits all Orloff snake chain bracelets.</strong></p>

<p style=""font-family: Inter, sans-serif;""><strong>ORLOFF OF DENMARK.</strong></p>","Orloff of Denmark","Apparel & Accessories > Jewelry > Charms & Pendants","Charm","Personal — Letters, Line A, Charm Bracelet, 925 Silver","FALSE","","","","","","","ORCB183-S","2","shopify","10","deny","manual","29","","TRUE","TRUE","","https://cdn.shopify.com/s/files/1/0852/4428/1122/files/ORCB183-S.jpg","1","Letter S Charm","FALSE","Letter S Charm | Orloff of Denmark","The letter S in 925 sterling silver with an oxidized finish.","","","","","","","","","","","","","","","g","","4.00","","","","","","","draft"
"letter-t-charm","Letter T Charm","<p style=""font-family: Inter, sans-serif;"">The letter T in 925 sterling silver with an oxidized finish. Wear a single initial, or spell out a name.</p>

<p style=""font-family: Inter, sans-serif;""><strong>Material:</strong> 925 Sterling Silver<br>
<strong>Finish:</strong> Oxidized Silver<br>
<strong>Weight:</strong> 1.60g</p>

<p style=""font-family: Inter, sans-serif;""><strong>Fits all Orloff snake chain bracelets.</strong></p>

<p style=""font-family: Inter, sans-serif;""><strong>ORLOFF OF DENMARK.</strong></p>","Orloff of Denmark","Apparel & Accessories > Jewelry > Charms & Pendants","Charm","Personal — Letters, Line A, Charm Bracelet, 925 Silver","FALSE","","","","","","","ORCB183-T","2","shopify","10","deny","manual","29","","TRUE","TRUE","","https://cdn.shopify.com/s/files/1/0852/4428/1122/files/ORCB183-T.jpg","1","Letter T Charm","FALSE","Letter T Charm | Orloff of Denmark","The letter T in 925 sterling silver with an oxidized finish.","","","","","","","","","","","","","","","g","","4.22","","","","","","","draft"
"letter-u-charm","Letter U Charm","<p style=""font-family: Inter, sans-serif;"">The letter U in 925 sterling silver with an oxidized finish. Wear a single initial, or spell out a name.</p>

<p style=""font-family: Inter, sans-serif;""><strong>Material:</strong> 925 Sterling Silver<br>
<strong>Finish:</strong> Oxidized Silver<br>
<strong>Weight:</strong> 1.80g</p>

<p style=""font-family: Inter, sans-serif;""><strong>Fits all Orloff snake chain bracelets.</strong></p>

<p style=""font-family: Inter, sans-serif;""><strong>ORLOFF OF DENMARK.</strong></p>","Orloff of Denmark","Apparel & Accessories > Jewelry > Charms & Pendants","Charm","Personal — Letters, Line A, Charm Bracelet, 925 Silver","FALSE","","","","","","","ORCB183-U","2","shopify","10","deny","manual","29","","TRUE","TRUE","","https://cdn.shopify.com/s/files/1/0852/4428/1122/files/ORCB183-U.jpg","1","Letter U Charm","FALSE","Letter U Charm | Orloff of Denmark","The letter U in 925 sterling silver with an oxidized finish.","","","","","","","","","","","","","","","g","","4.44","","","","","","","draft"
"letter-v-charm","Letter V Charm","<p style=""font-family: Inter, sans-serif;"">The letter V in 925 sterling silver with an oxidized finish. Wear a single initial, or spell out a name.</p>

<p style=""font-family: Inter, sans-serif;""><strong>Material:</strong> 925 Sterling Silver<br>
<strong>Finish:</strong> Oxidized Silver<br>
<strong>Weight:</strong> 1.60g</p>

<p style=""font-family: Inter, sans-serif;""><strong>Fits all Orloff snake chain bracelets.</strong></p>

<p style=""font-family: Inter, sans-serif;""><strong>ORLOFF OF DENMARK.</strong></p>","Orloff of Denmark","Apparel & Accessories > Jewelry > Charms & Pendants","Charm","Personal — Letters, Line A, Charm Bracelet, 925 Silver","FALSE","","","","","","","ORCB183-V","2","shopify","10","deny","manual","29","","TRUE","TRUE","","https://cdn.shopify.com/s/files/1/0852/4428/1122/files/ORCB183-V.jpg","1","Letter V Charm","FALSE","Letter V Charm | Orloff of Denmark","The letter V in 925 sterling silver with an oxidized finish.","","","","","","","","","","","","","","","g","","4.22","","","","","","","draft"
"letter-w-charm","Letter W Charm","<p style=""font-family: Inter, sans-serif;"">The letter W in 925 sterling silver with an oxidized finish. Wear a single initial, or spell out a name.</p>

<p style=""font-family: Inter, sans-serif;""><strong>Material:</strong> 925 Sterling Silver<br>
<strong>Finish:</strong> Oxidized Silver<br>
<strong>Weight:</strong> 1.50g</p>

<p style=""font-family: Inter, sans-serif;""><strong>Fits all Orloff snake chain bracelets.</strong></p>

<p style=""font-family: Inter, sans-serif;""><strong>ORLOFF OF DENMARK.</strong></p>","Orloff of Denmark","Apparel & Accessories > Jewelry > Charms & Pendants","Charm","Personal — Letters, Line A, Charm Bracelet, 925 Silver","FALSE","","","","","","","ORCB183-W","2","shopify","10","deny","manual","29","","TRUE","TRUE","","https://cdn.shopify.com/s/files/1/0852/4428/1122/files/ORCB183-W.jpg","1","Letter W Charm","FALSE","Letter W Charm | Orloff of Denmark","The letter W in 925 sterling silver with an oxidized finish.","","","","","","","","","","","","","","","g","","4.22","","","","","","","draft"
"letter-x-charm","Letter X Charm","<p style=""font-family: Inter, sans-serif;"">The letter X in 925 sterling silver with an oxidized finish. Wear a single initial, or spell out a name.</p>

<p style=""font-family: Inter, sans-serif;""><strong>Material:</strong> 925 Sterling Silver<br>
<strong>Finish:</strong> Oxidized Silver<br>
<strong>Weight:</strong> 1.90g</p>

<p style=""font-family: Inter, sans-serif;""><strong>Fits all Orloff snake chain bracelets.</strong></p>

<p style=""font-family: Inter, sans-serif;""><strong>ORLOFF OF DENMARK.</strong></p>","Orloff of Denmark","Apparel & Accessories > Jewelry > Charms & Pendants","Charm","Personal — Letters, Line A, Charm Bracelet, 925 Silver","FALSE","","","","","","","ORCB183-X","2","shopify","10","deny","manual","29","","TRUE","TRUE","","https://cdn.shopify.com/s/files/1/0852/4428/1122/files/ORCB183-X.jpg","1","Letter X Charm","FALSE","Letter X Charm | Orloff of Denmark","The letter X in 925 sterling silver with an oxidized finish.","","","","","","","","","","","","","","","g","","4.22","","","","","","","draft"
"letter-y-charm","Letter Y Charm","<p style=""font-family: Inter, sans-serif;"">The letter Y in 925 sterling silver with an oxidized finish. Wear a single initial, or spell out a name.</p>

<p style=""font-family: Inter, sans-serif;""><strong>Material:</strong> 925 Sterling Silver<br>
<strong>Finish:</strong> Oxidized Silver<br>
<strong>Weight:</strong> 1.10g</p>

<p style=""font-family: Inter, sans-serif;""><strong>Fits all Orloff snake chain bracelets.</strong></p>

<p style=""font-family: Inter, sans-serif;""><strong>ORLOFF OF DENMARK.</strong></p>","Orloff of Denmark","Apparel & Accessories > Jewelry > Charms & Pendants","Charm","Personal — Letters, Line A, Charm Bracelet, 925 Silver","FALSE","","","","","","","ORCB183-Y","1","shopify","10","deny","manual","29","","TRUE","TRUE","","https://cdn.shopify.com/s/files/1/0852/4428/1122/files/ORCB183-Y.jpg","1","Letter Y Charm","FALSE","Letter Y Charm | Orloff of Denmark","The letter Y in 925 sterling silver with an oxidized finish.","","","","","","","","","","","","","","","g","","3.56","","","","","","","draft"
"letter-z-charm","Letter Z Charm","<p style=""font-family: Inter, sans-serif;"">The letter Z in 925 sterling silver with an oxidized finish. Wear a single initial, or spell out a name.</p>

<p style=""font-family: Inter, sans-serif;""><strong>Material:</strong> 925 Sterling Silver<br>
<strong>Finish:</strong> Oxidized Silver<br>
<strong>Weight:</strong> 2.20g</p>

<p style=""font-family: Inter, sans-serif;""><strong>Fits all Orloff snake chain bracelets.</strong></p>

<p style=""font-family: Inter, sans-serif;""><strong>ORLOFF OF DENMARK.</strong></p>","Orloff of Denmark","Apparel & Accessories > Jewelry > Charms & Pendants","Charm","Personal — Letters, Line A, Charm Bracelet, 925 Silver","FALSE","","","","","","","ORCB183-Z","2","shopify","10","deny","manual","39","","TRUE","TRUE","","https://cdn.shopify.com/s/files/1/0852/4428/1122/files/ORCB183-Z.jpg","1","Letter Z Charm","FALSE","Letter Z Charm | Orloff of Denmark","The letter Z in 925 sterling silver with an oxidized finish.","","","","","","","","","","","","","","","g","","5.11","","","","","","","draft"
"tree-of-life-charm-pink-and-purple","Tree of Life Charm, Pink and Purple","<p style=""font-family: Inter, sans-serif;"">Tree under a canopy of pink and purple stones.</p>

<p style=""font-family: Inter, sans-serif;""><strong>Material:</strong> 925 Sterling Silver<br>
<strong>Finish:</strong> Oxidized Silver<br>
<strong>Stone:</strong> Stone: Multi-Colors<br>
<strong>Size:</strong> 11mm<br>
<strong>Weight:</strong> 2.3g</p>

<p style=""font-family: Inter, sans-serif;""><strong>Fits all Orloff snake chain bracelets.</strong></p>

<p style=""font-family: Inter, sans-serif;""><strong>ORLOFF OF DENMARK.</strong></p>","Orloff of Denmark","Apparel & Accessories > Jewelry > Charms & Pendants","Charm","Nature, Line A, Charm Bracelet, 925 Silver","FALSE","","","","","","","ORCB199","2","shopify","21","deny","manual","49","","TRUE","TRUE","","https://cdn.shopify.com/s/files/1/0852/4428/1122/files/ORCB199.jpg","1","Tree of Life Charm, Pink and Purple","FALSE","Tree of Life Charm, Pink and Purple | Orloff of Denmark","Tree under a canopy of pink and purple stones.","","","","","","","","","","","","","","","g","","6.62","","","","","","","draft"
"easter-basket-charm","Easter Basket Charm","<p style=""font-family: Inter, sans-serif;"">Basket of purple enamel eggs under a silver bow, clear stones.</p>

<p style=""font-family: Inter, sans-serif;""><strong>Material:</strong> 925 Sterling Silver<br>
<strong>Finish:</strong> Oxidized Silver<br>
<strong>Stone:</strong> Purple Enamel<br>
<strong>Size:</strong> 21.5mm<br>
<strong>Weight:</strong> 1.64g</p>

<p style=""font-family: Inter, sans-serif;""><strong>Fits all Orloff snake chain bracelets.</strong></p>

<p style=""font-family: Inter, sans-serif;""><strong>ORLOFF OF DENMARK.</strong></p>","Orloff of Denmark","Apparel & Accessories > Jewelry > Charms & Pendants","Charm","Milestones & Sentiment, Line A, Charm Bracelet, 925 Silver","FALSE","","","","","","","ORCB20","2","shopify","10","deny","manual","29","","TRUE","TRUE","","https://cdn.shopify.com/s/files/1/0852/4428/1122/files/ORCB20.jpg","1","Easter Basket Charm","FALSE","Easter Basket Charm | Orloff of Denmark","Basket of purple enamel eggs under a silver bow, clear stones.","","","","","","","","","","","","","","","g","","3.28","","","","","","","draft"
"tree-of-life-heart-charm","Tree of Life Heart Charm","<p style=""font-family: Inter, sans-serif;"">Openwork heart filled with a scrolled tree.</p>

<p style=""font-family: Inter, sans-serif;""><strong>Material:</strong> 925 Sterling Silver<br>
<strong>Finish:</strong> Oxidized Silver<br>
<strong>Stone:</strong> Stone: None<br>
<strong>Size:</strong> 10mm<br>
<strong>Weight:</strong> 1.5g</p>

<p style=""font-family: Inter, sans-serif;""><strong>Fits all Orloff snake chain bracelets.</strong></p>

<p style=""font-family: Inter, sans-serif;""><strong>ORLOFF OF DENMARK.</strong></p>","Orloff of Denmark","Apparel & Accessories > Jewelry > Charms & Pendants","Charm","Nature, Line A, Charm Bracelet, 925 Silver","FALSE","","","","","","","ORCB200","2","shopify","20","deny","manual","39","","TRUE","TRUE","","https://cdn.shopify.com/s/files/1/0852/4428/1122/files/ORCB200.jpg","1","Tree of Life Heart Charm","FALSE","Tree of Life Heart Charm | Orloff of Denmark","Openwork heart filled with a scrolled tree.","","","","","","","","","","","","","","","g","","4.60","","","","","","","draft"
"tree-of-life-charm-pave-halo","Tree of Life Charm, Pave Halo","<p style=""font-family: Inter, sans-serif;"">Leafed tree inside a ring of clear stones.</p>

<p style=""font-family: Inter, sans-serif;""><strong>Material:</strong> 925 Sterling Silver<br>
<strong>Finish:</strong> Oxidized Silver<br>
<strong>Stone:</strong> Stone: White<br>
<strong>Size:</strong> 12mm<br>
<strong>Weight:</strong> 1.9g</p>

<p style=""font-family: Inter, sans-serif;""><strong>Fits all Orloff snake chain bracelets.</strong></p>

<p style=""font-family: Inter, sans-serif;""><strong>ORLOFF OF DENMARK.</strong></p>","Orloff of Denmark","Apparel & Accessories > Jewelry > Charms & Pendants","Charm","Nature, Line A, Charm Bracelet, 925 Silver","FALSE","","","","","","","ORCB201","2","shopify","21","deny","manual","49","","TRUE","TRUE","","https://cdn.shopify.com/s/files/1/0852/4428/1122/files/ORCB201.jpg","1","Tree of Life Charm, Pave Halo","FALSE","Tree of Life Charm, Pave Halo | Orloff of Denmark","Leafed tree inside a ring of clear stones.","","","","","","","","","","","","","","","g","","6.62","","","","","","","draft"
"tree-of-life-charm-engraved","Tree of Life Charm, Engraved","<p style=""font-family: Inter, sans-serif;"">Scrolled openwork tree with lettering engraved around the rim.</p>

<p style=""font-family: Inter, sans-serif;""><strong>Material:</strong> 925 Sterling Silver<br>
<strong>Finish:</strong> Oxidized Silver<br>
<strong>Stone:</strong> Stone: None<br>
<strong>Size:</strong> 11mm<br>
<strong>Weight:</strong> 2.0g</p>

<p style=""font-family: Inter, sans-serif;""><strong>Fits all Orloff snake chain bracelets.</strong></p>

<p style=""font-family: Inter, sans-serif;""><strong>ORLOFF OF DENMARK.</strong></p>","Orloff of Denmark","Apparel & Accessories > Jewelry > Charms & Pendants","Charm","Nature, Line A, Charm Bracelet, 925 Silver","FALSE","","","","","","","ORCB202","2","shopify","19","deny","manual","39","","TRUE","TRUE","","https://cdn.shopify.com/s/files/1/0852/4428/1122/files/ORCB202.jpg","1","Tree of Life Charm, Engraved","FALSE","Tree of Life Charm, Engraved | Orloff of Denmark","Scrolled openwork tree with lettering engraved around the rim.","","","","","","","","","","","","","","","g","","5.34","","","","","","","draft"
"tree-of-life-charm-celtic-knot","Tree of Life Charm, Celtic Knot","<p style=""font-family: Inter, sans-serif;"">Tree worked into interlaced Celtic knotwork.</p>

<p style=""font-family: Inter, sans-serif;""><strong>Material:</strong> 925 Sterling Silver<br>
<strong>Finish:</strong> Oxidized Silver<br>
<strong>Stone:</strong> Stone: None<br>
<strong>Size:</strong> 11.5mm<br>
<strong>Weight:</strong> 1.5g</p>

<p style=""font-family: Inter, sans-serif;""><strong>Fits all Orloff snake chain bracelets.</strong></p>

<p style=""font-family: Inter, sans-serif;""><strong>ORLOFF OF DENMARK.</strong></p>","Orloff of Denmark","Apparel & Accessories > Jewelry > Charms & Pendants","Charm","Nature, Line A, Charm Bracelet, 925 Silver","FALSE","","","","","","","ORCB203","2","shopify","19","deny","manual","29","","TRUE","TRUE","","https://cdn.shopify.com/s/files/1/0852/4428/1122/files/ORCB203.jpg","1","Tree of Life Charm, Celtic Knot","FALSE","Tree of Life Charm, Celtic Knot | Orloff of Denmark","Tree worked into interlaced Celtic knotwork.","","","","","","","","","","","","","","","g","","4.35","","","","","","","draft"
"tree-of-life-heart-charm-stone-set","Tree of Life Heart Charm, Stone Set","<p style=""font-family: Inter, sans-serif;"">Heart bead with a tree whose leaves are set with clear stones.</p>

<p style=""font-family: Inter, sans-serif;""><strong>Material:</strong> 925 Sterling Silver<br>
<strong>Finish:</strong> Oxidized Silver<br>
<strong>Stone:</strong> Stone: White<br>
<strong>Size:</strong> 11mm<br>
<strong>Weight:</strong> 2.3g</p>

<p style=""font-family: Inter, sans-serif;""><strong>Fits all Orloff snake chain bracelets.</strong></p>

<p style=""font-family: Inter, sans-serif;""><strong>ORLOFF OF DENMARK.</strong></p>","Orloff of Denmark","Apparel & Accessories > Jewelry > Charms & Pendants","Charm","Nature, Line A, Charm Bracelet, 925 Silver","FALSE","","","","","","","ORCB204","2","shopify","19","deny","manual","39","","TRUE","TRUE","","https://cdn.shopify.com/s/files/1/0852/4428/1122/files/ORCB204.jpg","1","Tree of Life Heart Charm, Stone Set","FALSE","Tree of Life Heart Charm, Stone Set | Orloff of Denmark","Heart bead with a tree whose leaves are set with clear stones.","","","","","","","","","","","","","","","g","","5.40","","","","","","","draft"
"tree-of-life-charm-scrolled","Tree of Life Charm, Scrolled","<p style=""font-family: Inter, sans-serif;"">Densely scrolled tree filling a round bead.</p>

<p style=""font-family: Inter, sans-serif;""><strong>Material:</strong> 925 Sterling Silver<br>
<strong>Finish:</strong> Oxidized Silver<br>
<strong>Stone:</strong> Stone: None<br>
<strong>Size:</strong> 10.5mm<br>
<strong>Weight:</strong> 2.7g</p>

<p style=""font-family: Inter, sans-serif;""><strong>Fits all Orloff snake chain bracelets.</strong></p>

<p style=""font-family: Inter, sans-serif;""><strong>ORLOFF OF DENMARK.</strong></p>","Orloff of Denmark","Apparel & Accessories > Jewelry > Charms & Pendants","Charm","Nature, Line A, Charm Bracelet, 925 Silver","FALSE","","","","","","","ORCB205","3","shopify","21","deny","manual","49","","TRUE","TRUE","","https://cdn.shopify.com/s/files/1/0852/4428/1122/files/ORCB205.jpg","1","Tree of Life Charm, Scrolled","FALSE","Tree of Life Charm, Scrolled | Orloff of Denmark","Densely scrolled tree filling a round bead.","","","","","","","","","","","","","","","g","","6.73","","","","","","","draft"
"tree-of-life-charm-oxidized","Tree of Life Charm, Oxidized","<p style=""font-family: Inter, sans-serif;"">Tree in relief on a darkened textured ground.</p>

<p style=""font-family: Inter, sans-serif;""><strong>Material:</strong> 925 Sterling Silver<br>
<strong>Finish:</strong> Oxidized Silver<br>
<strong>Stone:</strong> Stone: None<br>
<strong>Size:</strong> 10.5mm<br>
<strong>Weight:</strong> 2.0g</p>

<p style=""font-family: Inter, sans-serif;""><strong>Fits all Orloff snake chain bracelets.</strong></p>

<p style=""font-family: Inter, sans-serif;""><strong>ORLOFF OF DENMARK.</strong></p>","Orloff of Denmark","Apparel & Accessories > Jewelry > Charms & Pendants","Charm","Nature, Line A, Charm Bracelet, 925 Silver","FALSE","","","","","","","ORCB206","2","shopify","20","deny","manual","39","","TRUE","TRUE","","https://cdn.shopify.com/s/files/1/0852/4428/1122/files/ORCB206.jpg","1","Tree of Life Charm, Oxidized","FALSE","Tree of Life Charm, Oxidized | Orloff of Denmark","Tree in relief on a darkened textured ground.","","","","","","","","","","","","","","","g","","5.24","","","","","","","draft"
"tree-of-life-heart-charm-red","Tree of Life Heart Charm, Red","<p style=""font-family: Inter, sans-serif;"">Red enamel heart behind a beaded tree with pink heart leaves.</p>

<p style=""font-family: Inter, sans-serif;""><strong>Material:</strong> 925 Sterling Silver<br>
<strong>Finish:</strong> Oxidized Silver<br>
<strong>Stone:</strong> Enamel<br>
<strong>Size:</strong> 23mm<br>
<strong>Weight:</strong> 2.0g</p>

<p style=""font-family: Inter, sans-serif;""><strong>Fits all Orloff snake chain bracelets.</strong></p>

<p style=""font-family: Inter, sans-serif;""><strong>ORLOFF OF DENMARK.</strong></p>","Orloff of Denmark","Apparel & Accessories > Jewelry > Charms & Pendants","Charm","Nature, Line A, Charm Bracelet, 925 Silver","FALSE","","","","","","","ORCB208","2","shopify","21","deny","manual","49","","TRUE","TRUE","","https://cdn.shopify.com/s/files/1/0852/4428/1122/files/ORCB208.jpg","1","Tree of Life Heart Charm, Red","FALSE","Tree of Life Heart Charm, Red | Orloff of Denmark","Red enamel heart behind a beaded tree with pink heart leaves.","","","","","","","","","","","","","","","g","","6.52","","","","","","","draft"
"tree-of-life-heart-charm-turquoise","Tree of Life Heart Charm, Turquoise","<p style=""font-family: Inter, sans-serif;"">Turquoise enamel heart behind a silver tree with heart shaped leaves.</p>

<p style=""font-family: Inter, sans-serif;""><strong>Material:</strong> 925 Sterling Silver<br>
<strong>Finish:</strong> Rhodium Plated<br>
<strong>Stone:</strong> Enamel<br>
<strong>Size:</strong> 23.5mm<br>
<strong>Weight:</strong> 1.8g</p>

<p style=""font-family: Inter, sans-serif;""><strong>Fits all Orloff snake chain bracelets.</strong></p>

<p style=""font-family: Inter, sans-serif;""><strong>ORLOFF OF DENMARK.</strong></p>","Orloff of Denmark","Apparel & Accessories > Jewelry > Charms & Pendants","Charm","Nature, Line A, Charm Bracelet, 925 Silver","FALSE","","","","","","","ORCB209","2","shopify","21","deny","manual","39","","TRUE","TRUE","","https://cdn.shopify.com/s/files/1/0852/4428/1122/files/ORCB209.jpg","1","Tree of Life Heart Charm, Turquoise","FALSE","Tree of Life Heart Charm, Turquoise | Orloff of Denmark","Turquoise enamel heart behind a silver tree with heart shaped leaves.","","","","","","","","","","","","","","","g","","6.45","","","","","","","draft"
"palm-tree-charm","Palm Tree Charm","<p style=""font-family: Inter, sans-serif;"">Palm tree dangle set with green stones.</p>

<p style=""font-family: Inter, sans-serif;""><strong>Material:</strong> 925 Sterling Silver<br>
<strong>Finish:</strong> Oxidized Silver<br>
<strong>Stone:</strong> Green CZ<br>
<strong>Size:</strong> 22mm<br>
<strong>Weight:</strong> 1.03g</p>

<p style=""font-family: Inter, sans-serif;""><strong>Fits all Orloff snake chain bracelets.</strong></p>

<p style=""font-family: Inter, sans-serif;""><strong>ORLOFF OF DENMARK.</strong></p>","Orloff of Denmark","Apparel & Accessories > Jewelry > Charms & Pendants","Charm","Nature, Line A, Charm Bracelet, 925 Silver","FALSE","","","","","","","ORCB21","1","shopify","10","deny","manual","29","","TRUE","TRUE","","https://cdn.shopify.com/s/files/1/0852/4428/1122/files/ORCB21.jpg","1","Palm Tree Charm","FALSE","Palm Tree Charm | Orloff of Denmark","Palm tree dangle set with green stones.","","","","","","","","","","","","","","","g","","2.87","","","","","","","draft"
"tree-of-life-dangle-scrolled","Tree of Life Dangle, Scrolled","<p style=""font-family: Inter, sans-serif;"">Scrolled tree dangle tipped with clear stones.</p>

<p style=""font-family: Inter, sans-serif;""><strong>Material:</strong> 925 Sterling Silver<br>
<strong>Finish:</strong> Rhodium Plated<br>
<strong>Stone:</strong> Stone: none<br>
<strong>Size:</strong> 24mm<br>
<strong>Weight:</strong> 1.8g</p>

<p style=""font-family: Inter, sans-serif;""><strong>Fits all Orloff snake chain bracelets.</strong></p>

<p style=""font-family: Inter, sans-serif;""><strong>ORLOFF OF DENMARK.</strong></p>","Orloff of Denmark","Apparel & Accessories > Jewelry > Charms & Pendants","Charm","Nature, Line A, Charm Bracelet, 925 Silver","FALSE","","","","","","","ORCB210","2","shopify","20","deny","manual","39","","TRUE","TRUE","","https://cdn.shopify.com/s/files/1/0852/4428/1122/files/ORCB210.jpg","1","Tree of Life Dangle, Scrolled","FALSE","Tree of Life Dangle, Scrolled | Orloff of Denmark","Scrolled tree dangle tipped with clear stones.","","","","","","","","","","","","","","","g","","5.77","","","","","","","draft"
"tree-of-life-heart-dangle-pink","Tree of Life Heart Dangle, Pink","<p style=""font-family: Inter, sans-serif;"">Openwork leafed heart layered over a pink enamel heart.</p>

<p style=""font-family: Inter, sans-serif;""><strong>Material:</strong> 925 Sterling Silver<br>
<strong>Finish:</strong> Rhodium Plated<br>
<strong>Stone:</strong> Enamel<br>
<strong>Size:</strong> 21mm<br>
<strong>Weight:</strong> 2.0g</p>

<p style=""font-family: Inter, sans-serif;""><strong>Fits all Orloff snake chain bracelets.</strong></p>

<p style=""font-family: Inter, sans-serif;""><strong>ORLOFF OF DENMARK.</strong></p>","Orloff of Denmark","Apparel & Accessories > Jewelry > Charms & Pendants","Charm","Nature, Line A, Charm Bracelet, 925 Silver","FALSE","","","","","","","ORCB211","2","shopify","21","deny","manual","49","","TRUE","TRUE","","https://cdn.shopify.com/s/files/1/0852/4428/1122/files/ORCB211.jpg","1","Tree of Life Heart Dangle, Pink","FALSE","Tree of Life Heart Dangle, Pink | Orloff of Denmark","Openwork leafed heart layered over a pink enamel heart.","","","","","","","","","","","","","","","g","","6.62","","","","","","","draft"
"tree-of-life-dangle-blue-stones","Tree of Life Dangle, Blue Stones","<p style=""font-family: Inter, sans-serif;"">Simple branching tree with round blue stones for fruit.</p>

<p style=""font-family: Inter, sans-serif;""><strong>Material:</strong> 925 Sterling Silver<br>
<strong>Finish:</strong> Rhodium Plated<br>
<strong>Stone:</strong> Stone: Blue<br>
<strong>Size:</strong> 22mm<br>
<strong>Weight:</strong> 1.3g</p>

<p style=""font-family: Inter, sans-serif;""><strong>Fits all Orloff snake chain bracelets.</strong></p>

<p style=""font-family: Inter, sans-serif;""><strong>ORLOFF OF DENMARK.</strong></p>","Orloff of Denmark","Apparel & Accessories > Jewelry > Charms & Pendants","Charm","Nature, Line A, Charm Bracelet, 925 Silver","FALSE","","","","","","","ORCB212","1","shopify","20","deny","manual","29","","TRUE","TRUE","","https://cdn.shopify.com/s/files/1/0852/4428/1122/files/ORCB212.jpg","1","Tree of Life Dangle, Blue Stones","FALSE","Tree of Life Dangle, Blue Stones | Orloff of Denmark","Simple branching tree with round blue stones for fruit.","","","","","","","","","","","","","","","g","","4.30","","","","","","","draft"
"tree-of-life-dangle-beaded-ring","Tree of Life Dangle, Beaded Ring","<p style=""font-family: Inter, sans-serif;"">Tree with stone set leaves inside a beaded circle.</p>

<p style=""font-family: Inter, sans-serif;""><strong>Material:</strong> 925 Sterling Silver<br>
<strong>Finish:</strong> Rhodium Plated<br>
<strong>Stone:</strong> Stone: White<br>
<strong>Size:</strong> 24mm<br>
<strong>Weight:</strong> 2.0g</p>

<p style=""font-family: Inter, sans-serif;""><strong>Fits all Orloff snake chain bracelets.</strong></p>

<p style=""font-family: Inter, sans-serif;""><strong>ORLOFF OF DENMARK.</strong></p>","Orloff of Denmark","Apparel & Accessories > Jewelry > Charms & Pendants","Charm","Nature, Line A, Charm Bracelet, 925 Silver","FALSE","","","","","","","ORCB213","2","shopify","21","deny","manual","39","","TRUE","TRUE","","https://cdn.shopify.com/s/files/1/0852/4428/1122/files/ORCB213.jpg","1","Tree of Life Dangle, Beaded Ring","FALSE","Tree of Life Dangle, Beaded Ring | Orloff of Denmark","Tree with stone set leaves inside a beaded circle.","","","","","","","","","","","","","","","g","","6.49","","","","","","","draft"
"flamingo-charm","Flamingo Charm","<p style=""font-family: Inter, sans-serif;"">Openwork round bead with a flamingo silhouette.</p>

<p style=""font-family: Inter, sans-serif;""><strong>Material:</strong> 925 Sterling Silver<br>
<strong>Finish:</strong> Oxidized Silver<br>
<strong>Stone:</strong> Stone: None<br>
<strong>Size:</strong> 11mm<br>
<strong>Weight:</strong> 1.6g</p>

<p style=""font-family: Inter, sans-serif;""><strong>Fits all Orloff snake chain bracelets.</strong></p>

<p style=""font-family: Inter, sans-serif;""><strong>ORLOFF OF DENMARK.</strong></p>","Orloff of Denmark","Apparel & Accessories > Jewelry > Charms & Pendants","Charm","Animals, Line A, Charm Bracelet, 925 Silver","FALSE","","","","","","","ORCB214","2","shopify","19","deny","manual","39","","TRUE","TRUE","","https://cdn.shopify.com/s/files/1/0852/4428/1122/files/ORCB214-a.jpg","1","Flamingo Charm","FALSE","Flamingo Charm | Orloff of Denmark","Openwork round bead with a flamingo silhouette.","","","","","","","","","","","","","","","g","","4.60","","","","","","","draft"
"flamingo-charm","","","","","","","","","","","","","","","","","","","","","","","","","https://cdn.shopify.com/s/files/1/0852/4428/1122/files/ORCB214-b.jpg","2","Flamingo Charm","","","","","","","","","","","","","","","","","","","","","","","","","","",""
"flamingo-charm","","","","","","","","","","","","","","","","","","","","","","","","","https://cdn.shopify.com/s/files/1/0852/4428/1122/files/ORCB214-c.jpg","3","Flamingo Charm","","","","","","","","","","","","","","","","","","","","","","","","","","",""
"flamingo-charm","","","","","","","","","","","","","","","","","","","","","","","","","https://cdn.shopify.com/s/files/1/0852/4428/1122/files/ORCB214-d.jpg","4","Flamingo Charm","","","","","","","","","","","","","","","","","","","","","","","","","","",""
"flamingo-charm-magenta","Flamingo Charm, Magenta","<p style=""font-family: Inter, sans-serif;"">Deep pink flamingo dangle with a pave wing.</p>

<p style=""font-family: Inter, sans-serif;""><strong>Material:</strong> 925 Sterling Silver<br>
<strong>Finish:</strong> Rhodium Plated<br>
<strong>Stone:</strong> Enamel<br>
<strong>Size:</strong> 28mm<br>
<strong>Weight:</strong> 2.1g</p>

<p style=""font-family: Inter, sans-serif;""><strong>Fits all Orloff snake chain bracelets.</strong></p>

<p style=""font-family: Inter, sans-serif;""><strong>ORLOFF OF DENMARK.</strong></p>","Orloff of Denmark","Apparel & Accessories > Jewelry > Charms & Pendants","Charm","Animals, Line A, Charm Bracelet, 925 Silver","FALSE","","","","","","","ORCB215","2","shopify","20","deny","manual","39","","TRUE","TRUE","","https://cdn.shopify.com/s/files/1/0852/4428/1122/files/ORCB215.jpg","1","Flamingo Charm, Magenta","FALSE","Flamingo Charm, Magenta | Orloff of Denmark","Deep pink flamingo dangle with a pave wing.","","","","","","","","","","","","","","","g","","6.09","","","","","","","draft"
"flamingo-charm-pale-pink","Flamingo Charm, Pale Pink","<p style=""font-family: Inter, sans-serif;"">Pale pink flamingo dangle with a pave wing and pink stone bail.</p>

<p style=""font-family: Inter, sans-serif;""><strong>Material:</strong> 925 Sterling Silver<br>
<strong>Finish:</strong> Rhodium Plated<br>
<strong>Stone:</strong> Enamel<br>
<strong>Size:</strong> 26mm<br>
<strong>Weight:</strong> 2.3g</p>

<p style=""font-family: Inter, sans-serif;""><strong>Fits all Orloff snake chain bracelets.</strong></p>

<p style=""font-family: Inter, sans-serif;""><strong>ORLOFF OF DENMARK.</strong></p>","Orloff of Denmark","Apparel & Accessories > Jewelry > Charms & Pendants","Charm","Animals, Line A, Charm Bracelet, 925 Silver","FALSE","","","","","","","ORCB216","2","shopify","20","deny","manual","49","","TRUE","TRUE","","https://cdn.shopify.com/s/files/1/0852/4428/1122/files/ORCB216.jpg","1","Flamingo Charm, Pale Pink","FALSE","Flamingo Charm, Pale Pink | Orloff of Denmark","Pale pink flamingo dangle with a pave wing and pink stone bail.","","","","","","","","","","","","","","","g","","6.61","","","","","","","draft"
"camel-charm","Camel Charm","<p style=""font-family: Inter, sans-serif;"">Standing camel under a blanket set with green and orange stones.</p>

<p style=""font-family: Inter, sans-serif;""><strong>Material:</strong> 925 Sterling Silver<br>
<strong>Finish:</strong> Rhodium Plated<br>
<strong>Stone:</strong> Enamel<br>
<strong>Size:</strong> 24mm<br>
<strong>Weight:</strong> 2.7g</p>

<p style=""font-family: Inter, sans-serif;""><strong>Fits all Orloff snake chain bracelets.</strong></p>

<p style=""font-family: Inter, sans-serif;""><strong>ORLOFF OF DENMARK.</strong></p>","Orloff of Denmark","Apparel & Accessories > Jewelry > Charms & Pendants","Charm","Animals, Line A, Charm Bracelet, 925 Silver","FALSE","","","","","","","ORCB217","3","shopify","21","deny","manual","49","","TRUE","TRUE","","https://cdn.shopify.com/s/files/1/0852/4428/1122/files/ORCB217.jpg","1","Camel Charm","FALSE","Camel Charm | Orloff of Denmark","Standing camel under a blanket set with green and orange stones.","","","","","","","","","","","","","","","g","","7.13","","","","","","","draft"
"dinosaur-charm","Dinosaur Charm","<p style=""font-family: Inter, sans-serif;"">Green enamel dinosaur dangle with silver spines.</p>

<p style=""font-family: Inter, sans-serif;""><strong>Material:</strong> 925 Sterling Silver<br>
<strong>Finish:</strong> Rhodium Plated<br>
<strong>Stone:</strong> Enamel<br>
<strong>Size:</strong> 24mm<br>
<strong>Weight:</strong> 2.5g</p>

<p style=""font-family: Inter, sans-serif;""><strong>Fits all Orloff snake chain bracelets.</strong></p>

<p style=""font-family: Inter, sans-serif;""><strong>ORLOFF OF DENMARK.</strong></p>","Orloff of Denmark","Apparel & Accessories > Jewelry > Charms & Pendants","Charm","Animals, Line A, Charm Bracelet, 925 Silver","FALSE","","","","","","","ORCB218","2","shopify","12","deny","manual","49","","TRUE","TRUE","","https://cdn.shopify.com/s/files/1/0852/4428/1122/files/ORCB218.jpg","1","Dinosaur Charm","FALSE","Dinosaur Charm | Orloff of Denmark","Green enamel dinosaur dangle with silver spines.","","","","","","","","","","","","","","","g","","6.55","","","","","","","draft"
"rubber-duck-charm","Rubber Duck Charm","<p style=""font-family: Inter, sans-serif;"">Yellow enamel duck sitting in a ring float.</p>

<p style=""font-family: Inter, sans-serif;""><strong>Material:</strong> 925 Sterling Silver<br>
<strong>Finish:</strong> Rhodium Plated<br>
<strong>Stone:</strong> Enamel<br>
<strong>Size:</strong> 19mm<br>
<strong>Weight:</strong> 2.2g</p>

<p style=""font-family: Inter, sans-serif;""><strong>Fits all Orloff snake chain bracelets.</strong></p>

<p style=""font-family: Inter, sans-serif;""><strong>ORLOFF OF DENMARK.</strong></p>","Orloff of Denmark","Apparel & Accessories > Jewelry > Charms & Pendants","Charm","Animals, Line A, Charm Bracelet, 925 Silver","FALSE","","","","","","","ORCB219","2","shopify","20","deny","manual","39","","TRUE","TRUE","","https://cdn.shopify.com/s/files/1/0852/4428/1122/files/ORCB219.jpg","1","Rubber Duck Charm","FALSE","Rubber Duck Charm | Orloff of Denmark","Yellow enamel duck sitting in a ring float.","","","","","","","","","","","","","","","g","","6.15","","","","","","","draft"
"daisy-heart-charm","Daisy Heart Charm","<p style=""font-family: Inter, sans-serif;"">Heart bead with a red and yellow enamel daisy set inside.</p>

<p style=""font-family: Inter, sans-serif;""><strong>Material:</strong> 925 Sterling Silver<br>
<strong>Finish:</strong> Oxidized Silver<br>
<strong>Stone:</strong> Pink+Yellow Enamel<br>
<strong>Size:</strong> 10mm<br>
<strong>Weight:</strong> 2.23g</p>

<p style=""font-family: Inter, sans-serif;""><strong>Fits all Orloff snake chain bracelets.</strong></p>

<p style=""font-family: Inter, sans-serif;""><strong>ORLOFF OF DENMARK.</strong></p>","Orloff of Denmark","Apparel & Accessories > Jewelry > Charms & Pendants","Charm","Milestones & Sentiment, Line A, Charm Bracelet, 925 Silver","FALSE","","","","","","","ORCB22","2","shopify","10","deny","manual","39","","TRUE","TRUE","","https://cdn.shopify.com/s/files/1/0852/4428/1122/files/ORCB22.jpg","1","Daisy Heart Charm","FALSE","Daisy Heart Charm | Orloff of Denmark","Heart bead with a red and yellow enamel daisy set inside.","","","","","","","","","","","","","","","g","","4.59","","","","","","","draft"
"giraffe-charm-brown-spots","Giraffe Charm, Brown Spots","<p style=""font-family: Inter, sans-serif;"">Giraffe with brown enamel markings and a pave mane.</p>

<p style=""font-family: Inter, sans-serif;""><strong>Material:</strong> 925 Sterling Silver<br>
<strong>Finish:</strong> Rhodium Plated<br>
<strong>Stone:</strong> Enamel<br>
<strong>Size:</strong> 25mm<br>
<strong>Weight:</strong> 2.0g</p>

<p style=""font-family: Inter, sans-serif;""><strong>Fits all Orloff snake chain bracelets.</strong></p>

<p style=""font-family: Inter, sans-serif;""><strong>ORLOFF OF DENMARK.</strong></p>","Orloff of Denmark","Apparel & Accessories > Jewelry > Charms & Pendants","Charm","Animals, Line A, Charm Bracelet, 925 Silver","FALSE","","","","","","","ORCB220","2","shopify","20","deny","manual","49","","TRUE","TRUE","","https://cdn.shopify.com/s/files/1/0852/4428/1122/files/ORCB220.jpg","1","Giraffe Charm, Brown Spots","FALSE","Giraffe Charm, Brown Spots | Orloff of Denmark","Giraffe with brown enamel markings and a pave mane.","","","","","","","","","","","","","","","g","","7.41","","","","","","","draft"
"carousel-horse-charm","Carousel Horse Charm","<p style=""font-family: Inter, sans-serif;"">Black enamel horse with a red and yellow saddle.</p>

<p style=""font-family: Inter, sans-serif;""><strong>Material:</strong> 925 Sterling Silver<br>
<strong>Finish:</strong> Oxidized Silver<br>
<strong>Stone:</strong> Stone: None<br>
<strong>Size:</strong> 19mm<br>
<strong>Weight:</strong> 2.0g</p>

<p style=""font-family: Inter, sans-serif;""><strong>Fits all Orloff snake chain bracelets.</strong></p>

<p style=""font-family: Inter, sans-serif;""><strong>ORLOFF OF DENMARK.</strong></p>","Orloff of Denmark","Apparel & Accessories > Jewelry > Charms & Pendants","Charm","Animals, Line A, Charm Bracelet, 925 Silver","FALSE","","","","","","","ORCB221","2","shopify","19","deny","manual","39","","TRUE","TRUE","","https://cdn.shopify.com/s/files/1/0852/4428/1122/files/ORCB221.jpg","1","Carousel Horse Charm","FALSE","Carousel Horse Charm | Orloff of Denmark","Black enamel horse with a red and yellow saddle.","","","","","","","","","","","","","","","g","","6.35","","","","","","","draft"
"daisy-heart-dangle","Daisy Heart Dangle","<p style=""font-family: Inter, sans-serif;"">Open heart outlined in clear stones with a yellow enamel daisy.</p>

<p style=""font-family: Inter, sans-serif;""><strong>Material:</strong> 925 Sterling Silver<br>
<strong>Finish:</strong> Oxidized Silver<br>
<strong>Stone:</strong> White CZ +Red &Yellow Enamel<br>
<strong>Size:</strong> 17.5mm<br>
<strong>Weight:</strong> 1.29g</p>

<p style=""font-family: Inter, sans-serif;""><strong>Fits all Orloff snake chain bracelets.</strong></p>

<p style=""font-family: Inter, sans-serif;""><strong>ORLOFF OF DENMARK.</strong></p>","Orloff of Denmark","Apparel & Accessories > Jewelry > Charms & Pendants","Charm","Milestones & Sentiment, Line A, Charm Bracelet, 925 Silver","FALSE","","","","","","","ORCB23","1","shopify","10","deny","manual","29","","TRUE","TRUE","","https://cdn.shopify.com/s/files/1/0852/4428/1122/files/ORCB23.jpg","1","Daisy Heart Dangle","FALSE","Daisy Heart Dangle | Orloff of Denmark","Open heart outlined in clear stones with a yellow enamel daisy.","","","","","","","","","","","","","","","g","","3.52","","","","","","","draft"
"christmas-sleigh-charm","Christmas Sleigh Charm","<p style=""font-family: Inter, sans-serif;"">Sleigh carrying red and yellow enamel gifts, clear stones.</p>

<p style=""font-family: Inter, sans-serif;""><strong>Material:</strong> 925 Sterling Silver<br>
<strong>Finish:</strong> Oxidized Silver<br>
<strong>Stone:</strong> White CZ +Red &Yellow Enamel<br>
<strong>Size:</strong> 12mm<br>
<strong>Weight:</strong> 2.01g</p>

<p style=""font-family: Inter, sans-serif;""><strong>Fits all Orloff snake chain bracelets.</strong></p>

<p style=""font-family: Inter, sans-serif;""><strong>ORLOFF OF DENMARK.</strong></p>","Orloff of Denmark","Apparel & Accessories > Jewelry > Charms & Pendants","Charm","Milestones & Sentiment, Line A, Charm Bracelet, 925 Silver","FALSE","","","","","","","ORCB25","2","shopify","10","deny","manual","29","","TRUE","TRUE","","https://cdn.shopify.com/s/files/1/0852/4428/1122/files/ORCB25.jpg","1","Christmas Sleigh Charm","FALSE","Christmas Sleigh Charm | Orloff of Denmark","Sleigh carrying red and yellow enamel gifts, clear stones.","","","","","","","","","","","","","","","g","","4.07","","","","","","","draft"
"coffee-cup-charm","Coffee Cup Charm","<p style=""font-family: Inter, sans-serif;"">Cup lettered I love COFFEE with a red enamel heart and brown interior.</p>

<p style=""font-family: Inter, sans-serif;""><strong>Material:</strong> 925 Sterling Silver<br>
<strong>Finish:</strong> Oxidized Silver<br>
<strong>Stone:</strong> Red +Brown Enamel<br>
<strong>Size:</strong> 10.5mm<br>
<strong>Weight:</strong> 1.79g</p>

<p style=""font-family: Inter, sans-serif;""><strong>Fits all Orloff snake chain bracelets.</strong></p>

<p style=""font-family: Inter, sans-serif;""><strong>ORLOFF OF DENMARK.</strong></p>","Orloff of Denmark","Apparel & Accessories > Jewelry > Charms & Pendants","Charm","Travel & Lifestyle, Line A, Charm Bracelet, 925 Silver","FALSE","","","","","","","ORCB26","2","shopify","10","deny","manual","29","","TRUE","TRUE","","https://cdn.shopify.com/s/files/1/0852/4428/1122/files/ORCB26.jpg","1","Coffee Cup Charm","FALSE","Coffee Cup Charm | Orloff of Denmark","Cup lettered I love COFFEE with a red enamel heart and brown interior.","","","","","","","","","","","","","","","g","","3.93","","","","","","","draft"
"cupcake-charm","Cupcake Charm","<p style=""font-family: Inter, sans-serif;"">Yellow enamel frosting with pink stones and a green candle.</p>

<p style=""font-family: Inter, sans-serif;""><strong>Material:</strong> 925 Sterling Silver<br>
<strong>Finish:</strong> Oxidized Silver<br>
<strong>Stone:</strong> Pink CZ +Green &Yellow Enamel<br>
<strong>Size:</strong> 12.5mm<br>
<strong>Weight:</strong> 2.64g</p>

<p style=""font-family: Inter, sans-serif;""><strong>Fits all Orloff snake chain bracelets.</strong></p>

<p style=""font-family: Inter, sans-serif;""><strong>ORLOFF OF DENMARK.</strong></p>","Orloff of Denmark","Apparel & Accessories > Jewelry > Charms & Pendants","Charm","Milestones & Sentiment, Line A, Charm Bracelet, 925 Silver","FALSE","","","","","","","ORCB27","3","shopify","10","deny","manual","39","","TRUE","TRUE","","https://cdn.shopify.com/s/files/1/0852/4428/1122/files/ORCB27.jpg","1","Cupcake Charm","FALSE","Cupcake Charm | Orloff of Denmark","Yellow enamel frosting with pink stones and a green candle.","","","","","","","","","","","","","","","g","","4.99","","","","","","","draft"
"champagne-toast-charm","Champagne Toast Charm","<p style=""font-family: Inter, sans-serif;"">Two clinking glasses in purple enamel with clear stones and a lemon slice.</p>

<p style=""font-family: Inter, sans-serif;""><strong>Material:</strong> 925 Sterling Silver<br>
<strong>Finish:</strong> Oxidized Silver<br>
<strong>Stone:</strong> White CZ+Purple &Yellow Enamel<br>
<strong>Size:</strong> 13mm<br>
<strong>Weight:</strong> 1.11g</p>

<p style=""font-family: Inter, sans-serif;""><strong>Fits all Orloff snake chain bracelets.</strong></p>

<p style=""font-family: Inter, sans-serif;""><strong>ORLOFF OF DENMARK.</strong></p>","Orloff of Denmark","Apparel & Accessories > Jewelry > Charms & Pendants","Charm","Travel & Lifestyle, Line A, Charm Bracelet, 925 Silver","FALSE","","","","","","","ORCB28","1","shopify","10","deny","manual","29","","TRUE","TRUE","","https://cdn.shopify.com/s/files/1/0852/4428/1122/files/ORCB28.jpg","1","Champagne Toast Charm","FALSE","Champagne Toast Charm | Orloff of Denmark","Two clinking glasses in purple enamel with clear stones and a lemon slice.","","","","","","","","","","","","","","","g","","2.76","","","","","","","draft"
"engagement-ring-charm","Engagement Ring Charm","<p style=""font-family: Inter, sans-serif;"">Solitaire ring and band pair, pave shoulders.</p>

<p style=""font-family: Inter, sans-serif;""><strong>Material:</strong> 925 Sterling Silver<br>
<strong>Finish:</strong> Oxidized Silver<br>
<strong>Stone:</strong> White CZ<br>
<strong>Size:</strong> 12mm<br>
<strong>Weight:</strong> 1.42g</p>

<p style=""font-family: Inter, sans-serif;""><strong>Fits all Orloff snake chain bracelets.</strong></p>

<p style=""font-family: Inter, sans-serif;""><strong>ORLOFF OF DENMARK.</strong></p>","Orloff of Denmark","Apparel & Accessories > Jewelry > Charms & Pendants","Charm","Milestones & Sentiment, Line A, Charm Bracelet, 925 Silver","FALSE","","","","","","","ORCB29","1","shopify","10","deny","manual","29","","TRUE","TRUE","","https://cdn.shopify.com/s/files/1/0852/4428/1122/files/ORCB29.jpg","1","Engagement Ring Charm","FALSE","Engagement Ring Charm | Orloff of Denmark","Solitaire ring and band pair, pave shoulders.","","","","","","","","","","","","","","","g","","3.59","","","","","","","draft"
"baby-pram-charm","Baby Pram Charm","<p style=""font-family: Inter, sans-serif;"">Pram with a rose gold enamel bow and clear stone wheels.</p>

<p style=""font-family: Inter, sans-serif;""><strong>Material:</strong> 925 Sterling Silver<br>
<strong>Finish:</strong> Rhodium &Rosegold<br>
<strong>Stone:</strong> White CZ<br>
<strong>Size:</strong> 15mm<br>
<strong>Weight:</strong> 3.41g</p>

<p style=""font-family: Inter, sans-serif;""><strong>Fits all Orloff snake chain bracelets.</strong></p>

<p style=""font-family: Inter, sans-serif;""><strong>ORLOFF OF DENMARK.</strong></p>","Orloff of Denmark","Apparel & Accessories > Jewelry > Charms & Pendants","Charm","Milestones & Sentiment, Line A, Charm Bracelet, 925 Silver","FALSE","","","","","","","ORCB30","3","shopify","10","deny","manual","49","","TRUE","TRUE","","https://cdn.shopify.com/s/files/1/0852/4428/1122/files/ORCB30.jpg","1","Baby Pram Charm","FALSE","Baby Pram Charm | Orloff of Denmark","Pram with a rose gold enamel bow and clear stone wheels.","","","","","","","","","","","","","","","g","","6.69","","","","","","","draft"
"aquarius-zodiac-charm","Aquarius Zodiac Charm","<p style=""font-family: Inter, sans-serif;"">The Aquarius sign in 925 sterling silver, oxidized and set with blue enamel. One of twelve in the zodiac series.</p>

<p style=""font-family: Inter, sans-serif;""><strong>Material:</strong> 925 Sterling Silver<br>
<strong>Finish:</strong> Oxidized Silver<br>
<strong>Stone:</strong> Blue Enamel<br>
<strong>Size:</strong> 11mm<br>
<strong>Weight:</strong> 2.54g</p>

<p style=""font-family: Inter, sans-serif;""><strong>Fits all Orloff snake chain bracelets.</strong></p>

<p style=""font-family: Inter, sans-serif;""><strong>ORLOFF OF DENMARK.</strong></p>","Orloff of Denmark","Apparel & Accessories > Jewelry > Charms & Pendants","Charm","Personal — Zodiac, Line A, Charm Bracelet, 925 Silver","FALSE","","","","","","","ORCB32-Agr","3","shopify","13","deny","manual","29","","TRUE","TRUE","","https://cdn.shopify.com/s/files/1/0852/4428/1122/files/ORCB32-Agr.jpg","1","Aquarius Zodiac Charm","FALSE","Aquarius Zodiac Charm | Orloff of Denmark","The Aquarius sign in 925 sterling silver, oxidized and set with blue enamel.","","","","","","","","","","","","","","","g","","4.47","","","","","","","draft"
"aries-zodiac-charm","Aries Zodiac Charm","<p style=""font-family: Inter, sans-serif;"">The Aries sign in 925 sterling silver, oxidized and set with blue enamel. One of twelve in the zodiac series.</p>

<p style=""font-family: Inter, sans-serif;""><strong>Material:</strong> 925 Sterling Silver<br>
<strong>Finish:</strong> Oxidized Silver<br>
<strong>Stone:</strong> Blue Enamel<br>
<strong>Size:</strong> 11mm<br>
<strong>Weight:</strong> 2.54g</p>

<p style=""font-family: Inter, sans-serif;""><strong>Fits all Orloff snake chain bracelets.</strong></p>

<p style=""font-family: Inter, sans-serif;""><strong>ORLOFF OF DENMARK.</strong></p>","Orloff of Denmark","Apparel & Accessories > Jewelry > Charms & Pendants","Charm","Personal — Zodiac, Line A, Charm Bracelet, 925 Silver","FALSE","","","","","","","ORCB32-Ari","3","shopify","15","deny","manual","29","","TRUE","TRUE","","https://cdn.shopify.com/s/files/1/0852/4428/1122/files/ORCB32-Ari.jpg","1","Aries Zodiac Charm","FALSE","Aries Zodiac Charm | Orloff of Denmark","The Aries sign in 925 sterling silver, oxidized and set with blue enamel.","","","","","","","","","","","","","","","g","","4.26","","","","","","","draft"
"capricorn-zodiac-charm","Capricorn Zodiac Charm","<p style=""font-family: Inter, sans-serif;"">The Capricorn sign in 925 sterling silver, oxidized and set with blue enamel. One of twelve in the zodiac series.</p>

<p style=""font-family: Inter, sans-serif;""><strong>Material:</strong> 925 Sterling Silver<br>
<strong>Finish:</strong> Oxidized Silver<br>
<strong>Stone:</strong> Blue Enamel<br>
<strong>Size:</strong> 11mm<br>
<strong>Weight:</strong> 2.54g</p>

<p style=""font-family: Inter, sans-serif;""><strong>Fits all Orloff snake chain bracelets.</strong></p>

<p style=""font-family: Inter, sans-serif;""><strong>ORLOFF OF DENMARK.</strong></p>","Orloff of Denmark","Apparel & Accessories > Jewelry > Charms & Pendants","Charm","Personal — Zodiac, Line A, Charm Bracelet, 925 Silver","FALSE","","","","","","","ORCB32-Cap","3","shopify","13","deny","manual","29","","TRUE","TRUE","","https://cdn.shopify.com/s/files/1/0852/4428/1122/files/ORCB32-Cap.jpg","1","Capricorn Zodiac Charm","FALSE","Capricorn Zodiac Charm | Orloff of Denmark","The Capricorn sign in 925 sterling silver, oxidized and set with blue enamel.","","","","","","","","","","","","","","","g","","4.42","","","","","","","draft"
"cancer-zodiac-charm","Cancer Zodiac Charm","<p style=""font-family: Inter, sans-serif;"">The Cancer sign in 925 sterling silver, oxidized and set with blue enamel. One of twelve in the zodiac series.</p>

<p style=""font-family: Inter, sans-serif;""><strong>Material:</strong> 925 Sterling Silver<br>
<strong>Finish:</strong> Oxidized Silver<br>
<strong>Stone:</strong> Blue Enamel<br>
<strong>Size:</strong> 11mm<br>
<strong>Weight:</strong> 2.54g</p>

<p style=""font-family: Inter, sans-serif;""><strong>Fits all Orloff snake chain bracelets.</strong></p>

<p style=""font-family: Inter, sans-serif;""><strong>ORLOFF OF DENMARK.</strong></p>","Orloff of Denmark","Apparel & Accessories > Jewelry > Charms & Pendants","Charm","Personal — Zodiac, Line A, Charm Bracelet, 925 Silver","FALSE","","","","","","","ORCB32-Cnc","3","shopify","16","deny","manual","29","","TRUE","TRUE","","https://cdn.shopify.com/s/files/1/0852/4428/1122/files/ORCB32-Cnc.jpg","1","Cancer Zodiac Charm","FALSE","Cancer Zodiac Charm | Orloff of Denmark","The Cancer sign in 925 sterling silver, oxidized and set with blue enamel.","","","","","","","","","","","","","","","g","","4.26","","","","","","","draft"
"gemini-zodiac-charm","Gemini Zodiac Charm","<p style=""font-family: Inter, sans-serif;"">The Gemini sign in 925 sterling silver, oxidized and set with blue enamel. One of twelve in the zodiac series.</p>

<p style=""font-family: Inter, sans-serif;""><strong>Material:</strong> 925 Sterling Silver<br>
<strong>Finish:</strong> Oxidized Silver<br>
<strong>Stone:</strong> Blue Enamel<br>
<strong>Size:</strong> 11mm<br>
<strong>Weight:</strong> 2.54g</p>

<p style=""font-family: Inter, sans-serif;""><strong>Fits all Orloff snake chain bracelets.</strong></p>

<p style=""font-family: Inter, sans-serif;""><strong>ORLOFF OF DENMARK.</strong></p>","Orloff of Denmark","Apparel & Accessories > Jewelry > Charms & Pendants","Charm","Personal — Zodiac, Line A, Charm Bracelet, 925 Silver","FALSE","","","","","","","ORCB32-Gem","3","shopify","16","deny","manual","29","","TRUE","TRUE","","https://cdn.shopify.com/s/files/1/0852/4428/1122/files/ORCB32-Gem.jpg","1","Gemini Zodiac Charm","FALSE","Gemini Zodiac Charm | Orloff of Denmark","The Gemini sign in 925 sterling silver, oxidized and set with blue enamel.","","","","","","","","","","","","","","","g","","4.31","","","","","","","draft"
"leo-zodiac-charm","Leo Zodiac Charm","<p style=""font-family: Inter, sans-serif;"">The Leo sign in 925 sterling silver, oxidized and set with blue enamel. One of twelve in the zodiac series.</p>

<p style=""font-family: Inter, sans-serif;""><strong>Material:</strong> 925 Sterling Silver<br>
<strong>Finish:</strong> Oxidized Silver<br>
<strong>Stone:</strong> Blue Enamel<br>
<strong>Size:</strong> 11mm<br>
<strong>Weight:</strong> 2.54g</p>

<p style=""font-family: Inter, sans-serif;""><strong>Fits all Orloff snake chain bracelets.</strong></p>

<p style=""font-family: Inter, sans-serif;""><strong>ORLOFF OF DENMARK.</strong></p>","Orloff of Denmark","Apparel & Accessories > Jewelry > Charms & Pendants","Charm","Personal — Zodiac, Line A, Charm Bracelet, 925 Silver","FALSE","","","","","","","ORCB32-Leo","3","shopify","16","deny","manual","29","","TRUE","TRUE","","https://cdn.shopify.com/s/files/1/0852/4428/1122/files/ORCB32-Leo.jpg","1","Leo Zodiac Charm","FALSE","Leo Zodiac Charm | Orloff of Denmark","The Leo sign in 925 sterling silver, oxidized and set with blue enamel.","","","","","","","","","","","","","","","g","","4.31","","","","","","","draft"
"libra-zodiac-charm","Libra Zodiac Charm","<p style=""font-family: Inter, sans-serif;"">The Libra sign in 925 sterling silver, oxidized and set with blue enamel. One of twelve in the zodiac series.</p>

<p style=""font-family: Inter, sans-serif;""><strong>Material:</strong> 925 Sterling Silver<br>
<strong>Finish:</strong> Oxidized Silver<br>
<strong>Stone:</strong> Blue Enamel<br>
<strong>Size:</strong> 11mm<br>
<strong>Weight:</strong> 2.54g</p>

<p style=""font-family: Inter, sans-serif;""><strong>Fits all Orloff snake chain bracelets.</strong></p>

<p style=""font-family: Inter, sans-serif;""><strong>ORLOFF OF DENMARK.</strong></p>","Orloff of Denmark","Apparel & Accessories > Jewelry > Charms & Pendants","Charm","Personal — Zodiac, Line A, Charm Bracelet, 925 Silver","FALSE","","","","","","","ORCB32-Lib","3","shopify","15","deny","manual","29","","TRUE","TRUE","","https://cdn.shopify.com/s/files/1/0852/4428/1122/files/ORCB32-Lib.jpg","1","Libra Zodiac Charm","FALSE","Libra Zodiac Charm | Orloff of Denmark","The Libra sign in 925 sterling silver, oxidized and set with blue enamel.","","","","","","","","","","","","","","","g","","4.35","","","","","","","draft"
"pisces-zodiac-charm","Pisces Zodiac Charm","<p style=""font-family: Inter, sans-serif;"">The Pisces sign in 925 sterling silver, oxidized and set with blue enamel. One of twelve in the zodiac series.</p>

<p style=""font-family: Inter, sans-serif;""><strong>Material:</strong> 925 Sterling Silver<br>
<strong>Finish:</strong> Oxidized Silver<br>
<strong>Stone:</strong> Blue Enamel<br>
<strong>Size:</strong> 11mm<br>
<strong>Weight:</strong> 2.54g</p>

<p style=""font-family: Inter, sans-serif;""><strong>Fits all Orloff snake chain bracelets.</strong></p>

<p style=""font-family: Inter, sans-serif;""><strong>ORLOFF OF DENMARK.</strong></p>","Orloff of Denmark","Apparel & Accessories > Jewelry > Charms & Pendants","Charm","Personal — Zodiac, Line A, Charm Bracelet, 925 Silver","FALSE","","","","","","","ORCB32-Psc","3","shopify","15","deny","manual","29","","TRUE","TRUE","","https://cdn.shopify.com/s/files/1/0852/4428/1122/files/ORCB32-Psc.jpg","1","Pisces Zodiac Charm","FALSE","Pisces Zodiac Charm | Orloff of Denmark","The Pisces sign in 925 sterling silver, oxidized and set with blue enamel.","","","","","","","","","","","","","","","g","","4.17","","","","","","","draft"
"scorpio-zodiac-charm","Scorpio Zodiac Charm","<p style=""font-family: Inter, sans-serif;"">The Scorpio sign in 925 sterling silver, oxidized and set with blue enamel. One of twelve in the zodiac series.</p>

<p style=""font-family: Inter, sans-serif;""><strong>Material:</strong> 925 Sterling Silver<br>
<strong>Finish:</strong> Oxidized Silver<br>
<strong>Stone:</strong> Blue Enamel<br>
<strong>Size:</strong> 11mm<br>
<strong>Weight:</strong> 2.54g</p>

<p style=""font-family: Inter, sans-serif;""><strong>Fits all Orloff snake chain bracelets.</strong></p>

<p style=""font-family: Inter, sans-serif;""><strong>ORLOFF OF DENMARK.</strong></p>","Orloff of Denmark","Apparel & Accessories > Jewelry > Charms & Pendants","Charm","Personal — Zodiac, Line A, Charm Bracelet, 925 Silver","FALSE","","","","","","","ORCB32-Sco","3","shopify","11","deny","manual","29","","TRUE","TRUE","","https://cdn.shopify.com/s/files/1/0852/4428/1122/files/ORCB32-Sco.jpg","1","Scorpio Zodiac Charm","FALSE","Scorpio Zodiac Charm | Orloff of Denmark","The Scorpio sign in 925 sterling silver, oxidized and set with blue enamel.","","","","","","","","","","","","","","","g","","4.31","","","","","","","draft"
"sagittarius-zodiac-charm","Sagittarius Zodiac Charm","<p style=""font-family: Inter, sans-serif;"">The Sagittarius sign in 925 sterling silver, oxidized and set with blue enamel. One of twelve in the zodiac series.</p>

<p style=""font-family: Inter, sans-serif;""><strong>Material:</strong> 925 Sterling Silver<br>
<strong>Finish:</strong> Oxidized Silver<br>
<strong>Stone:</strong> Blue Enamel<br>
<strong>Size:</strong> 11mm<br>
<strong>Weight:</strong> 2.54g</p>

<p style=""font-family: Inter, sans-serif;""><strong>Fits all Orloff snake chain bracelets.</strong></p>

<p style=""font-family: Inter, sans-serif;""><strong>ORLOFF OF DENMARK.</strong></p>","Orloff of Denmark","Apparel & Accessories > Jewelry > Charms & Pendants","Charm","Personal — Zodiac, Line A, Charm Bracelet, 925 Silver","FALSE","","","","","","","ORCB32-Sgr","3","shopify","16","deny","manual","29","","TRUE","TRUE","","https://cdn.shopify.com/s/files/1/0852/4428/1122/files/ORCB32-Sgr.jpg","1","Sagittarius Zodiac Charm","FALSE","Sagittarius Zodiac Charm | Orloff of Denmark","The Sagittarius sign in 925 sterling silver, oxidized and set with blue enamel.","","","","","","","","","","","","","","","g","","4.31","","","","","","","draft"
"taurus-zodiac-charm","Taurus Zodiac Charm","<p style=""font-family: Inter, sans-serif;"">The Taurus sign in 925 sterling silver, oxidized and set with blue enamel. One of twelve in the zodiac series.</p>

<p style=""font-family: Inter, sans-serif;""><strong>Material:</strong> 925 Sterling Silver<br>
<strong>Finish:</strong> Oxidized Silver<br>
<strong>Stone:</strong> Blue Enamel<br>
<strong>Size:</strong> 11mm<br>
<strong>Weight:</strong> 2.54g</p>

<p style=""font-family: Inter, sans-serif;""><strong>Fits all Orloff snake chain bracelets.</strong></p>

<p style=""font-family: Inter, sans-serif;""><strong>ORLOFF OF DENMARK.</strong></p>","Orloff of Denmark","Apparel & Accessories > Jewelry > Charms & Pendants","Charm","Personal — Zodiac, Line A, Charm Bracelet, 925 Silver","FALSE","","","","","","","ORCB32-Tau","3","shopify","16","deny","manual","29","","TRUE","TRUE","","https://cdn.shopify.com/s/files/1/0852/4428/1122/files/ORCB32-Tau.jpg","1","Taurus Zodiac Charm","FALSE","Taurus Zodiac Charm | Orloff of Denmark","The Taurus sign in 925 sterling silver, oxidized and set with blue enamel.","","","","","","","","","","","","","","","g","","4.42","","","","","","","draft"
"virgo-zodiac-charm","Virgo Zodiac Charm","<p style=""font-family: Inter, sans-serif;"">The Virgo sign in 925 sterling silver, oxidized and set with blue enamel. One of twelve in the zodiac series.</p>

<p style=""font-family: Inter, sans-serif;""><strong>Material:</strong> 925 Sterling Silver<br>
<strong>Finish:</strong> Oxidized Silver<br>
<strong>Stone:</strong> Blue Enamel<br>
<strong>Size:</strong> 11mm<br>
<strong>Weight:</strong> 2.54g</p>

<p style=""font-family: Inter, sans-serif;""><strong>Fits all Orloff snake chain bracelets.</strong></p>

<p style=""font-family: Inter, sans-serif;""><strong>ORLOFF OF DENMARK.</strong></p>","Orloff of Denmark","Apparel & Accessories > Jewelry > Charms & Pendants","Charm","Personal — Zodiac, Line A, Charm Bracelet, 925 Silver","FALSE","","","","","","","ORCB32-Vir","3","shopify","16","deny","manual","29","","TRUE","TRUE","","https://cdn.shopify.com/s/files/1/0852/4428/1122/files/ORCB32-Vir.jpg","1","Virgo Zodiac Charm","FALSE","Virgo Zodiac Charm | Orloff of Denmark","The Virgo sign in 925 sterling silver, oxidized and set with blue enamel.","","","","","","","","","","","","","","","g","","4.31","","","","","","","draft"
"september-birthstone-charm-sapphire","September Birthstone Charm, Sapphire","<p style=""font-family: Inter, sans-serif;"">A 3mm sapphire set in oxidized 925 sterling silver. September's birthstone, one of twelve in the series.</p>

<p style=""font-family: Inter, sans-serif;""><strong>Material:</strong> 925 Sterling Silver<br>
<strong>Finish:</strong> Oxidized Silver<br>
<strong>Stone:</strong> 3mm Sapphire<br>
<strong>Size:</strong> 11mm<br>
<strong>Weight:</strong> 1.56g</p>

<p style=""font-family: Inter, sans-serif;""><strong>Fits all Orloff snake chain bracelets.</strong></p>

<p style=""font-family: Inter, sans-serif;""><strong>ORLOFF OF DENMARK.</strong></p>","Orloff of Denmark","Apparel & Accessories > Jewelry > Charms & Pendants","Charm","Personal — Birthstone, Line A, Charm Bracelet, 925 Silver","FALSE","","","","","","","ORCB33-BL","2","shopify","20","deny","manual","29","","TRUE","TRUE","","https://cdn.shopify.com/s/files/1/0852/4428/1122/files/ORCB33-BL.jpg","1","September Birthstone Charm, Sapphire","FALSE","September Birthstone Charm, Sapphire | Orloff of Denmark","A 3mm sapphire set in oxidized 925 sterling silver.","","","","","","","","","","","","","","","g","","3.50","","","","","","","draft"
"october-birthstone-charm-tourmaline","October Birthstone Charm, Tourmaline","<p style=""font-family: Inter, sans-serif;"">A 3mm tourmaline set in oxidized 925 sterling silver. October's birthstone, one of twelve in the series.</p>

<p style=""font-family: Inter, sans-serif;""><strong>Material:</strong> 925 Sterling Silver<br>
<strong>Finish:</strong> Oxidized Silver<br>
<strong>Stone:</strong> 3mm Tourmaline<br>
<strong>Size:</strong> 11mm<br>
<strong>Weight:</strong> 1.56g</p>

<p style=""font-family: Inter, sans-serif;""><strong>Fits all Orloff snake chain bracelets.</strong></p>

<p style=""font-family: Inter, sans-serif;""><strong>ORLOFF OF DENMARK.</strong></p>","Orloff of Denmark","Apparel & Accessories > Jewelry > Charms & Pendants","Charm","Personal — Birthstone, Line A, Charm Bracelet, 925 Silver","FALSE","","","","","","","ORCB33-F","2","shopify","20","deny","manual","29","","TRUE","TRUE","","https://cdn.shopify.com/s/files/1/0852/4428/1122/files/ORCB33-F.jpg","1","October Birthstone Charm, Tourmaline","FALSE","October Birthstone Charm, Tourmaline | Orloff of Denmark","A 3mm tourmaline set in oxidized 925 sterling silver.","","","","","","","","","","","","","","","g","","3.50","","","","","","","draft"
"august-birthstone-charm-peridot","August Birthstone Charm, Peridot","<p style=""font-family: Inter, sans-serif;"">A 3mm peridot set in oxidized 925 sterling silver. August's birthstone, one of twelve in the series.</p>

<p style=""font-family: Inter, sans-serif;""><strong>Material:</strong> 925 Sterling Silver<br>
<strong>Finish:</strong> Oxidized Silver<br>
<strong>Stone:</strong> 3mm Peridot<br>
<strong>Size:</strong> 11mm<br>
<strong>Weight:</strong> 1.56g</p>

<p style=""font-family: Inter, sans-serif;""><strong>Fits all Orloff snake chain bracelets.</strong></p>

<p style=""font-family: Inter, sans-serif;""><strong>ORLOFF OF DENMARK.</strong></p>","Orloff of Denmark","Apparel & Accessories > Jewelry > Charms & Pendants","Charm","Personal — Birthstone, Line A, Charm Bracelet, 925 Silver","FALSE","","","","","","","ORCB33-G","2","shopify","20","deny","manual","29","","TRUE","TRUE","","https://cdn.shopify.com/s/files/1/0852/4428/1122/files/ORCB33-G.jpg","1","August Birthstone Charm, Peridot","FALSE","August Birthstone Charm, Peridot | Orloff of Denmark","A 3mm peridot set in oxidized 925 sterling silver.","","","","","","","","","","","","","","","g","","3.50","","","","","","","draft"
"december-birthstone-charm-turquoise","December Birthstone Charm, Turquoise","<p style=""font-family: Inter, sans-serif;"">A 3mm turquoise set in oxidized 925 sterling silver. December's birthstone, one of twelve in the series.</p>

<p style=""font-family: Inter, sans-serif;""><strong>Material:</strong> 925 Sterling Silver<br>
<strong>Finish:</strong> Oxidized Silver<br>
<strong>Stone:</strong> 3mm Turquoise<br>
<strong>Size:</strong> 11mm<br>
<strong>Weight:</strong> 1.56g</p>

<p style=""font-family: Inter, sans-serif;""><strong>Fits all Orloff snake chain bracelets.</strong></p>

<p style=""font-family: Inter, sans-serif;""><strong>ORLOFF OF DENMARK.</strong></p>","Orloff of Denmark","Apparel & Accessories > Jewelry > Charms & Pendants","Charm","Personal — Birthstone, Line A, Charm Bracelet, 925 Silver","FALSE","","","","","","","ORCB33-L","2","shopify","20","deny","manual","29","","TRUE","TRUE","","https://cdn.shopify.com/s/files/1/0852/4428/1122/files/ORCB33-L.jpg","1","December Birthstone Charm, Turquoise","FALSE","December Birthstone Charm, Turquoise | Orloff of Denmark","A 3mm turquoise set in oxidized 925 sterling silver.","","","","","","","","","","","","","","","g","","3.50","","","","","","","draft"
"may-birthstone-charm-emerald","May Birthstone Charm, Emerald","<p style=""font-family: Inter, sans-serif;"">A 3mm emerald set in oxidized 925 sterling silver. May's birthstone, one of twelve in the series.</p>

<p style=""font-family: Inter, sans-serif;""><strong>Material:</strong> 925 Sterling Silver<br>
<strong>Finish:</strong> Oxidized Silver<br>
<strong>Stone:</strong> 3mm Emerald<br>
<strong>Size:</strong> 11mm<br>
<strong>Weight:</strong> 1.56g</p>

<p style=""font-family: Inter, sans-serif;""><strong>Fits all Orloff snake chain bracelets.</strong></p>

<p style=""font-family: Inter, sans-serif;""><strong>ORLOFF OF DENMARK.</strong></p>","Orloff of Denmark","Apparel & Accessories > Jewelry > Charms & Pendants","Charm","Personal — Birthstone, Line A, Charm Bracelet, 925 Silver","FALSE","","","","","","","ORCB33-LV","2","shopify","20","deny","manual","29","","TRUE","TRUE","","https://cdn.shopify.com/s/files/1/0852/4428/1122/files/ORCB33-LV.jpg","1","May Birthstone Charm, Emerald","FALSE","May Birthstone Charm, Emerald | Orloff of Denmark","A 3mm emerald set in oxidized 925 sterling silver.","","","","","","","","","","","","","","","g","","3.50","","","","","","","draft"
"july-birthstone-charm-ruby","July Birthstone Charm, Ruby","<p style=""font-family: Inter, sans-serif;"">A 3mm ruby set in oxidized 925 sterling silver. July's birthstone, one of twelve in the series.</p>

<p style=""font-family: Inter, sans-serif;""><strong>Material:</strong> 925 Sterling Silver<br>
<strong>Finish:</strong> Oxidized Silver<br>
<strong>Stone:</strong> 3mm Ruby<br>
<strong>Size:</strong> 11mm<br>
<strong>Weight:</strong> 1.56g</p>

<p style=""font-family: Inter, sans-serif;""><strong>Fits all Orloff snake chain bracelets.</strong></p>

<p style=""font-family: Inter, sans-serif;""><strong>ORLOFF OF DENMARK.</strong></p>","Orloff of Denmark","Apparel & Accessories > Jewelry > Charms & Pendants","Charm","Personal — Birthstone, Line A, Charm Bracelet, 925 Silver","FALSE","","","","","","","ORCB33-M","2","shopify","19","deny","manual","29","","TRUE","TRUE","","https://cdn.shopify.com/s/files/1/0852/4428/1122/files/ORCB33-M.jpg","1","July Birthstone Charm, Ruby","FALSE","July Birthstone Charm, Ruby | Orloff of Denmark","A 3mm ruby set in oxidized 925 sterling silver.","","","","","","","","","","","","","","","g","","3.50","","","","","","","draft"
"february-birthstone-charm-amethyst","February Birthstone Charm, Amethyst","<p style=""font-family: Inter, sans-serif;"">A 3mm amethyst set in oxidized 925 sterling silver. February's birthstone, one of twelve in the series.</p>

<p style=""font-family: Inter, sans-serif;""><strong>Material:</strong> 925 Sterling Silver<br>
<strong>Finish:</strong> Oxidized Silver<br>
<strong>Stone:</strong> 3mm Amethyst<br>
<strong>Size:</strong> 11mm<br>
<strong>Weight:</strong> 1.56g</p>

<p style=""font-family: Inter, sans-serif;""><strong>Fits all Orloff snake chain bracelets.</strong></p>

<p style=""font-family: Inter, sans-serif;""><strong>ORLOFF OF DENMARK.</strong></p>","Orloff of Denmark","Apparel & Accessories > Jewelry > Charms & Pendants","Charm","Personal — Birthstone, Line A, Charm Bracelet, 925 Silver","FALSE","","","","","","","ORCB33-P","2","shopify","20","deny","manual","29","","TRUE","TRUE","","https://cdn.shopify.com/s/files/1/0852/4428/1122/files/ORCB33-P.jpg","1","February Birthstone Charm, Amethyst","FALSE","February Birthstone Charm, Amethyst | Orloff of Denmark","A 3mm amethyst set in oxidized 925 sterling silver.","","","","","","","","","","","","","","","g","","3.50","","","","","","","draft"
"june-birthstone-charm-alexandrite","June Birthstone Charm, Alexandrite","<p style=""font-family: Inter, sans-serif;"">A 3mm alexandrite set in oxidized 925 sterling silver. June's birthstone, one of twelve in the series.</p>

<p style=""font-family: Inter, sans-serif;""><strong>Material:</strong> 925 Sterling Silver<br>
<strong>Finish:</strong> Oxidized Silver<br>
<strong>Stone:</strong> 3mm Alexandrite<br>
<strong>Size:</strong> 11mm<br>
<strong>Weight:</strong> 1.56g</p>

<p style=""font-family: Inter, sans-serif;""><strong>Fits all Orloff snake chain bracelets.</strong></p>

<p style=""font-family: Inter, sans-serif;""><strong>ORLOFF OF DENMARK.</strong></p>","Orloff of Denmark","Apparel & Accessories > Jewelry > Charms & Pendants","Charm","Personal — Birthstone, Line A, Charm Bracelet, 925 Silver","FALSE","","","","","","","ORCB33-PL","2","shopify","20","deny","manual","29","","TRUE","TRUE","","https://cdn.shopify.com/s/files/1/0852/4428/1122/files/ORCB33-PL.jpg","1","June Birthstone Charm, Alexandrite","FALSE","June Birthstone Charm, Alexandrite | Orloff of Denmark","A 3mm alexandrite set in oxidized 925 sterling silver.","","","","","","","","","","","","","","","g","","3.50","","","","","","","draft"
"march-birthstone-charm-aquamarine","March Birthstone Charm, Aquamarine","<p style=""font-family: Inter, sans-serif;"">A 3mm aquamarine set in oxidized 925 sterling silver. March's birthstone, one of twelve in the series.</p>

<p style=""font-family: Inter, sans-serif;""><strong>Material:</strong> 925 Sterling Silver<br>
<strong>Finish:</strong> Oxidized Silver<br>
<strong>Stone:</strong> 3mm Aquamarine<br>
<strong>Size:</strong> 11mm<br>
<strong>Weight:</strong> 1.56g</p>

<p style=""font-family: Inter, sans-serif;""><strong>Fits all Orloff snake chain bracelets.</strong></p>

<p style=""font-family: Inter, sans-serif;""><strong>ORLOFF OF DENMARK.</strong></p>","Orloff of Denmark","Apparel & Accessories > Jewelry > Charms & Pendants","Charm","Personal — Birthstone, Line A, Charm Bracelet, 925 Silver","FALSE","","","","","","","ORCB33-Q","2","shopify","20","deny","manual","29","","TRUE","TRUE","","https://cdn.shopify.com/s/files/1/0852/4428/1122/files/ORCB33-Q.jpg","1","March Birthstone Charm, Aquamarine","FALSE","March Birthstone Charm, Aquamarine | Orloff of Denmark","A 3mm aquamarine set in oxidized 925 sterling silver.","","","","","","","","","","","","","","","g","","3.50","","","","","","","draft"
"january-birthstone-charm-garnet","January Birthstone Charm, Garnet","<p style=""font-family: Inter, sans-serif;"">A 3mm garnet set in oxidized 925 sterling silver. January's birthstone, one of twelve in the series.</p>

<p style=""font-family: Inter, sans-serif;""><strong>Material:</strong> 925 Sterling Silver<br>
<strong>Finish:</strong> Oxidized Silver<br>
<strong>Stone:</strong> 3mm Garnet<br>
<strong>Size:</strong> 11mm<br>
<strong>Weight:</strong> 1.56g</p>

<p style=""font-family: Inter, sans-serif;""><strong>Fits all Orloff snake chain bracelets.</strong></p>

<p style=""font-family: Inter, sans-serif;""><strong>ORLOFF OF DENMARK.</strong></p>","Orloff of Denmark","Apparel & Accessories > Jewelry > Charms & Pendants","Charm","Personal — Birthstone, Line A, Charm Bracelet, 925 Silver","FALSE","","","","","","","ORCB33-R","2","shopify","20","deny","manual","29","","TRUE","TRUE","","https://cdn.shopify.com/s/files/1/0852/4428/1122/files/ORCB33-R.jpg","1","January Birthstone Charm, Garnet","FALSE","January Birthstone Charm, Garnet | Orloff of Denmark","A 3mm garnet set in oxidized 925 sterling silver.","","","","","","","","","","","","","","","g","","3.50","","","","","","","draft"
"april-birthstone-charm-white","April Birthstone Charm, White","<p style=""font-family: Inter, sans-serif;"">A 3mm white stone set in oxidized 925 sterling silver. April's birthstone, one of twelve in the series.</p>

<p style=""font-family: Inter, sans-serif;""><strong>Material:</strong> 925 Sterling Silver<br>
<strong>Finish:</strong> Oxidized Silver<br>
<strong>Stone:</strong> 3mm White<br>
<strong>Size:</strong> 11mm<br>
<strong>Weight:</strong> 1.56g</p>

<p style=""font-family: Inter, sans-serif;""><strong>Fits all Orloff snake chain bracelets.</strong></p>

<p style=""font-family: Inter, sans-serif;""><strong>ORLOFF OF DENMARK.</strong></p>","Orloff of Denmark","Apparel & Accessories > Jewelry > Charms & Pendants","Charm","Personal — Birthstone, Line A, Charm Bracelet, 925 Silver","FALSE","","","","","","","ORCB33-W","2","shopify","20","deny","manual","29","","TRUE","TRUE","","https://cdn.shopify.com/s/files/1/0852/4428/1122/files/ORCB33-W.jpg","1","April Birthstone Charm, White","FALSE","April Birthstone Charm, White | Orloff of Denmark","A 3mm white stone set in oxidized 925 sterling silver.","","","","","","","","","","","","","","","g","","3.50","","","","","","","draft"
"november-birthstone-charm-yellow-topaz","November Birthstone Charm, Yellow Topaz","<p style=""font-family: Inter, sans-serif;"">A 3mm yellow topaz set in oxidized 925 sterling silver. November's birthstone, one of twelve in the series.</p>

<p style=""font-family: Inter, sans-serif;""><strong>Material:</strong> 925 Sterling Silver<br>
<strong>Finish:</strong> Oxidized Silver<br>
<strong>Stone:</strong> 3mm Yellow Topaz<br>
<strong>Size:</strong> 11mm<br>
<strong>Weight:</strong> 1.56g</p>

<p style=""font-family: Inter, sans-serif;""><strong>Fits all Orloff snake chain bracelets.</strong></p>

<p style=""font-family: Inter, sans-serif;""><strong>ORLOFF OF DENMARK.</strong></p>","Orloff of Denmark","Apparel & Accessories > Jewelry > Charms & Pendants","Charm","Personal — Birthstone, Line A, Charm Bracelet, 925 Silver","FALSE","","","","","","","ORCB33-X","2","shopify","20","deny","manual","29","","TRUE","TRUE","","https://cdn.shopify.com/s/files/1/0852/4428/1122/files/ORCB33-X.jpg","1","November Birthstone Charm, Yellow Topaz","FALSE","November Birthstone Charm, Yellow Topaz | Orloff of Denmark","A 3mm yellow topaz set in oxidized 925 sterling silver.","","","","","","","","","","","","","","","g","","3.50","","","","","","","draft"
"openwork-hearts-charm-pink","Openwork Hearts Charm, Pink","<p style=""font-family: Inter, sans-serif;"">Cut-out hearts between bands of pink and white stones.</p>

<p style=""font-family: Inter, sans-serif;""><strong>Material:</strong> 925 Sterling Silver<br>
<strong>Finish:</strong> Oxidized Silver, Highly<br>
<strong>Stone:</strong> Stone: Pink & White<br>
<strong>Size:</strong> 11mm<br>
<strong>Weight:</strong> 2.1g</p>

<p style=""font-family: Inter, sans-serif;""><strong>Fits all Orloff snake chain bracelets.</strong></p>

<p style=""font-family: Inter, sans-serif;""><strong>ORLOFF OF DENMARK.</strong></p>","Orloff of Denmark","Apparel & Accessories > Jewelry > Charms & Pendants","Charm","Milestones & Sentiment, Line A, Charm Bracelet, 925 Silver","FALSE","","","","","","","ORCB34","2","shopify","10","deny","manual","39","","TRUE","TRUE","","https://cdn.shopify.com/s/files/1/0852/4428/1122/files/ORCB34.jpg","1","Openwork Hearts Charm, Pink","FALSE","Openwork Hearts Charm, Pink | Orloff of Denmark","Cut-out hearts between bands of pink and white stones.","","","","","","","","","","","","","","","g","","5.03","","","","","","","draft"
"four-leaf-clover-charm","Four Leaf Clover Charm","<p style=""font-family: Inter, sans-serif;"">Clover set with clear stones throughout.</p>

<p style=""font-family: Inter, sans-serif;""><strong>Material:</strong> 925 Sterling Silver<br>
<strong>Finish:</strong> Oxidized Silver, Highly<br>
<strong>Stone:</strong> Stone: White<br>
<strong>Size:</strong> 11mm<br>
<strong>Weight:</strong> 2.0g</p>

<p style=""font-family: Inter, sans-serif;""><strong>Fits all Orloff snake chain bracelets.</strong></p>

<p style=""font-family: Inter, sans-serif;""><strong>ORLOFF OF DENMARK.</strong></p>","Orloff of Denmark","Apparel & Accessories > Jewelry > Charms & Pendants","Charm","Nature, Line A, Charm Bracelet, 925 Silver","FALSE","","","","","","","ORCB35","2","shopify","10","deny","manual","39","","TRUE","TRUE","","https://cdn.shopify.com/s/files/1/0852/4428/1122/files/ORCB35.jpg","1","Four Leaf Clover Charm","FALSE","Four Leaf Clover Charm | Orloff of Denmark","Clover set with clear stones throughout.","","","","","","","","","","","","","","","g","","4.59","","","","","","","draft"
"crystal-cluster-charm-blue","Crystal Cluster Charm, Blue","<p style=""font-family: Inter, sans-serif;"">Mixed blue and clear crystals set close over the whole bead.</p>

<p style=""font-family: Inter, sans-serif;""><strong>Material:</strong> 925 Sterling Silver<br>
<strong>Finish:</strong> Oxidized Silver, Highly<br>
<strong>Stone:</strong> Stone: Multicolor<br>
<strong>Size:</strong> 12mm<br>
<strong>Weight:</strong> 3.8g</p>

<p style=""font-family: Inter, sans-serif;""><strong>Fits all Orloff snake chain bracelets.</strong></p>

<p style=""font-family: Inter, sans-serif;""><strong>ORLOFF OF DENMARK.</strong></p>","Orloff of Denmark","Apparel & Accessories > Jewelry > Charms & Pendants","Charm","Sparkle & Classic, Line A, Charm Bracelet, 925 Silver","FALSE","","","","","","","ORCB36","4","shopify","10","deny","manual","49","","TRUE","TRUE","","https://cdn.shopify.com/s/files/1/0852/4428/1122/files/ORCB36.jpg","1","Crystal Cluster Charm, Blue","FALSE","Crystal Cluster Charm, Blue | Orloff of Denmark","Mixed blue and clear crystals set close over the whole bead.","","","","","","","","","","","","","","","g","","7.22","","","","","","","draft"
"heart-charm-light-blue-enamel","Heart Charm, Light Blue Enamel","<p style=""font-family: Inter, sans-serif;"">Polished heart on a ground of light blue and white enamel spots.</p>

<p style=""font-family: Inter, sans-serif;""><strong>Material:</strong> 925 Sterling Silver<br>
<strong>Finish:</strong> Oxidized Silver, Highly<br>
<strong>Stone:</strong> Stone:NA / Enamel:Light Blue&White<br>
<strong>Size:</strong> 11mm<br>
<strong>Weight:</strong> 1.2g</p>

<p style=""font-family: Inter, sans-serif;""><strong>Fits all Orloff snake chain bracelets.</strong></p>

<p style=""font-family: Inter, sans-serif;""><strong>ORLOFF OF DENMARK.</strong></p>","Orloff of Denmark","Apparel & Accessories > Jewelry > Charms & Pendants","Charm","Milestones & Sentiment, Line A, Charm Bracelet, 925 Silver","FALSE","","","","","","","ORCB37","1","shopify","10","deny","manual","29","","TRUE","TRUE","","https://cdn.shopify.com/s/files/1/0852/4428/1122/files/ORCB37.jpg","1","Heart Charm, Light Blue Enamel","FALSE","Heart Charm, Light Blue Enamel | Orloff of Denmark","Polished heart on a ground of light blue and white enamel spots.","","","","","","","","","","","","","","","g","","3.94","","","","","","","draft"
"butterfly-charm-light-blue","Butterfly Charm, Light Blue","<p style=""font-family: Inter, sans-serif;"">Light blue enamel butterfly on an oxidized openwork bead.</p>

<p style=""font-family: Inter, sans-serif;""><strong>Material:</strong> 925 Sterling Silver<br>
<strong>Finish:</strong> Oxidized Silver, Highly<br>
<strong>Stone:</strong> Stone:NA / Enamel:Light Blue<br>
<strong>Size:</strong> 10mm<br>
<strong>Weight:</strong> 2.3g</p>

<p style=""font-family: Inter, sans-serif;""><strong>Fits all Orloff snake chain bracelets.</strong></p>

<p style=""font-family: Inter, sans-serif;""><strong>ORLOFF OF DENMARK.</strong></p>","Orloff of Denmark","Apparel & Accessories > Jewelry > Charms & Pendants","Charm","Animals, Line A, Charm Bracelet, 925 Silver","FALSE","","","","","","","ORCB38","2","shopify","10","deny","manual","39","","TRUE","TRUE","","https://cdn.shopify.com/s/files/1/0852/4428/1122/files/ORCB38.jpg","1","Butterfly Charm, Light Blue","FALSE","Butterfly Charm, Light Blue | Orloff of Denmark","Light blue enamel butterfly on an oxidized openwork bead.","","","","","","","","","","","","","","","g","","4.92","","","","","","","draft"
"primrose-charm-light-blue","Primrose Charm, Light Blue","<p style=""font-family: Inter, sans-serif;"">Light blue and white enamel flowers with clear stone centres.</p>

<p style=""font-family: Inter, sans-serif;""><strong>Material:</strong> 925 Sterling Silver<br>
<strong>Finish:</strong> Oxidized Silver, Highly<br>
<strong>Stone:</strong> CZ+Enamel<br>
<strong>Size:</strong> 10mm<br>
<strong>Weight:</strong> 2.3g</p>

<p style=""font-family: Inter, sans-serif;""><strong>Fits all Orloff snake chain bracelets.</strong></p>

<p style=""font-family: Inter, sans-serif;""><strong>ORLOFF OF DENMARK.</strong></p>","Orloff of Denmark","Apparel & Accessories > Jewelry > Charms & Pendants","Charm","Nature, Line A, Charm Bracelet, 925 Silver","FALSE","","","","","","","ORCB39","2","shopify","10","deny","manual","39","","TRUE","TRUE","","https://cdn.shopify.com/s/files/1/0852/4428/1122/files/ORCB39.jpg","1","Primrose Charm, Light Blue","FALSE","Primrose Charm, Light Blue | Orloff of Denmark","Light blue and white enamel flowers with clear stone centres.","","","","","","","","","","","","","","","g","","5.36","","","","","","","draft"
"red-rose-charm","Red Rose Charm","<p style=""font-family: Inter, sans-serif;"">Red enamel rose dangle on a scrolled heart bail.</p>

<p style=""font-family: Inter, sans-serif;""><strong>Material:</strong> 925 Sterling Silver<br>
<strong>Finish:</strong> Oxidized Silver, Highly<br>
<strong>Stone:</strong> Stone:NA / Enamel:Red<br>
<strong>Size:</strong> 26mm<br>
<strong>Weight:</strong> 1.8g</p>

<p style=""font-family: Inter, sans-serif;""><strong>Fits all Orloff snake chain bracelets.</strong></p>

<p style=""font-family: Inter, sans-serif;""><strong>ORLOFF OF DENMARK.</strong></p>","Orloff of Denmark","Apparel & Accessories > Jewelry > Charms & Pendants","Charm","Nature, Line A, Charm Bracelet, 925 Silver","FALSE","","","","","","","ORCB40","2","shopify","10","deny","manual","29","","TRUE","TRUE","","https://cdn.shopify.com/s/files/1/0852/4428/1122/files/ORCB40.jpg","1","Red Rose Charm","FALSE","Red Rose Charm | Orloff of Denmark","Red enamel rose dangle on a scrolled heart bail.","","","","","","","","","","","","","","","g","","4.27","","","","","","","draft"
"love-padlock-charm-blue","Love Padlock Charm, Blue","<p style=""font-family: Inter, sans-serif;"">Heart padlock in blue enamel lettered Love.</p>

<p style=""font-family: Inter, sans-serif;""><strong>Material:</strong> 925 Sterling Silver<br>
<strong>Finish:</strong> Oxidized Silver, Highly<br>
<strong>Stone:</strong> Stone:NA / Enamel: Blue<br>
<strong>Size:</strong> 24mm<br>
<strong>Weight:</strong> 2.4g</p>

<p style=""font-family: Inter, sans-serif;""><strong>Fits all Orloff snake chain bracelets.</strong></p>

<p style=""font-family: Inter, sans-serif;""><strong>ORLOFF OF DENMARK.</strong></p>","Orloff of Denmark","Apparel & Accessories > Jewelry > Charms & Pendants","Charm","Milestones & Sentiment, Line A, Charm Bracelet, 925 Silver","FALSE","","","","","","","ORCB41","2","shopify","9","deny","manual","39","","TRUE","TRUE","","https://cdn.shopify.com/s/files/1/0852/4428/1122/files/ORCB41.jpg","1","Love Padlock Charm, Blue","FALSE","Love Padlock Charm, Blue | Orloff of Denmark","Heart padlock in blue enamel lettered Love.","","","","","","","","","","","","","","","g","","5.58","","","","","","","draft"
"butterfly-charm-pink","Butterfly Charm, Pink","<p style=""font-family: Inter, sans-serif;"">Pink enamel butterfly dangle, wings folded.</p>

<p style=""font-family: Inter, sans-serif;""><strong>Material:</strong> 925 Sterling Silver<br>
<strong>Finish:</strong> Oxidized Silver, Highly<br>
<strong>Stone:</strong> Stone:NA / Enamel:Pink<br>
<strong>Size:</strong> 30mm<br>
<strong>Weight:</strong> 1.6g</p>

<p style=""font-family: Inter, sans-serif;""><strong>Fits all Orloff snake chain bracelets.</strong></p>

<p style=""font-family: Inter, sans-serif;""><strong>ORLOFF OF DENMARK.</strong></p>","Orloff of Denmark","Apparel & Accessories > Jewelry > Charms & Pendants","Charm","Animals, Line A, Charm Bracelet, 925 Silver","FALSE","","","","","","","ORCB42","2","shopify","10","deny","manual","29","","TRUE","TRUE","","https://cdn.shopify.com/s/files/1/0852/4428/1122/files/ORCB42.jpg","1","Butterfly Charm, Pink","FALSE","Butterfly Charm, Pink | Orloff of Denmark","Pink enamel butterfly dangle, wings folded.","","","","","","","","","","","","","","","g","","4.16","","","","","","","draft"
"cherry-blossom-charm-pink","Cherry Blossom Charm, Pink","<p style=""font-family: Inter, sans-serif;"">Five pink enamel petals around a single clear stone.</p>

<p style=""font-family: Inter, sans-serif;""><strong>Material:</strong> 925 Sterling Silver<br>
<strong>Finish:</strong> Oxidized Silver, Highly<br>
<strong>Stone:</strong> CZ+Enamel<br>
<strong>Size:</strong> 20mm<br>
<strong>Weight:</strong> 1.7g</p>

<p style=""font-family: Inter, sans-serif;""><strong>Fits all Orloff snake chain bracelets.</strong></p>

<p style=""font-family: Inter, sans-serif;""><strong>ORLOFF OF DENMARK.</strong></p>","Orloff of Denmark","Apparel & Accessories > Jewelry > Charms & Pendants","Charm","Nature, Line A, Charm Bracelet, 925 Silver","FALSE","","","","","","","ORCB43","2","shopify","10","deny","manual","29","","TRUE","TRUE","","https://cdn.shopify.com/s/files/1/0852/4428/1122/files/ORCB43.jpg","1","Cherry Blossom Charm, Pink","FALSE","Cherry Blossom Charm, Pink | Orloff of Denmark","Five pink enamel petals around a single clear stone.","","","","","","","","","","","","","","","g","","4.05","","","","","","","draft"
"pave-heart-charm-pink","Pave Heart Charm, Pink","<p style=""font-family: Inter, sans-serif;"">Heart dangle set throughout with pink stones.</p>

<p style=""font-family: Inter, sans-serif;""><strong>Material:</strong> 925 Sterling Silver<br>
<strong>Finish:</strong> Oxidized Silver, Highly<br>
<strong>Stone:</strong> Stone:Pink<br>
<strong>Size:</strong> 20mm<br>
<strong>Weight:</strong> 1.7g</p>

<p style=""font-family: Inter, sans-serif;""><strong>Fits all Orloff snake chain bracelets.</strong></p>

<p style=""font-family: Inter, sans-serif;""><strong>ORLOFF OF DENMARK.</strong></p>","Orloff of Denmark","Apparel & Accessories > Jewelry > Charms & Pendants","Charm","Milestones & Sentiment, Line A, Charm Bracelet, 925 Silver","FALSE","","","","","","","ORCB44","2","shopify","10","deny","manual","39","","TRUE","TRUE","","https://cdn.shopify.com/s/files/1/0852/4428/1122/files/ORCB44.jpg","1","Pave Heart Charm, Pink","FALSE","Pave Heart Charm, Pink | Orloff of Denmark","Heart dangle set throughout with pink stones.","","","","","","","","","","","","","","","g","","4.92","","","","","","","draft"
"daisy-charm-pink","Daisy Charm, Pink","<p style=""font-family: Inter, sans-serif;"">Pink enamel petals around a pave centre.</p>

<p style=""font-family: Inter, sans-serif;""><strong>Material:</strong> 925 Sterling Silver<br>
<strong>Finish:</strong> Oxidized Silver, Highly<br>
<strong>Stone:</strong> CZ+Enamel<br>
<strong>Size:</strong> 26mm<br>
<strong>Weight:</strong> 2.1g</p>

<p style=""font-family: Inter, sans-serif;""><strong>Fits all Orloff snake chain bracelets.</strong></p>

<p style=""font-family: Inter, sans-serif;""><strong>ORLOFF OF DENMARK.</strong></p>","Orloff of Denmark","Apparel & Accessories > Jewelry > Charms & Pendants","Charm","Nature, Line A, Charm Bracelet, 925 Silver","FALSE","","","","","","","ORCB45","2","shopify","10","deny","manual","39","","TRUE","TRUE","","https://cdn.shopify.com/s/files/1/0852/4428/1122/files/ORCB45.jpg","1","Daisy Charm, Pink","FALSE","Daisy Charm, Pink | Orloff of Denmark","Pink enamel petals around a pave centre.","","","","","","","","","","","","","","","g","","4.81","","","","","","","draft"
"sunglasses-charm","Sunglasses Charm","<p style=""font-family: Inter, sans-serif;"">Black enamel sunglasses dangle.</p>

<p style=""font-family: Inter, sans-serif;""><strong>Material:</strong> 925 Sterling Silver<br>
<strong>Finish:</strong> Oxidized Silver, Highly<br>
<strong>Stone:</strong> Stone:NA / Enamel:Black<br>
<strong>Size:</strong> 27mm<br>
<strong>Weight:</strong> 2.1g</p>

<p style=""font-family: Inter, sans-serif;""><strong>Fits all Orloff snake chain bracelets.</strong></p>

<p style=""font-family: Inter, sans-serif;""><strong>ORLOFF OF DENMARK.</strong></p>","Orloff of Denmark","Apparel & Accessories > Jewelry > Charms & Pendants","Charm","Travel & Lifestyle, Line A, Charm Bracelet, 925 Silver","FALSE","","","","","","","ORCB46","2","shopify","10","deny","manual","39","","TRUE","TRUE","","https://cdn.shopify.com/s/files/1/0852/4428/1122/files/ORCB46.jpg","1","Sunglasses Charm","FALSE","Sunglasses Charm | Orloff of Denmark","Black enamel sunglasses dangle.","","","","","","","","","","","","","","","g","","5.14","","","","","","","draft"
"teddy-bear-charm","Teddy Bear Charm","<p style=""font-family: Inter, sans-serif;"">Seated bear in brown enamel with black enamel paws.</p>

<p style=""font-family: Inter, sans-serif;""><strong>Material:</strong> 925 Sterling Silver<br>
<strong>Finish:</strong> Oxidized Silver, Highly<br>
<strong>Stone:</strong> Stone:NA / Enamel:Brown<br>
<strong>Size:</strong> 25mm<br>
<strong>Weight:</strong> 2.2g</p>

<p style=""font-family: Inter, sans-serif;""><strong>Fits all Orloff snake chain bracelets.</strong></p>

<p style=""font-family: Inter, sans-serif;""><strong>ORLOFF OF DENMARK.</strong></p>","Orloff of Denmark","Apparel & Accessories > Jewelry > Charms & Pendants","Charm","Animals, Line A, Charm Bracelet, 925 Silver","FALSE","","","","","","","ORCB47","2","shopify","10","deny","manual","29","","TRUE","TRUE","","https://cdn.shopify.com/s/files/1/0852/4428/1122/files/ORCB47.jpg","1","Teddy Bear Charm","FALSE","Teddy Bear Charm | Orloff of Denmark","Seated bear in brown enamel with black enamel paws.","","","","","","","","","","","","","","","g","","4.48","","","","","","","draft"
"baby-shoe-charm-blue","Baby Shoe Charm, Blue","<p style=""font-family: Inter, sans-serif;"">Light blue enamel shoe with white flowers and blue stones.</p>

<p style=""font-family: Inter, sans-serif;""><strong>Material:</strong> 925 Sterling Silver<br>
<strong>Finish:</strong> Oxidized Silver, Highly<br>
<strong>Stone:</strong> CZ+Enamel<br>
<strong>Size:</strong> 27mm<br>
<strong>Weight:</strong> 3.7g</p>

<p style=""font-family: Inter, sans-serif;""><strong>Fits all Orloff snake chain bracelets.</strong></p>

<p style=""font-family: Inter, sans-serif;""><strong>ORLOFF OF DENMARK.</strong></p>","Orloff of Denmark","Apparel & Accessories > Jewelry > Charms & Pendants","Charm","Milestones & Sentiment, Line A, Charm Bracelet, 925 Silver","FALSE","","","","","","","ORCB48","4","shopify","10","deny","manual","49","","TRUE","TRUE","","https://cdn.shopify.com/s/files/1/0852/4428/1122/files/ORCB48.jpg","1","Baby Shoe Charm, Blue","FALSE","Baby Shoe Charm, Blue | Orloff of Denmark","Light blue enamel shoe with white flowers and blue stones.","","","","","","","","","","","","","","","g","","7.22","","","","","","","draft"
"linked-hearts-charm","Linked Hearts Charm","<p style=""font-family: Inter, sans-serif;"">Two open hearts interlinked, clear stones on the bail.</p>

<p style=""font-family: Inter, sans-serif;""><strong>Material:</strong> 925 Sterling Silver<br>
<strong>Finish:</strong> Oxidized Silver, Highly<br>
<strong>Stone:</strong> Stone:White<br>
<strong>Size:</strong> 22mm<br>
<strong>Weight:</strong> 3.1g</p>

<p style=""font-family: Inter, sans-serif;""><strong>Fits all Orloff snake chain bracelets.</strong></p>

<p style=""font-family: Inter, sans-serif;""><strong>ORLOFF OF DENMARK.</strong></p>","Orloff of Denmark","Apparel & Accessories > Jewelry > Charms & Pendants","Charm","Milestones & Sentiment, Line A, Charm Bracelet, 925 Silver","FALSE","","","","","","","ORCB49","3","shopify","10","deny","manual","39","","TRUE","TRUE","","https://cdn.shopify.com/s/files/1/0852/4428/1122/files/ORCB49.jpg","1","Linked Hearts Charm","FALSE","Linked Hearts Charm | Orloff of Denmark","Two open hearts interlinked, clear stones on the bail.","","","","","","","","","","","","","","","g","","6.34","","","","","","","draft"
"dragonfly-crystal-charm","Dragonfly Crystal Charm","<p style=""font-family: Inter, sans-serif;"">Openwork bead with white enamel wing shapes and blue and orange stones. Could read as flowers.</p>

<p style=""font-family: Inter, sans-serif;""><strong>Material:</strong> 925 Sterling Silver<br>
<strong>Finish:</strong> Oxidized Silver, Highly<br>
<strong>Stone:</strong> Stone:Blue & Orange<br>
<strong>Size:</strong> 11mm<br>
<strong>Weight:</strong> 2.6g</p>

<p style=""font-family: Inter, sans-serif;""><strong>Fits all Orloff snake chain bracelets.</strong></p>

<p style=""font-family: Inter, sans-serif;""><strong>ORLOFF OF DENMARK.</strong></p>","Orloff of Denmark","Apparel & Accessories > Jewelry > Charms & Pendants","Charm","Nature, Line A, Charm Bracelet, 925 Silver","FALSE","","","","","","","ORCB50","3","shopify","10","deny","manual","39","","TRUE","TRUE","","https://cdn.shopify.com/s/files/1/0852/4428/1122/files/ORCB50.jpg","1","Dragonfly Crystal Charm","FALSE","Dragonfly Crystal Charm | Orloff of Denmark","Openwork bead with white enamel wing shapes and blue and orange stones.","","","","","","","","","","","","","","","g","","6.23","","","","","","","draft"
"royal-carriage-charm","Royal Carriage Charm","<p style=""font-family: Inter, sans-serif;"">Open carriage with spoked wheels, a seated figure and gold flowers.</p>

<p style=""font-family: Inter, sans-serif;""><strong>Material:</strong> 925 Sterling Silver<br>
<strong>Finish:</strong> Oxidized Silver, Highly<br>
<strong>Size:</strong> 12mm<br>
<strong>Weight:</strong> 4.1g</p>

<p style=""font-family: Inter, sans-serif;""><strong>Fits all Orloff snake chain bracelets.</strong></p>

<p style=""font-family: Inter, sans-serif;""><strong>ORLOFF OF DENMARK.</strong></p>","Orloff of Denmark","Apparel & Accessories > Jewelry > Charms & Pendants","Charm","Travel & Lifestyle, Line A, Charm Bracelet, 925 Silver","FALSE","","","","","","","ORCB51","4","shopify","10","deny","manual","49","","TRUE","TRUE","","https://cdn.shopify.com/s/files/1/0852/4428/1122/files/ORCB51.jpg","1","Royal Carriage Charm","FALSE","Royal Carriage Charm | Orloff of Denmark","Open carriage with spoked wheels, a seated figure and gold flowers.","","","","","","","","","","","","","","","g","","7.88","","","","","","","draft"
"blossom-and-butterfly-charm","Blossom and Butterfly Charm","<p style=""font-family: Inter, sans-serif;"">Pink and white enamel flowers with a pave butterfly dangle.</p>

<p style=""font-family: Inter, sans-serif;""><strong>Material:</strong> 925 Sterling Silver<br>
<strong>Finish:</strong> Oxidized Silver, Highly<br>
<strong>Stone:</strong> CZ+Enamel<br>
<strong>Size:</strong> 22mm<br>
<strong>Weight:</strong> 1.2g</p>

<p style=""font-family: Inter, sans-serif;""><strong>Fits all Orloff snake chain bracelets.</strong></p>

<p style=""font-family: Inter, sans-serif;""><strong>ORLOFF OF DENMARK.</strong></p>","Orloff of Denmark","Apparel & Accessories > Jewelry > Charms & Pendants","Charm","Nature, Line A, Charm Bracelet, 925 Silver","FALSE","","","","","","","ORCB52","1","shopify","10","deny","manual","29","","TRUE","TRUE","","https://cdn.shopify.com/s/files/1/0852/4428/1122/files/ORCB52.jpg","1","Blossom and Butterfly Charm","FALSE","Blossom and Butterfly Charm | Orloff of Denmark","Pink and white enamel flowers with a pave butterfly dangle.","","","","","","","","","","","","","","","g","","4.16","","","","","","","draft"
"angel-pearl-charm","Angel Pearl Charm","<p style=""font-family: Inter, sans-serif;"">White shell pearl with pave wings.</p>

<p style=""font-family: Inter, sans-serif;""><strong>Material:</strong> 925 Sterling Silver<br>
<strong>Finish:</strong> Oxidized Silver, Highly<br>
<strong>Stone:</strong> Stone:White<br>
<strong>Size:</strong> 24mm<br>
<strong>Weight:</strong> 2.2g</p>

<p style=""font-family: Inter, sans-serif;""><strong>Fits all Orloff snake chain bracelets.</strong></p>

<p style=""font-family: Inter, sans-serif;""><strong>ORLOFF OF DENMARK.</strong></p>","Orloff of Denmark","Apparel & Accessories > Jewelry > Charms & Pendants","Charm","Milestones & Sentiment, Line A, Charm Bracelet, 925 Silver","FALSE","","","","","","","ORCB53","2","shopify","10","deny","manual","39","","TRUE","TRUE","","https://cdn.shopify.com/s/files/1/0852/4428/1122/files/ORCB53.jpg","1","Angel Pearl Charm","FALSE","Angel Pearl Charm | Orloff of Denmark","White shell pearl with pave wings.","","","","","","","","","","","","","","","g","","5.47","","","","","","","draft"
"devil-pearl-charm","Devil Pearl Charm","<p style=""font-family: Inter, sans-serif;"">Grey shell pearl with pave wings, horns and a tail.</p>

<p style=""font-family: Inter, sans-serif;""><strong>Material:</strong> 925 Sterling Silver<br>
<strong>Finish:</strong> Oxidized Silver, Highly<br>
<strong>Stone:</strong> Stone:Black<br>
<strong>Size:</strong> 23mm<br>
<strong>Weight:</strong> 2.6g</p>

<p style=""font-family: Inter, sans-serif;""><strong>Fits all Orloff snake chain bracelets.</strong></p>

<p style=""font-family: Inter, sans-serif;""><strong>ORLOFF OF DENMARK.</strong></p>","Orloff of Denmark","Apparel & Accessories > Jewelry > Charms & Pendants","Charm","Milestones & Sentiment, Line A, Charm Bracelet, 925 Silver","FALSE","","","","","","","ORCB54","3","shopify","10","deny","manual","39","","TRUE","TRUE","","https://cdn.shopify.com/s/files/1/0852/4428/1122/files/ORCB54.jpg","1","Devil Pearl Charm","FALSE","Devil Pearl Charm | Orloff of Denmark","Grey shell pearl with pave wings, horns and a tail.","","","","","","","","","","","","","","","g","","5.91","","","","","","","draft"
"dreamcatcher-charm","Dreamcatcher Charm","<p style=""font-family: Inter, sans-serif;"">Openwork hoop with a magenta stone, feathers and coloured drops.</p>

<p style=""font-family: Inter, sans-serif;""><strong>Material:</strong> 925 Sterling Silver<br>
<strong>Finish:</strong> Rhodium Plated<br>
<strong>Stone:</strong> Stone: Muti-color<br>
<strong>Size:</strong> 30mm<br>
<strong>Weight:</strong> 1.83g</p>

<p style=""font-family: Inter, sans-serif;""><strong>Fits all Orloff snake chain bracelets.</strong></p>

<p style=""font-family: Inter, sans-serif;""><strong>ORLOFF OF DENMARK.</strong></p>","Orloff of Denmark","Apparel & Accessories > Jewelry > Charms & Pendants","Charm","Travel & Lifestyle, Line A, Charm Bracelet, 925 Silver","FALSE","","","","","","","ORCB55","2","shopify","10","deny","manual","39","","TRUE","TRUE","","https://cdn.shopify.com/s/files/1/0852/4428/1122/files/ORCB55.jpg","1","Dreamcatcher Charm","FALSE","Dreamcatcher Charm | Orloff of Denmark","Openwork hoop with a magenta stone, feathers and coloured drops.","","","","","","","","","","","","","","","g","","5.35","","","","","","","draft"
"crown-charm","Crown Charm","<p style=""font-family: Inter, sans-serif;"">Crown set with pink and purple stones.</p>

<p style=""font-family: Inter, sans-serif;""><strong>Material:</strong> 925 Sterling Silver<br>
<strong>Finish:</strong> Rhodium Plated<br>
<strong>Stone:</strong> Stone: Muti-color<br>
<strong>Size:</strong> 12mm<br>
<strong>Weight:</strong> 2.2g</p>

<p style=""font-family: Inter, sans-serif;""><strong>Fits all Orloff snake chain bracelets.</strong></p>

<p style=""font-family: Inter, sans-serif;""><strong>ORLOFF OF DENMARK.</strong></p>","Orloff of Denmark","Apparel & Accessories > Jewelry > Charms & Pendants","Charm","Sparkle & Classic, Line A, Charm Bracelet, 925 Silver","FALSE","","","","","","","ORCB56","2","shopify","10","deny","manual","39","","TRUE","TRUE","","https://cdn.shopify.com/s/files/1/0852/4428/1122/files/ORCB56.jpg","1","Crown Charm","FALSE","Crown Charm | Orloff of Denmark","Crown set with pink and purple stones.","","","","","","","","","","","","","","","g","","5.28","","","","","","","draft"
"scissors-and-comb-charm","Scissors and Comb Charm","<p style=""font-family: Inter, sans-serif;"">Hairdresser's scissors and comb dangle in polished silver.</p>

<p style=""font-family: Inter, sans-serif;""><strong>Material:</strong> 925 Sterling Silver<br>
<strong>Finish:</strong> Rhodium Plated<br>
<strong>Size:</strong> 25mm<br>
<strong>Weight:</strong> 1.3g</p>

<p style=""font-family: Inter, sans-serif;""><strong>Fits all Orloff snake chain bracelets.</strong></p>

<p style=""font-family: Inter, sans-serif;""><strong>ORLOFF OF DENMARK.</strong></p>","Orloff of Denmark","Apparel & Accessories > Jewelry > Charms & Pendants","Charm","Travel & Lifestyle, Line A, Charm Bracelet, 925 Silver","FALSE","","","","","","","ORCB58","1","shopify","9","deny","manual","29","","TRUE","TRUE","","https://cdn.shopify.com/s/files/1/0852/4428/1122/files/ORCB58.jpg","1","Scissors and Comb Charm","FALSE","Scissors and Comb Charm | Orloff of Denmark","Hairdresser's scissors and comb dangle in polished silver.","","","","","","","","","","","","","","","g","","4.01","","","","","","","draft"
"takeaway-coffee-charm","Takeaway Coffee Charm","<p style=""font-family: Inter, sans-serif;"">Lidded cup in brown enamel lettered COFFEE with rising steam.</p>

<p style=""font-family: Inter, sans-serif;""><strong>Material:</strong> 925 Sterling Silver<br>
<strong>Finish:</strong> Rhodium Plated<br>
<strong>Size:</strong> 11mm<br>
<strong>Weight:</strong> 2.07g</p>

<p style=""font-family: Inter, sans-serif;""><strong>Fits all Orloff snake chain bracelets.</strong></p>

<p style=""font-family: Inter, sans-serif;""><strong>ORLOFF OF DENMARK.</strong></p>","Orloff of Denmark","Apparel & Accessories > Jewelry > Charms & Pendants","Charm","Travel & Lifestyle, Line A, Charm Bracelet, 925 Silver","FALSE","","","","","","","ORCB59","2","shopify","10","deny","manual","29","","TRUE","TRUE","","https://cdn.shopify.com/s/files/1/0852/4428/1122/files/ORCB59.jpg","1","Takeaway Coffee Charm","FALSE","Takeaway Coffee Charm | Orloff of Denmark","Lidded cup in brown enamel lettered COFFEE with rising steam.","","","","","","","","","","","","","","","g","","4.27","","","","","","","draft"
"owl-charm-turquoise","Owl Charm, Turquoise","<p style=""font-family: Inter, sans-serif;"">Turquoise enamel owl with pave brow and blue stone eyes.</p>

<p style=""font-family: Inter, sans-serif;""><strong>Material:</strong> 925 Sterling Silver<br>
<strong>Finish:</strong> Rhodium Plated<br>
<strong>Stone:</strong> +Enamel<br>
<strong>Size:</strong> 11mm<br>
<strong>Weight:</strong> 3.1g</p>

<p style=""font-family: Inter, sans-serif;""><strong>Fits all Orloff snake chain bracelets.</strong></p>

<p style=""font-family: Inter, sans-serif;""><strong>ORLOFF OF DENMARK.</strong></p>","Orloff of Denmark","Apparel & Accessories > Jewelry > Charms & Pendants","Charm","Animals, Line A, Charm Bracelet, 925 Silver","FALSE","","","","","","","ORCB60","3","shopify","10","deny","manual","39","","TRUE","TRUE","","https://cdn.shopify.com/s/files/1/0852/4428/1122/files/ORCB60.jpg","1","Owl Charm, Turquoise","FALSE","Owl Charm, Turquoise | Orloff of Denmark","Turquoise enamel owl with pave brow and blue stone eyes.","","","","","","","","","","","","","","","g","","5.49","","","","","","","draft"
"origami-crane-charm","Origami Crane Charm","<p style=""font-family: Inter, sans-serif;"">Folded paper crane in polished silver.</p>

<p style=""font-family: Inter, sans-serif;""><strong>Material:</strong> 925 Sterling Silver<br>
<strong>Finish:</strong> Rhodium Plated<br>
<strong>Size:</strong> 18mm<br>
<strong>Weight:</strong> 1.8g</p>

<p style=""font-family: Inter, sans-serif;""><strong>Fits all Orloff snake chain bracelets.</strong></p>

<p style=""font-family: Inter, sans-serif;""><strong>ORLOFF OF DENMARK.</strong></p>","Orloff of Denmark","Apparel & Accessories > Jewelry > Charms & Pendants","Charm","Travel & Lifestyle, Line A, Charm Bracelet, 925 Silver","FALSE","","","","","","","ORCB61","2","shopify","10","deny","manual","29","","TRUE","TRUE","","https://cdn.shopify.com/s/files/1/0852/4428/1122/files/ORCB61.jpg","1","Origami Crane Charm","FALSE","Origami Crane Charm | Orloff of Denmark","Folded paper crane in polished silver.","","","","","","","","","","","","","","","g","","4.33","","","","","","","draft"
"family-tree-charm","Family Tree Charm","<p style=""font-family: Inter, sans-serif;"">Tree of life in a beaded hoop with rose gold hearts and a Family tag.</p>

<p style=""font-family: Inter, sans-serif;""><strong>Material:</strong> 925 Sterling Silver<br>
<strong>Finish:</strong> Rhodium Plated<br>
<strong>Stone:</strong> Stone: White<br>
<strong>Size:</strong> 25mm<br>
<strong>Weight:</strong> 2.3g</p>

<p style=""font-family: Inter, sans-serif;""><strong>Fits all Orloff snake chain bracelets.</strong></p>

<p style=""font-family: Inter, sans-serif;""><strong>ORLOFF OF DENMARK.</strong></p>","Orloff of Denmark","Apparel & Accessories > Jewelry > Charms & Pendants","Charm","Milestones & Sentiment, Line A, Charm Bracelet, 925 Silver","FALSE","","","","","","","ORCB62","2","shopify","10","deny","manual","39","","TRUE","TRUE","","https://cdn.shopify.com/s/files/1/0852/4428/1122/files/ORCB62.jpg","1","Family Tree Charm","FALSE","Family Tree Charm | Orloff of Denmark","Tree of life in a beaded hoop with rose gold hearts and a Family tag.","","","","","","","","","","","","","","","g","","5.62","","","","","","","draft"
"puzzle-heart-charm","Puzzle Heart Charm","<p style=""font-family: Inter, sans-serif;"">Heart worked as a jigsaw with a gold puzzle piece lettered YOU.</p>

<p style=""font-family: Inter, sans-serif;""><strong>Material:</strong> 925 Sterling Silver<br>
<strong>Finish:</strong> Rhodium Plated<br>
<strong>Size:</strong> 10mm<br>
<strong>Weight:</strong> 2.17g</p>

<p style=""font-family: Inter, sans-serif;""><strong>Fits all Orloff snake chain bracelets.</strong></p>

<p style=""font-family: Inter, sans-serif;""><strong>ORLOFF OF DENMARK.</strong></p>","Orloff of Denmark","Apparel & Accessories > Jewelry > Charms & Pendants","Charm","Milestones & Sentiment, Line A, Charm Bracelet, 925 Silver","FALSE","","","","","","","ORCB63","2","shopify","10","deny","manual","39","","TRUE","TRUE","","https://cdn.shopify.com/s/files/1/0852/4428/1122/files/ORCB63.jpg","1","Puzzle Heart Charm","FALSE","Puzzle Heart Charm | Orloff of Denmark","Heart worked as a jigsaw with a gold puzzle piece lettered YOU.","","","","","","","","","","","","","","","g","","4.77","","","","","","","draft"
"sunglasses-and-stiletto-charm","Sunglasses and Stiletto Charm","<p style=""font-family: Inter, sans-serif;"">Black enamel sunglasses beside a red enamel high heel.</p>

<p style=""font-family: Inter, sans-serif;""><strong>Material:</strong> 925 Sterling Silver<br>
<strong>Finish:</strong> Rhodium Plated<br>
<strong>Size:</strong> 12mm<br>
<strong>Weight:</strong> 2.57g</p>

<p style=""font-family: Inter, sans-serif;""><strong>Fits all Orloff snake chain bracelets.</strong></p>

<p style=""font-family: Inter, sans-serif;""><strong>ORLOFF OF DENMARK.</strong></p>","Orloff of Denmark","Apparel & Accessories > Jewelry > Charms & Pendants","Charm","Travel & Lifestyle, Line A, Charm Bracelet, 925 Silver","FALSE","","","","","","","ORCB64","3","shopify","10","deny","manual","39","","TRUE","TRUE","","https://cdn.shopify.com/s/files/1/0852/4428/1122/files/ORCB64.jpg","1","Sunglasses and Stiletto Charm","FALSE","Sunglasses and Stiletto Charm | Orloff of Denmark","Black enamel sunglasses beside a red enamel high heel.","","","","","","","","","","","","","","","g","","5.46","","","","","","","draft"
"flamingo-charm-pink","Flamingo Charm, Pink","<p style=""font-family: Inter, sans-serif;"">Standing flamingo in graded pink enamel with pave detail.</p>

<p style=""font-family: Inter, sans-serif;""><strong>Material:</strong> 925 Sterling Silver<br>
<strong>Finish:</strong> Rhodium Plated<br>
<strong>Stone:</strong> +Enamel<br>
<strong>Size:</strong> 30mm<br>
<strong>Weight:</strong> 1.95g</p>

<p style=""font-family: Inter, sans-serif;""><strong>Fits all Orloff snake chain bracelets.</strong></p>

<p style=""font-family: Inter, sans-serif;""><strong>ORLOFF OF DENMARK.</strong></p>","Orloff of Denmark","Apparel & Accessories > Jewelry > Charms & Pendants","Charm","Animals, Line A, Charm Bracelet, 925 Silver","FALSE","","","","","","","ORCB65","2","shopify","10","deny","manual","39","","TRUE","TRUE","","https://cdn.shopify.com/s/files/1/0852/4428/1122/files/ORCB65.jpg","1","Flamingo Charm, Pink","FALSE","Flamingo Charm, Pink | Orloff of Denmark","Standing flamingo in graded pink enamel with pave detail.","","","","","","","","","","","","","","","g","","5.64","","","","","","","draft"
"violin-charm","Violin Charm","<p style=""font-family: Inter, sans-serif;"">Violin in brown enamel with silver strings and pegs.</p>

<p style=""font-family: Inter, sans-serif;""><strong>Material:</strong> 925 Sterling Silver<br>
<strong>Finish:</strong> Rhodium Plated<br>
<strong>Size:</strong> 20mm<br>
<strong>Weight:</strong> 0.9g</p>

<p style=""font-family: Inter, sans-serif;""><strong>Fits all Orloff snake chain bracelets.</strong></p>

<p style=""font-family: Inter, sans-serif;""><strong>ORLOFF OF DENMARK.</strong></p>","Orloff of Denmark","Apparel & Accessories > Jewelry > Charms & Pendants","Charm","Travel & Lifestyle, Line A, Charm Bracelet, 925 Silver","FALSE","","","","","","","ORCB66","1","shopify","8","deny","manual","29","","TRUE","TRUE","","https://cdn.shopify.com/s/files/1/0852/4428/1122/files/ORCB66.jpg","1","Violin Charm","FALSE","Violin Charm | Orloff of Denmark","Violin in brown enamel with silver strings and pegs.","","","","","","","","","","","","","","","g","","3.50","","","","","","","draft"
"feather-charm","Feather Charm","<p style=""font-family: Inter, sans-serif;"">Tapering feather with a beaded bow at the quill.</p>

<p style=""font-family: Inter, sans-serif;""><strong>Material:</strong> 925 Sterling Silver<br>
<strong>Finish:</strong> Rhodium Plated<br>
<strong>Stone:</strong> Stone: White<br>
<strong>Size:</strong> 20mm<br>
<strong>Weight:</strong> 0.98g</p>

<p style=""font-family: Inter, sans-serif;""><strong>Fits all Orloff snake chain bracelets.</strong></p>

<p style=""font-family: Inter, sans-serif;""><strong>ORLOFF OF DENMARK.</strong></p>","Orloff of Denmark","Apparel & Accessories > Jewelry > Charms & Pendants","Charm","Nature, Line A, Charm Bracelet, 925 Silver","FALSE","","","","","","","ORCB67","1","shopify","10","deny","manual","29","","TRUE","TRUE","","https://cdn.shopify.com/s/files/1/0852/4428/1122/files/ORCB67.jpg","1","Feather Charm","FALSE","Feather Charm | Orloff of Denmark","Tapering feather with a beaded bow at the quill.","","","","","","","","","","","","","","","g","","3.88","","","","","","","draft"
"witch-hat-charm","Witch Hat Charm","<p style=""font-family: Inter, sans-serif;"">Pointed hat in black enamel with applied silver stars.</p>

<p style=""font-family: Inter, sans-serif;""><strong>Material:</strong> 925 Sterling Silver<br>
<strong>Finish:</strong> Rhodium Plated<br>
<strong>Size:</strong> 12mm<br>
<strong>Weight:</strong> 2.57g</p>

<p style=""font-family: Inter, sans-serif;""><strong>Fits all Orloff snake chain bracelets.</strong></p>

<p style=""font-family: Inter, sans-serif;""><strong>ORLOFF OF DENMARK.</strong></p>","Orloff of Denmark","Apparel & Accessories > Jewelry > Charms & Pendants","Charm","Milestones & Sentiment, Line A, Charm Bracelet, 925 Silver","FALSE","","","","","","","ORCB70","3","shopify","10","deny","manual","39","","TRUE","TRUE","","https://cdn.shopify.com/s/files/1/0852/4428/1122/files/ORCB70.jpg","1","Witch Hat Charm","FALSE","Witch Hat Charm | Orloff of Denmark","Pointed hat in black enamel with applied silver stars.","","","","","","","","","","","","","","","g","","5.35","","","","","","","draft"
"key-charm-red-enamel","Key Charm, Red Enamel","<p style=""font-family: Inter, sans-serif;"">Red enamel key over a rounded fob. Reads as a new home piece.</p>

<p style=""font-family: Inter, sans-serif;""><strong>Material:</strong> 925 Sterling Silver<br>
<strong>Finish:</strong> Rhodium Plated<br>
<strong>Size:</strong> 20mm<br>
<strong>Weight:</strong> 1.55g</p>

<p style=""font-family: Inter, sans-serif;""><strong>Fits all Orloff snake chain bracelets.</strong></p>

<p style=""font-family: Inter, sans-serif;""><strong>ORLOFF OF DENMARK.</strong></p>","Orloff of Denmark","Apparel & Accessories > Jewelry > Charms & Pendants","Charm","Milestones & Sentiment, Line A, Charm Bracelet, 925 Silver","FALSE","","","","","","","ORCB71","2","shopify","10","deny","manual","29","","TRUE","TRUE","","https://cdn.shopify.com/s/files/1/0852/4428/1122/files/ORCB71.jpg","1","Key Charm, Red Enamel","FALSE","Key Charm, Red Enamel | Orloff of Denmark","Red enamel key over a rounded fob.","","","","","","","","","","","","","","","g","","4.13","","","","","","","draft"
"lucky-cat-charm","Lucky Cat Charm","<p style=""font-family: Inter, sans-serif;"">Beckoning cat with red enamel ears and a coloured heart flower collar.</p>

<p style=""font-family: Inter, sans-serif;""><strong>Material:</strong> 925 Sterling Silver<br>
<strong>Finish:</strong> Rhodium Plated<br>
<strong>Size:</strong> 11mm<br>
<strong>Weight:</strong> 2.28g</p>

<p style=""font-family: Inter, sans-serif;""><strong>Fits all Orloff snake chain bracelets.</strong></p>

<p style=""font-family: Inter, sans-serif;""><strong>ORLOFF OF DENMARK.</strong></p>","Orloff of Denmark","Apparel & Accessories > Jewelry > Charms & Pendants","Charm","Animals, Line A, Charm Bracelet, 925 Silver","FALSE","","","","","","","ORCB73","2","shopify","10","deny","manual","39","","TRUE","TRUE","","https://cdn.shopify.com/s/files/1/0852/4428/1122/files/ORCB73.jpg","1","Lucky Cat Charm","FALSE","Lucky Cat Charm | Orloff of Denmark","Beckoning cat with red enamel ears and a coloured heart flower collar.","","","","","","","","","","","","","","","g","","4.59","","","","","","","draft"
"elephant-charm-blue-enamel","Elephant Charm, Blue Enamel","<p style=""font-family: Inter, sans-serif;"">Walking elephant dangle patched with blue enamel.</p>

<p style=""font-family: Inter, sans-serif;""><strong>Material:</strong> 925 Sterling Silver<br>
<strong>Finish:</strong> Rhodium Plated<br>
<strong>Size:</strong> 14mm<br>
<strong>Weight:</strong> 2.9g</p>

<p style=""font-family: Inter, sans-serif;""><strong>Fits all Orloff snake chain bracelets.</strong></p>

<p style=""font-family: Inter, sans-serif;""><strong>ORLOFF OF DENMARK.</strong></p>","Orloff of Denmark","Apparel & Accessories > Jewelry > Charms & Pendants","Charm","Animals, Line A, Charm Bracelet, 925 Silver","FALSE","","","","","","","ORCB74","3","shopify","10","deny","manual","39","","TRUE","TRUE","","https://cdn.shopify.com/s/files/1/0852/4428/1122/files/ORCB74.jpg","1","Elephant Charm, Blue Enamel","FALSE","Elephant Charm, Blue Enamel | Orloff of Denmark","Walking elephant dangle patched with blue enamel.","","","","","","","","","","","","","","","g","","5.13","","","","","","","draft"
"treasure-chest-charm","Treasure Chest Charm","<p style=""font-family: Inter, sans-serif;"">Domed chest in blue glitter enamel with silver scrollwork.</p>

<p style=""font-family: Inter, sans-serif;""><strong>Material:</strong> 925 Sterling Silver<br>
<strong>Finish:</strong> Rhodium Plated<br>
<strong>Size:</strong> 14mm<br>
<strong>Weight:</strong> 3.9g</p>

<p style=""font-family: Inter, sans-serif;""><strong>Fits all Orloff snake chain bracelets.</strong></p>

<p style=""font-family: Inter, sans-serif;""><strong>ORLOFF OF DENMARK.</strong></p>","Orloff of Denmark","Apparel & Accessories > Jewelry > Charms & Pendants","Charm","Travel & Lifestyle, Line A, Charm Bracelet, 925 Silver","FALSE","","","","","","","ORCB76","4","shopify","7","deny","manual","49","","TRUE","TRUE","","https://cdn.shopify.com/s/files/1/0852/4428/1122/files/ORCB76.jpg","1","Treasure Chest Charm","FALSE","Treasure Chest Charm | Orloff of Denmark","Domed chest in blue glitter enamel with silver scrollwork.","","","","","","","","","","","","","","","g","","7.34","","","","","","","draft"
"owl-charm-gold-heart","Owl Charm, Gold Heart","<p style=""font-family: Inter, sans-serif;"">Turquoise enamel owl with blue stone eyes and a gold heart.</p>

<p style=""font-family: Inter, sans-serif;""><strong>Material:</strong> 925 Sterling Silver<br>
<strong>Finish:</strong> Rhodium Plated<br>
<strong>Stone:</strong> +Enamel<br>
<strong>Size:</strong> 12mm<br>
<strong>Weight:</strong> 4.56g</p>

<p style=""font-family: Inter, sans-serif;""><strong>Fits all Orloff snake chain bracelets.</strong></p>

<p style=""font-family: Inter, sans-serif;""><strong>ORLOFF OF DENMARK.</strong></p>","Orloff of Denmark","Apparel & Accessories > Jewelry > Charms & Pendants","Charm","Animals, Line A, Charm Bracelet, 925 Silver","FALSE","","","","","","","ORCB77","5","shopify","10","deny","manual","49","","TRUE","TRUE","","https://cdn.shopify.com/s/files/1/0852/4428/1122/files/ORCB77.jpg","1","Owl Charm, Gold Heart","FALSE","Owl Charm, Gold Heart | Orloff of Denmark","Turquoise enamel owl with blue stone eyes and a gold heart.","","","","","","","","","","","","","","","g","","7.22","","","","","","","draft"
"mother-and-child-charm","Mother and Child Charm","<p style=""font-family: Inter, sans-serif;"">Two rose gold figures forming a heart inside a pave ring.</p>

<p style=""font-family: Inter, sans-serif;""><strong>Material:</strong> 925 Sterling Silver<br>
<strong>Finish:</strong> Rhodium Plated<br>
<strong>Stone:</strong> Stone: white<br>
<strong>Size:</strong> 10mm<br>
<strong>Weight:</strong> 2.07g</p>

<p style=""font-family: Inter, sans-serif;""><strong>Fits all Orloff snake chain bracelets.</strong></p>

<p style=""font-family: Inter, sans-serif;""><strong>ORLOFF OF DENMARK.</strong></p>","Orloff of Denmark","Apparel & Accessories > Jewelry > Charms & Pendants","Charm","Milestones & Sentiment, Line A, Charm Bracelet, 925 Silver","FALSE","","","","","","","ORCB78","2","shopify","10","deny","manual","39","","TRUE","TRUE","","https://cdn.shopify.com/s/files/1/0852/4428/1122/files/ORCB78.jpg","1","Mother and Child Charm","FALSE","Mother and Child Charm | Orloff of Denmark","Two rose gold figures forming a heart inside a pave ring.","","","","","","","","","","","","","","","g","","5.80","","","","","","","draft"
"safety-chain","Safety Chain","<p style=""font-family: Inter, sans-serif;"">Two pave heart clips joined by a silver chain. Functional, not decorative.</p>

<p style=""font-family: Inter, sans-serif;""><strong>Material:</strong> 925 Sterling Silver<br>
<strong>Finish:</strong> Rhodium Plated<br>
<strong>Stone:</strong> Stone: white<br>
<strong>Size:</strong> 12mm<br>
<strong>Weight:</strong> 5g</p>

<p style=""font-family: Inter, sans-serif;""><strong>Fits all Orloff snake chain bracelets.</strong></p>

<p style=""font-family: Inter, sans-serif;""><strong>ORLOFF OF DENMARK.</strong></p>","Orloff of Denmark","Apparel & Accessories > Jewelry > Charms & Pendants","Charm","Spacers & Clips, Line A, Charm Bracelet, 925 Silver","FALSE","","","","","","","ORCB79","5","shopify","10","deny","manual","49","","TRUE","TRUE","","https://cdn.shopify.com/s/files/1/0852/4428/1122/files/ORCB79.jpg","1","Safety Chain","FALSE","Safety Chain | Orloff of Denmark","Two pave heart clips joined by a silver chain.","","","","","","","","","","","","","","","g","","9.30","","","","","","","draft"
"sea-turtle-charm","Sea Turtle Charm","<p style=""font-family: Inter, sans-serif;"">Silver turtle over a disc set with blue stones.</p>

<p style=""font-family: Inter, sans-serif;""><strong>Material:</strong> 925 Sterling Silver<br>
<strong>Finish:</strong> Rhodium Plated<br>
<strong>Stone:</strong> Stone: Blue<br>
<strong>Size:</strong> 21mm<br>
<strong>Weight:</strong> 2g</p>

<p style=""font-family: Inter, sans-serif;""><strong>Fits all Orloff snake chain bracelets.</strong></p>

<p style=""font-family: Inter, sans-serif;""><strong>ORLOFF OF DENMARK.</strong></p>","Orloff of Denmark","Apparel & Accessories > Jewelry > Charms & Pendants","Charm","Animals, Line A, Charm Bracelet, 925 Silver","FALSE","","","","","","","ORCB80","2","shopify","10","deny","manual","39","","TRUE","TRUE","","https://cdn.shopify.com/s/files/1/0852/4428/1122/files/ORCB80.jpg","1","Sea Turtle Charm","FALSE","Sea Turtle Charm | Orloff of Denmark","Silver turtle over a disc set with blue stones.","","","","","","","","","","","","","","","g","","4.87","","","","","","","draft"
"i-love-you-heart-charm","I Love You Heart Charm","<p style=""font-family: Inter, sans-serif;"">Turquoise enamel heart lettered I Love you with white daisies.</p>

<p style=""font-family: Inter, sans-serif;""><strong>Material:</strong> 925 Sterling Silver<br>
<strong>Finish:</strong> Rhodium Plated<br>
<strong>Stone:</strong> CZ+Enamel<br>
<strong>Size:</strong> 9mm<br>
<strong>Weight:</strong> 2.35g</p>

<p style=""font-family: Inter, sans-serif;""><strong>Fits all Orloff snake chain bracelets.</strong></p>

<p style=""font-family: Inter, sans-serif;""><strong>ORLOFF OF DENMARK.</strong></p>","Orloff of Denmark","Apparel & Accessories > Jewelry > Charms & Pendants","Charm","Milestones & Sentiment, Line A, Charm Bracelet, 925 Silver","FALSE","","","","","","","ORCB81","2","shopify","10","deny","manual","39","","TRUE","TRUE","","https://cdn.shopify.com/s/files/1/0852/4428/1122/files/ORCB81.jpg","1","I Love You Heart Charm","FALSE","I Love You Heart Charm | Orloff of Denmark","Turquoise enamel heart lettered I Love you with white daisies.","","","","","","","","","","","","","","","g","","4.59","","","","","","","draft"
"rainbow-heart-charm","Rainbow Heart Charm","<p style=""font-family: Inter, sans-serif;"">Openwork heart with arcs of blue, green, amber and red stones.</p>

<p style=""font-family: Inter, sans-serif;""><strong>Material:</strong> 925 Sterling Silver<br>
<strong>Finish:</strong> Rhodium Plated<br>
<strong>Stone:</strong> Stone: Muti-color<br>
<strong>Size:</strong> 9mm<br>
<strong>Weight:</strong> 2.35g</p>

<p style=""font-family: Inter, sans-serif;""><strong>Fits all Orloff snake chain bracelets.</strong></p>

<p style=""font-family: Inter, sans-serif;""><strong>ORLOFF OF DENMARK.</strong></p>","Orloff of Denmark","Apparel & Accessories > Jewelry > Charms & Pendants","Charm","Milestones & Sentiment, Line A, Charm Bracelet, 925 Silver","FALSE","","","","","","","ORCB82","2","shopify","10","deny","manual","39","","TRUE","TRUE","","https://cdn.shopify.com/s/files/1/0852/4428/1122/files/ORCB82.jpg","1","Rainbow Heart Charm","FALSE","Rainbow Heart Charm | Orloff of Denmark","Openwork heart with arcs of blue, green, amber and red stones.","","","","","","","","","","","","","","","g","","5.50","","","","","","","draft"
"corgi-charm","Corgi Charm","<p style=""font-family: Inter, sans-serif;"">Dog's face in yellow and brown enamel with a pave blaze and bow tie.</p>

<p style=""font-family: Inter, sans-serif;""><strong>Material:</strong> 925 Sterling Silver<br>
<strong>Finish:</strong> Rhodium Plated<br>
<strong>Stone:</strong> CZ+Enamel<br>
<strong>Size:</strong> 12mm<br>
<strong>Weight:</strong> 2.5g</p>

<p style=""font-family: Inter, sans-serif;""><strong>Fits all Orloff snake chain bracelets.</strong></p>

<p style=""font-family: Inter, sans-serif;""><strong>ORLOFF OF DENMARK.</strong></p>","Orloff of Denmark","Apparel & Accessories > Jewelry > Charms & Pendants","Charm","Animals, Line A, Charm Bracelet, 925 Silver","FALSE","","","","","","","ORCB83","2","shopify","10","deny","manual","39","","TRUE","TRUE","","https://cdn.shopify.com/s/files/1/0852/4428/1122/files/ORCB83.jpg","1","Corgi Charm","FALSE","Corgi Charm | Orloff of Denmark","Dog's face in yellow and brown enamel with a pave blaze and bow tie.","","","","","","","","","","","","","","","g","","5.21","","","","","","","draft"
"dog-kennel-charm","Dog Kennel Charm","<p style=""font-family: Inter, sans-serif;"">Kennel with a sleeping dog and a pink heart stone.</p>

<p style=""font-family: Inter, sans-serif;""><strong>Material:</strong> 925 Sterling Silver<br>
<strong>Finish:</strong> Rhodium Plated<br>
<strong>Stone:</strong> Stone: Purple<br>
<strong>Size:</strong> 16mm<br>
<strong>Weight:</strong> 2.5g</p>

<p style=""font-family: Inter, sans-serif;""><strong>Fits all Orloff snake chain bracelets.</strong></p>

<p style=""font-family: Inter, sans-serif;""><strong>ORLOFF OF DENMARK.</strong></p>","Orloff of Denmark","Apparel & Accessories > Jewelry > Charms & Pendants","Charm","Animals, Line A, Charm Bracelet, 925 Silver","FALSE","","","","","","","ORCB84","2","shopify","10","deny","manual","39","","TRUE","TRUE","","https://cdn.shopify.com/s/files/1/0852/4428/1122/files/ORCB84.jpg","1","Dog Kennel Charm","FALSE","Dog Kennel Charm | Orloff of Denmark","Kennel with a sleeping dog and a pink heart stone.","","","","","","","","","","","","","","","g","","4.87","","","","","","","draft"
"puppy-face-charm","Puppy Face Charm","<p style=""font-family: Inter, sans-serif;"">Puppy's face in brown and white enamel with floppy ears.</p>

<p style=""font-family: Inter, sans-serif;""><strong>Material:</strong> 925 Sterling Silver<br>
<strong>Finish:</strong> Rhodium Plated<br>
<strong>Size:</strong> 11mm<br>
<strong>Weight:</strong> 2.5g</p>

<p style=""font-family: Inter, sans-serif;""><strong>Fits all Orloff snake chain bracelets.</strong></p>

<p style=""font-family: Inter, sans-serif;""><strong>ORLOFF OF DENMARK.</strong></p>","Orloff of Denmark","Apparel & Accessories > Jewelry > Charms & Pendants","Charm","Animals, Line A, Charm Bracelet, 925 Silver","FALSE","","","","","","","ORCB85","2","shopify","10","deny","manual","39","","TRUE","TRUE","","https://cdn.shopify.com/s/files/1/0852/4428/1122/files/ORCB85.jpg","1","Puppy Face Charm","FALSE","Puppy Face Charm | Orloff of Denmark","Puppy's face in brown and white enamel with floppy ears.","","","","","","","","","","","","","","","g","","4.81","","","","","","","draft"
"dachshund-charm","Dachshund Charm","<p style=""font-family: Inter, sans-serif;"">Spotted dachshund dangle with a gold collar and tail heart.</p>

<p style=""font-family: Inter, sans-serif;""><strong>Material:</strong> 925 Sterling Silver<br>
<strong>Finish:</strong> Rhodium Plated<br>
<strong>Size:</strong> 21mm<br>
<strong>Weight:</strong> 2.3g</p>

<p style=""font-family: Inter, sans-serif;""><strong>Fits all Orloff snake chain bracelets.</strong></p>

<p style=""font-family: Inter, sans-serif;""><strong>ORLOFF OF DENMARK.</strong></p>","Orloff of Denmark","Apparel & Accessories > Jewelry > Charms & Pendants","Charm","Animals, Line A, Charm Bracelet, 925 Silver","FALSE","","","","","","","ORCB86","2","shopify","10","deny","manual","39","","TRUE","TRUE","","https://cdn.shopify.com/s/files/1/0852/4428/1122/files/ORCB86.jpg","1","Dachshund Charm","FALSE","Dachshund Charm | Orloff of Denmark","Spotted dachshund dangle with a gold collar and tail heart.","","","","","","","","","","","","","","","g","","5.69","","","","","","","draft"
"faceted-glass-charm-red","Faceted Glass Charm, Red","<p style=""font-family: Inter, sans-serif;"">Faceted red glass bead with a silver core.</p>

<p style=""font-family: Inter, sans-serif;""><strong>Material:</strong> 925 Sterling Silver<br>
<strong>Finish:</strong> Rhodium Plated<br>
<strong>Size:</strong> 12mm<br>
<strong>Weight:</strong> 2g</p>

<p style=""font-family: Inter, sans-serif;""><strong>Fits all Orloff snake chain bracelets.</strong></p>

<p style=""font-family: Inter, sans-serif;""><strong>ORLOFF OF DENMARK.</strong></p>","Orloff of Denmark","Apparel & Accessories > Jewelry > Charms & Pendants","Charm","Sparkle & Classic, Line A, Charm Bracelet, 925 Silver","FALSE","","","","","","","ORCB88","2","shopify","10","deny","manual","29","","TRUE","TRUE","","https://cdn.shopify.com/s/files/1/0852/4428/1122/files/ORCB88.jpg","1","Faceted Glass Charm, Red","FALSE","Faceted Glass Charm, Red | Orloff of Denmark","Faceted red glass bead with a silver core.","","","","","","","","","","","","","","","g","","3.36","","","","","","","draft"
"snowman-charm","Snowman Charm","<p style=""font-family: Inter, sans-serif;"">Snowman in a gold hat and scarf with a gold snowflake dangle.</p>

<p style=""font-family: Inter, sans-serif;""><strong>Material:</strong> 925 Sterling Silver<br>
<strong>Finish:</strong> Rhodium Plated<br>
<strong>Stone:</strong> Stone: Blue+Red<br>
<strong>Size:</strong> 22mm<br>
<strong>Weight:</strong> 3g</p>

<p style=""font-family: Inter, sans-serif;""><strong>Fits all Orloff snake chain bracelets.</strong></p>

<p style=""font-family: Inter, sans-serif;""><strong>ORLOFF OF DENMARK.</strong></p>","Orloff of Denmark","Apparel & Accessories > Jewelry > Charms & Pendants","Charm","Milestones & Sentiment, Line A, Charm Bracelet, 925 Silver","FALSE","","","","","","","ORCB89","3","shopify","10","deny","manual","39","","TRUE","TRUE","","https://cdn.shopify.com/s/files/1/0852/4428/1122/files/ORCB89.jpg","1","Snowman Charm","FALSE","Snowman Charm | Orloff of Denmark","Snowman in a gold hat and scarf with a gold snowflake dangle.","","","","","","","","","","","","","","","g","","5.88","","","","","","","draft"
"durian-charm","Durian Charm","<p style=""font-family: Inter, sans-serif;"">Gold fruit in a silver spiked husk.</p>

<p style=""font-family: Inter, sans-serif;""><strong>Material:</strong> 925 Sterling Silver<br>
<strong>Finish:</strong> Rhodium Plated, 18K Gold<br>
<strong>Size:</strong> 12.5 x 8mm<br>
<strong>Weight:</strong> 2g</p>

<p style=""font-family: Inter, sans-serif;""><strong>Fits all Orloff snake chain bracelets.</strong></p>

<p style=""font-family: Inter, sans-serif;""><strong>ORLOFF OF DENMARK.</strong></p>","Orloff of Denmark","Apparel & Accessories > Jewelry > Charms & Pendants","Charm","Travel & Lifestyle, Line A, Charm Bracelet, 925 Silver","FALSE","","","","","","","ORGCB05-P-18","2","shopify","30","deny","manual","39","","TRUE","TRUE","","https://cdn.shopify.com/s/files/1/0852/4428/1122/files/ORGCB05-P-18-a.jpg","1","Durian Charm","FALSE","Durian Charm | Orloff of Denmark","Gold fruit in a silver spiked husk.","","","","","","","","","","","","","","","g","","5.09","","","","","","","draft"
"durian-charm","","","","","","","","","","","","","","","","","","","","","","","","","https://cdn.shopify.com/s/files/1/0852/4428/1122/files/ORGCB05-P-18-b.jpg","2","Durian Charm","","","","","","","","","","","","","","","","","","","","","","","","","","",""
"durian-charm","","","","","","","","","","","","","","","","","","","","","","","","","https://cdn.shopify.com/s/files/1/0852/4428/1122/files/ORGCB05-P-18-c.jpg","3","Durian Charm","","","","","","","","","","","","","","","","","","","","","","","","","","",""
"durian-charm","","","","","","","","","","","","","","","","","","","","","","","","","https://cdn.shopify.com/s/files/1/0852/4428/1122/files/ORGCB05-P-18-d.jpg","4","Durian Charm","","","","","","","","","","","","","","","","","","","","","","","","","","",""
"danish-flag-charm-pave","Danish Flag Charm, Pave","<p style=""font-family: Inter, sans-serif;"">Dannebrog, white cross over pink pave stones.</p>

<p style=""font-family: Inter, sans-serif;""><strong>Material:</strong> 925 Sterling Silver<br>
<strong>Finish:</strong> Rhodium Plated<br>
<strong>Stone:</strong> Red stone<br>
<strong>Size:</strong> 11 x 10mm<br>
<strong>Weight:</strong> 2.1g</p>

<p style=""font-family: Inter, sans-serif;""><strong>Fits all Orloff snake chain bracelets.</strong></p>

<p style=""font-family: Inter, sans-serif;""><strong>ORLOFF OF DENMARK.</strong></p>","Orloff of Denmark","Apparel & Accessories > Jewelry > Charms & Pendants","Charm","Travel & Lifestyle, Line A, Charm Bracelet, 925 Silver","FALSE","","","","","","","ORGCB06-P","2","shopify","15","deny","manual","49","","TRUE","TRUE","","https://cdn.shopify.com/s/files/1/0852/4428/1122/files/ORGCB06-P-a.jpg","1","Danish Flag Charm, Pave","FALSE","Danish Flag Charm, Pave | Orloff of Denmark","Dannebrog, white cross over pink pave stones.","","","","","","","","","","","","","","","g","","7.09","","","","","","","draft"
"danish-flag-charm-pave","","","","","","","","","","","","","","","","","","","","","","","","","https://cdn.shopify.com/s/files/1/0852/4428/1122/files/ORGCB06-P-b.jpg","2","Danish Flag Charm, Pave","","","","","","","","","","","","","","","","","","","","","","","","","","",""
"danish-flag-charm-pave","","","","","","","","","","","","","","","","","","","","","","","","","https://cdn.shopify.com/s/files/1/0852/4428/1122/files/ORGCB06-P-c.jpg","3","Danish Flag Charm, Pave","","","","","","","","","","","","","","","","","","","","","","","","","","",""
"danish-flag-charm-pave","","","","","","","","","","","","","","","","","","","","","","","","","https://cdn.shopify.com/s/files/1/0852/4428/1122/files/ORGCB06-P-d.jpg","4","Danish Flag Charm, Pave","","","","","","","","","","","","","","","","","","","","","","","","","","",""
"lotus-flower-charm-18k-gold","Lotus Flower Charm, 18K Gold","<p style=""font-family: Inter, sans-serif;"">Pink and white enamel petals in a clear stone halo.</p>

<p style=""font-family: Inter, sans-serif;""><strong>Material:</strong> 925 Sterling Silver<br>
<strong>Finish:</strong> 18K Gold Plated, Enamel<br>
<strong>Size:</strong> 10.5 x 10.5 x 11.2mm<br>
<strong>Weight:</strong> 1.9g</p>

<p style=""font-family: Inter, sans-serif;""><strong>Fits all Orloff snake chain bracelets.</strong></p>

<p style=""font-family: Inter, sans-serif;""><strong>ORLOFF OF DENMARK.</strong></p>","Orloff of Denmark","Apparel & Accessories > Jewelry > Charms & Pendants","Charm","Nature, Line A, Charm Bracelet, 925 Silver","FALSE","","","","","","","ORGCB07-18K","2","shopify","15","deny","manual","39","","TRUE","TRUE","","https://cdn.shopify.com/s/files/1/0852/4428/1122/files/ORGCB07-18K-a.jpg","1","Lotus Flower Charm, 18K Gold","FALSE","Lotus Flower Charm, 18K Gold | Orloff of Denmark","Pink and white enamel petals in a clear stone halo.","","","","","","","","","","","","","","","g","","5.81","","","","","","","draft"
"lotus-flower-charm-18k-gold","","","","","","","","","","","","","","","","","","","","","","","","","https://cdn.shopify.com/s/files/1/0852/4428/1122/files/ORGCB07-18K-b.jpg","2","Lotus Flower Charm, 18K Gold","","","","","","","","","","","","","","","","","","","","","","","","","","",""
"lotus-flower-charm-18k-gold","","","","","","","","","","","","","","","","","","","","","","","","","https://cdn.shopify.com/s/files/1/0852/4428/1122/files/ORGCB07-18K-c.jpg","3","Lotus Flower Charm, 18K Gold","","","","","","","","","","","","","","","","","","","","","","","","","","",""
"lotus-flower-charm-18k-gold","","","","","","","","","","","","","","","","","","","","","","","","","https://cdn.shopify.com/s/files/1/0852/4428/1122/files/ORGCB07-18K-d.jpg","4","Lotus Flower Charm, 18K Gold","","","","","","","","","","","","","","","","","","","","","","","","","","",""
"lotus-flower-charm","Lotus Flower Charm","<p style=""font-family: Inter, sans-serif;"">Same design, rhodium finish.</p>

<p style=""font-family: Inter, sans-serif;""><strong>Material:</strong> 925 Sterling Silver<br>
<strong>Finish:</strong> Rhodium Plating, Enamel<br>
<strong>Size:</strong> 10.5 x 10.5 x 11.2mm<br>
<strong>Weight:</strong> 1.9g</p>

<p style=""font-family: Inter, sans-serif;""><strong>Fits all Orloff snake chain bracelets.</strong></p>

<p style=""font-family: Inter, sans-serif;""><strong>ORLOFF OF DENMARK.</strong></p>","Orloff of Denmark","Apparel & Accessories > Jewelry > Charms & Pendants","Charm","Nature, Line A, Charm Bracelet, 925 Silver","FALSE","","","","","","","ORGCB07-P","2","shopify","15","deny","manual","39","","TRUE","TRUE","","https://cdn.shopify.com/s/files/1/0852/4428/1122/files/ORGCB07-P-a.jpg","1","Lotus Flower Charm","FALSE","Lotus Flower Charm | Orloff of Denmark","Same design, rhodium finish.","","","","","","","","","","","","","","","g","","6.04","","","","","","","draft"
"lotus-flower-charm","","","","","","","","","","","","","","","","","","","","","","","","","https://cdn.shopify.com/s/files/1/0852/4428/1122/files/ORGCB07-P-b.jpg","2","Lotus Flower Charm","","","","","","","","","","","","","","","","","","","","","","","","","","",""
"lotus-flower-charm","","","","","","","","","","","","","","","","","","","","","","","","","https://cdn.shopify.com/s/files/1/0852/4428/1122/files/ORGCB07-P-c.jpg","3","Lotus Flower Charm","","","","","","","","","","","","","","","","","","","","","","","","","","",""
"lotus-flower-charm","","","","","","","","","","","","","","","","","","","","","","","","","https://cdn.shopify.com/s/files/1/0852/4428/1122/files/ORGCB07-P-d.jpg","4","Lotus Flower Charm","","","","","","","","","","","","","","","","","","","","","","","","","","",""
"tassel-charm-18k-gold","Tassel Charm, 18K Gold","<p style=""font-family: Inter, sans-serif;"">Plain hanging tassel.</p>

<p style=""font-family: Inter, sans-serif;""><strong>Material:</strong> 925 Sterling Silver<br>
<strong>Finish:</strong> 18K Gold Plated<br>
<strong>Size:</strong> 10.5 x 7.3 x 8.5mm<br>
<strong>Weight:</strong> 2.50g</p>

<p style=""font-family: Inter, sans-serif;""><strong>Fits all Orloff snake chain bracelets.</strong></p>

<p style=""font-family: Inter, sans-serif;""><strong>ORLOFF OF DENMARK.</strong></p>","Orloff of Denmark","Apparel & Accessories > Jewelry > Charms & Pendants","Charm","Sparkle & Classic, Line A, Charm Bracelet, 925 Silver","FALSE","","","","","","","ORGCB08-18K","2","shopify","15","deny","manual","39","","TRUE","TRUE","","https://cdn.shopify.com/s/files/1/0852/4428/1122/files/ORGCB08-18K-a.jpg","1","Tassel Charm, 18K Gold","FALSE","Tassel Charm, 18K Gold | Orloff of Denmark","Plain hanging tassel.","","","","","","","","","","","","","","","g","","5.26","","","","","","","draft"
"tassel-charm-18k-gold","","","","","","","","","","","","","","","","","","","","","","","","","https://cdn.shopify.com/s/files/1/0852/4428/1122/files/ORGCB08-18K-b.jpg","2","Tassel Charm, 18K Gold","","","","","","","","","","","","","","","","","","","","","","","","","","",""
"tassel-charm-18k-gold","","","","","","","","","","","","","","","","","","","","","","","","","https://cdn.shopify.com/s/files/1/0852/4428/1122/files/ORGCB08-18K-c.jpg","3","Tassel Charm, 18K Gold","","","","","","","","","","","","","","","","","","","","","","","","","","",""
"tassel-charm-18k-gold","","","","","","","","","","","","","","","","","","","","","","","","","https://cdn.shopify.com/s/files/1/0852/4428/1122/files/ORGCB08-18K-d.jpg","4","Tassel Charm, 18K Gold","","","","","","","","","","","","","","","","","","","","","","","","","","",""
"tassel-charm","Tassel Charm","<p style=""font-family: Inter, sans-serif;"">Same design, rhodium finish.</p>

<p style=""font-family: Inter, sans-serif;""><strong>Material:</strong> 925 Sterling Silver<br>
<strong>Finish:</strong> Rhodium Plated<br>
<strong>Size:</strong> 10.5 x 7.3 x 8.5mm<br>
<strong>Weight:</strong> 2.50g</p>

<p style=""font-family: Inter, sans-serif;""><strong>Fits all Orloff snake chain bracelets.</strong></p>

<p style=""font-family: Inter, sans-serif;""><strong>ORLOFF OF DENMARK.</strong></p>","Orloff of Denmark","Apparel & Accessories > Jewelry > Charms & Pendants","Charm","Sparkle & Classic, Line A, Charm Bracelet, 925 Silver","FALSE","","","","","","","ORGCB08-P","2","shopify","15","deny","manual","39","","TRUE","TRUE","","https://cdn.shopify.com/s/files/1/0852/4428/1122/files/ORGCB08-P-a.jpg","1","Tassel Charm","FALSE","Tassel Charm | Orloff of Denmark","Same design, rhodium finish.","","","","","","","","","","","","","","","g","","5.49","","","","","","","draft"
"tassel-charm","","","","","","","","","","","","","","","","","","","","","","","","","https://cdn.shopify.com/s/files/1/0852/4428/1122/files/ORGCB08-P-b.jpg","2","Tassel Charm","","","","","","","","","","","","","","","","","","","","","","","","","","",""
"tassel-charm","","","","","","","","","","","","","","","","","","","","","","","","","https://cdn.shopify.com/s/files/1/0852/4428/1122/files/ORGCB08-P-c.jpg","3","Tassel Charm","","","","","","","","","","","","","","","","","","","","","","","","","","",""
"tassel-charm","","","","","","","","","","","","","","","","","","","","","","","","","https://cdn.shopify.com/s/files/1/0852/4428/1122/files/ORGCB08-P-d.jpg","4","Tassel Charm","","","","","","","","","","","","","","","","","","","","","","","","","","",""
"whale-tail-charm","Whale Tail Charm","<p style=""font-family: Inter, sans-serif;"">Blue pave fluke. Could also read as a mermaid tail.</p>

<p style=""font-family: Inter, sans-serif;""><strong>Material:</strong> 925 Sterling Silver<br>
<strong>Finish:</strong> Rhodium Plated<br>
<strong>Stone:</strong> Blue stone<br>
<strong>Size:</strong> 11.4 x 11mm<br>
<strong>Weight:</strong> 1.1g</p>

<p style=""font-family: Inter, sans-serif;""><strong>Fits all Orloff snake chain bracelets.</strong></p>

<p style=""font-family: Inter, sans-serif;""><strong>ORLOFF OF DENMARK.</strong></p>","Orloff of Denmark","Apparel & Accessories > Jewelry > Charms & Pendants","Charm","Animals, Line A, Charm Bracelet, 925 Silver","FALSE","","","","","","","ORGCB09-P","1","shopify","30","deny","manual","29","","TRUE","TRUE","","https://cdn.shopify.com/s/files/1/0852/4428/1122/files/ORGCB09-P-a.jpg","1","Whale Tail Charm","FALSE","Whale Tail Charm | Orloff of Denmark","Blue pave fluke.","","","","","","","","","","","","","","","g","","3.99","","","","","","","draft"
"whale-tail-charm","","","","","","","","","","","","","","","","","","","","","","","","","https://cdn.shopify.com/s/files/1/0852/4428/1122/files/ORGCB09-P-b.jpg","2","Whale Tail Charm","","","","","","","","","","","","","","","","","","","","","","","","","","",""
"whale-tail-charm","","","","","","","","","","","","","","","","","","","","","","","","","https://cdn.shopify.com/s/files/1/0852/4428/1122/files/ORGCB09-P-c.jpg","3","Whale Tail Charm","","","","","","","","","","","","","","","","","","","","","","","","","","",""
"whale-tail-charm","","","","","","","","","","","","","","","","","","","","","","","","","https://cdn.shopify.com/s/files/1/0852/4428/1122/files/ORGCB09-P-d.jpg","4","Whale Tail Charm","","","","","","","","","","","","","","","","","","","","","","","","","","",""
"royal-guard-charm","Royal Guard Charm","<p style=""font-family: Inter, sans-serif;"">Danish Livgarde, red tunic and gold bearskin.</p>

<p style=""font-family: Inter, sans-serif;""><strong>Material:</strong> 925 Sterling Silver<br>
<strong>Finish:</strong> Enamel<br>
<strong>Size:</strong> 12 x 5mm<br>
<strong>Weight:</strong> 1.2g</p>

<p style=""font-family: Inter, sans-serif;""><strong>Fits all Orloff snake chain bracelets.</strong></p>

<p style=""font-family: Inter, sans-serif;""><strong>ORLOFF OF DENMARK.</strong></p>","Orloff of Denmark","Apparel & Accessories > Jewelry > Charms & Pendants","Charm","Travel & Lifestyle, Line A, Charm Bracelet, 925 Silver","FALSE","","","","","","","ORGCB10-P","1","shopify","30","deny","manual","39","","TRUE","TRUE","","https://cdn.shopify.com/s/files/1/0852/4428/1122/files/ORGCB10-P-a.jpg","1","Royal Guard Charm","FALSE","Royal Guard Charm | Orloff of Denmark","Danish Livgarde, red tunic and gold bearskin.","","","","","","","","","","","","","","","g","","4.88","","","","","","","draft"
"royal-guard-charm","","","","","","","","","","","","","","","","","","","","","","","","","https://cdn.shopify.com/s/files/1/0852/4428/1122/files/ORGCB10-P-b.jpg","2","Royal Guard Charm","","","","","","","","","","","","","","","","","","","","","","","","","","",""
"royal-guard-charm","","","","","","","","","","","","","","","","","","","","","","","","","https://cdn.shopify.com/s/files/1/0852/4428/1122/files/ORGCB10-P-c.jpg","3","Royal Guard Charm","","","","","","","","","","","","","","","","","","","","","","","","","","",""
"royal-guard-charm","","","","","","","","","","","","","","","","","","","","","","","","","https://cdn.shopify.com/s/files/1/0852/4428/1122/files/ORGCB10-P-d.jpg","4","Royal Guard Charm","","","","","","","","","","","","","","","","","","","","","","","","","","",""
"top-hat-portrait-charm","Top Hat Portrait Charm","<p style=""font-family: Inter, sans-serif;"">Profile of a figure in a top hat, stars around the band. Given the Danish set (Little Mermaid, Dannebrog, Royal Guard) this most likely depicts Hans Christian Andersen.</p>

<p style=""font-family: Inter, sans-serif;""><strong>Material:</strong> 925 Sterling Silver<br>
<strong>Finish:</strong> Rhodium Plated<br>
<strong>Size:</strong> 11mm<br>
<strong>Weight:</strong> 2.5g</p>

<p style=""font-family: Inter, sans-serif;""><strong>Fits all Orloff snake chain bracelets.</strong></p>

<p style=""font-family: Inter, sans-serif;""><strong>ORLOFF OF DENMARK.</strong></p>","Orloff of Denmark","Apparel & Accessories > Jewelry > Charms & Pendants","Charm","Travel & Lifestyle, Line A, Charm Bracelet, 925 Silver","FALSE","","","","","","","ORGCB175","2","shopify","26","deny","manual","39","","TRUE","TRUE","","https://cdn.shopify.com/s/files/1/0852/4428/1122/files/ORGCB175-a.jpg","1","Top Hat Portrait Charm","FALSE","Top Hat Portrait Charm | Orloff of Denmark","Profile of a figure in a top hat, stars around the band.","","","","","","","","","","","","","","","g","","5.62","","","","","","","draft"
"top-hat-portrait-charm","","","","","","","","","","","","","","","","","","","","","","","","","https://cdn.shopify.com/s/files/1/0852/4428/1122/files/ORGCB175-b.jpg","2","Top Hat Portrait Charm","","","","","","","","","","","","","","","","","","","","","","","","","","",""
"top-hat-portrait-charm","","","","","","","","","","","","","","","","","","","","","","","","","https://cdn.shopify.com/s/files/1/0852/4428/1122/files/ORGCB175-c.jpg","3","Top Hat Portrait Charm","","","","","","","","","","","","","","","","","","","","","","","","","","",""
"top-hat-portrait-charm","","","","","","","","","","","","","","","","","","","","","","","","","https://cdn.shopify.com/s/files/1/0852/4428/1122/files/ORGCB175-d.jpg","4","Top Hat Portrait Charm","","","","","","","","","","","","","","","","","","","","","","","","","","",""
"aubergine-charm","Aubergine Charm","<p style=""font-family: Inter, sans-serif;"">Purple enamel aubergine with green enamel leaves.</p>

<p style=""font-family: Inter, sans-serif;""><strong>Material:</strong> 925 Sterling Silver<br>
<strong>Finish:</strong> Gold Plating, Purple, Green<br>
<strong>Stone:</strong> enamel<br>
<strong>Size:</strong> 17 x 12mm<br>
<strong>Weight:</strong> 2g</p>

<p style=""font-family: Inter, sans-serif;""><strong>Fits all Orloff snake chain bracelets.</strong></p>

<p style=""font-family: Inter, sans-serif;""><strong>ORLOFF OF DENMARK.</strong></p>","Orloff of Denmark","Apparel & Accessories > Jewelry > Charms & Pendants","Charm","Nature, Line A, Charm Bracelet, 925 Silver","FALSE","","","","","","","ORGCB181","2","shopify","27","deny","manual","39","","TRUE","TRUE","","https://cdn.shopify.com/s/files/1/0852/4428/1122/files/ORGCB181-a.jpg","1","Aubergine Charm","FALSE","Aubergine Charm | Orloff of Denmark","Purple enamel aubergine with green enamel leaves.","","","","","","","","","","","","","","","g","","5.60","","","","","","","draft"
"aubergine-charm","","","","","","","","","","","","","","","","","","","","","","","","","https://cdn.shopify.com/s/files/1/0852/4428/1122/files/ORGCB181-b.jpg","2","Aubergine Charm","","","","","","","","","","","","","","","","","","","","","","","","","","",""
"aubergine-charm","","","","","","","","","","","","","","","","","","","","","","","","","https://cdn.shopify.com/s/files/1/0852/4428/1122/files/ORGCB181-c.jpg","3","Aubergine Charm","","","","","","","","","","","","","","","","","","","","","","","","","","",""
"aubergine-charm","","","","","","","","","","","","","","","","","","","","","","","","","https://cdn.shopify.com/s/files/1/0852/4428/1122/files/ORGCB181-d.jpg","4","Aubergine Charm","","","","","","","","","","","","","","","","","","","","","","","","","","",""
"aristotle-quote-charm-discipline","Aristotle Quote Charm, Discipline","<p style=""font-family: Inter, sans-serif;"">A hanging tag engraved with ""Through discipline comes freedom."", attributed to Aristotle. Rhodium plated with a sand effect finish.</p>

<p style=""font-family: Inter, sans-serif;""><strong>Material:</strong> 925 Sterling Silver<br>
<strong>Finish:</strong> Rhodium Plated, Sand Effect<br>
<strong>Size:</strong> 12 x 17 x 2.5mm<br>
<strong>Weight:</strong> 3.1g</p>

<p style=""font-family: Inter, sans-serif;""><strong>Fits all Orloff snake chain bracelets.</strong></p>

<p style=""font-family: Inter, sans-serif;""><strong>ORLOFF OF DENMARK.</strong></p>","Orloff of Denmark","Apparel & Accessories > Jewelry > Charms & Pendants","Charm","Milestones & Sentiment, Line A, Charm Bracelet, 925 Silver","FALSE","","","","","","","ORGCB182-1","3","shopify","12","deny","manual","49","","TRUE","TRUE","","https://cdn.shopify.com/s/files/1/0852/4428/1122/files/ORGCB182-1-a.jpg","1","Aristotle Quote Charm, Discipline","FALSE","Aristotle Quote Charm, Discipline | Orloff of Denmark","A hanging tag engraved with ""Through discipline comes freedom."", attributed to Aristotle.","","","","","","","","","","","","","","","g","","8.33","","","","","","","draft"
"aristotle-quote-charm-discipline","","","","","","","","","","","","","","","","","","","","","","","","","https://cdn.shopify.com/s/files/1/0852/4428/1122/files/ORGCB182-1-b.jpg","2","Aristotle Quote Charm, Discipline","","","","","","","","","","","","","","","","","","","","","","","","","","",""
"aristotle-quote-charm-discipline","","","","","","","","","","","","","","","","","","","","","","","","","https://cdn.shopify.com/s/files/1/0852/4428/1122/files/ORGCB182-1-c.jpg","3","Aristotle Quote Charm, Discipline","","","","","","","","","","","","","","","","","","","","","","","","","","",""
"aristotle-quote-charm-discipline","","","","","","","","","","","","","","","","","","","","","","","","","https://cdn.shopify.com/s/files/1/0852/4428/1122/files/ORGCB182-1-d.jpg","4","Aristotle Quote Charm, Discipline","","","","","","","","","","","","","","","","","","","","","","","","","","",""
"aristotle-quote-charm-happiness","Aristotle Quote Charm, Happiness","<p style=""font-family: Inter, sans-serif;"">A hanging tag engraved with ""Happiness depends upon ourselves."", attributed to Aristotle. Rhodium plated with a sand effect finish.</p>

<p style=""font-family: Inter, sans-serif;""><strong>Material:</strong> 925 Sterling Silver<br>
<strong>Finish:</strong> Rhodium Plated, Sand Effect<br>
<strong>Size:</strong> 12 x 17 x 2.5mm<br>
<strong>Weight:</strong> 3.1g</p>

<p style=""font-family: Inter, sans-serif;""><strong>Fits all Orloff snake chain bracelets.</strong></p>

<p style=""font-family: Inter, sans-serif;""><strong>ORLOFF OF DENMARK.</strong></p>","Orloff of Denmark","Apparel & Accessories > Jewelry > Charms & Pendants","Charm","Milestones & Sentiment, Line A, Charm Bracelet, 925 Silver","FALSE","","","","","","","ORGCB182-2","3","shopify","12","deny","manual","49","","TRUE","TRUE","","https://cdn.shopify.com/s/files/1/0852/4428/1122/files/ORGCB182-2-a.jpg","1","Aristotle Quote Charm, Happiness","FALSE","Aristotle Quote Charm, Happiness | Orloff of Denmark","A hanging tag engraved with ""Happiness depends upon ourselves."", attributed to Aristotle.","","","","","","","","","","","","","","","g","","8.33","","","","","","","draft"
"aristotle-quote-charm-happiness","","","","","","","","","","","","","","","","","","","","","","","","","https://cdn.shopify.com/s/files/1/0852/4428/1122/files/ORGCB182-2-b.jpg","2","Aristotle Quote Charm, Happiness","","","","","","","","","","","","","","","","","","","","","","","","","","",""
"aristotle-quote-charm-happiness","","","","","","","","","","","","","","","","","","","","","","","","","https://cdn.shopify.com/s/files/1/0852/4428/1122/files/ORGCB182-2-c.jpg","3","Aristotle Quote Charm, Happiness","","","","","","","","","","","","","","","","","","","","","","","","","","",""
"aristotle-quote-charm-happiness","","","","","","","","","","","","","","","","","","","","","","","","","https://cdn.shopify.com/s/files/1/0852/4428/1122/files/ORGCB182-2-d.jpg","4","Aristotle Quote Charm, Happiness","","","","","","","","","","","","","","","","","","","","","","","","","","",""
"aristotle-quote-charm-friendship","Aristotle Quote Charm, Friendship","<p style=""font-family: Inter, sans-serif;"">A hanging tag engraved with ""A friend is a second self."", attributed to Aristotle. Rhodium plated with a sand effect finish.</p>

<p style=""font-family: Inter, sans-serif;""><strong>Material:</strong> 925 Sterling Silver<br>
<strong>Finish:</strong> Rhodium Plated, Sand Effect<br>
<strong>Size:</strong> 12 x 17 x 2.5mm<br>
<strong>Weight:</strong> 3.1g</p>

<p style=""font-family: Inter, sans-serif;""><strong>Fits all Orloff snake chain bracelets.</strong></p>

<p style=""font-family: Inter, sans-serif;""><strong>ORLOFF OF DENMARK.</strong></p>","Orloff of Denmark","Apparel & Accessories > Jewelry > Charms & Pendants","Charm","Milestones & Sentiment, Line A, Charm Bracelet, 925 Silver","FALSE","","","","","","","ORGCB182-3","3","shopify","12","deny","manual","49","","TRUE","TRUE","","https://cdn.shopify.com/s/files/1/0852/4428/1122/files/ORGCB182-3-a.jpg","1","Aristotle Quote Charm, Friendship","FALSE","Aristotle Quote Charm, Friendship | Orloff of Denmark","A hanging tag engraved with ""A friend is a second self."", attributed to Aristotle.","","","","","","","","","","","","","","","g","","8.33","","","","","","","draft"
"aristotle-quote-charm-friendship","","","","","","","","","","","","","","","","","","","","","","","","","https://cdn.shopify.com/s/files/1/0852/4428/1122/files/ORGCB182-3-b.jpg","2","Aristotle Quote Charm, Friendship","","","","","","","","","","","","","","","","","","","","","","","","","","",""
"aristotle-quote-charm-friendship","","","","","","","","","","","","","","","","","","","","","","","","","https://cdn.shopify.com/s/files/1/0852/4428/1122/files/ORGCB182-3-c.jpg","3","Aristotle Quote Charm, Friendship","","","","","","","","","","","","","","","","","","","","","","","","","","",""
"aristotle-quote-charm-friendship","","","","","","","","","","","","","","","","","","","","","","","","","https://cdn.shopify.com/s/files/1/0852/4428/1122/files/ORGCB182-3-d.jpg","4","Aristotle Quote Charm, Friendship","","","","","","","","","","","","","","","","","","","","","","","","","","",""
"aristotle-quote-charm-knowledge","Aristotle Quote Charm, Knowledge","<p style=""font-family: Inter, sans-serif;"">A hanging tag engraved with ""The more you know, the more you know you don't know."", attributed to Aristotle. Rhodium plated with a sand effect finish.</p>

<p style=""font-family: Inter, sans-serif;""><strong>Material:</strong> 925 Sterling Silver<br>
<strong>Finish:</strong> Rhodium Plated, Sand Effect<br>
<strong>Size:</strong> 12 x 17 x 2.5mm<br>
<strong>Weight:</strong> 3g</p>

<p style=""font-family: Inter, sans-serif;""><strong>Fits all Orloff snake chain bracelets.</strong></p>

<p style=""font-family: Inter, sans-serif;""><strong>ORLOFF OF DENMARK.</strong></p>","Orloff of Denmark","Apparel & Accessories > Jewelry > Charms & Pendants","Charm","Milestones & Sentiment, Line A, Charm Bracelet, 925 Silver","FALSE","","","","","","","ORGCB182-5","3","shopify","11","deny","manual","49","","TRUE","TRUE","","https://cdn.shopify.com/s/files/1/0852/4428/1122/files/ORGCB182-5-a.jpg","1","Aristotle Quote Charm, Knowledge","FALSE","Aristotle Quote Charm, Knowledge | Orloff of Denmark","A hanging tag engraved with ""The more you know, the more you know you don't know."", attributed to Aristotle.","","","","","","","","","","","","","","","g","","8.33","","","","","","","draft"
"aristotle-quote-charm-knowledge","","","","","","","","","","","","","","","","","","","","","","","","","https://cdn.shopify.com/s/files/1/0852/4428/1122/files/ORGCB182-5-b.jpg","2","Aristotle Quote Charm, Knowledge","","","","","","","","","","","","","","","","","","","","","","","","","","",""
"aristotle-quote-charm-knowledge","","","","","","","","","","","","","","","","","","","","","","","","","https://cdn.shopify.com/s/files/1/0852/4428/1122/files/ORGCB182-5-c.jpg","3","Aristotle Quote Charm, Knowledge","","","","","","","","","","","","","","","","","","","","","","","","","","",""
"aristotle-quote-charm-knowledge","","","","","","","","","","","","","","","","","","","","","","","","","https://cdn.shopify.com/s/files/1/0852/4428/1122/files/ORGCB182-5-d.jpg","4","Aristotle Quote Charm, Knowledge","","","","","","","","","","","","","","","","","","","","","","","","","","",""
"aristotle-quote-charm-education","Aristotle Quote Charm, Education","<p style=""font-family: Inter, sans-serif;"">A hanging tag engraved with ""The roots of education are bitter, but the fruit is sweet."", attributed to Aristotle. Rhodium plated with a sand effect finish.</p>

<p style=""font-family: Inter, sans-serif;""><strong>Material:</strong> 925 Sterling Silver<br>
<strong>Finish:</strong> Rhodium Plated, Sand Effect<br>
<strong>Size:</strong> 12 x 17 x 2.5mm<br>
<strong>Weight:</strong> 3g</p>

<p style=""font-family: Inter, sans-serif;""><strong>Fits all Orloff snake chain bracelets.</strong></p>

<p style=""font-family: Inter, sans-serif;""><strong>ORLOFF OF DENMARK.</strong></p>","Orloff of Denmark","Apparel & Accessories > Jewelry > Charms & Pendants","Charm","Milestones & Sentiment, Line A, Charm Bracelet, 925 Silver","FALSE","","","","","","","ORGCB182-6","3","shopify","11","deny","manual","49","","TRUE","TRUE","","https://cdn.shopify.com/s/files/1/0852/4428/1122/files/ORGCB182-6-a.jpg","1","Aristotle Quote Charm, Education","FALSE","Aristotle Quote Charm, Education | Orloff of Denmark","A hanging tag engraved with ""The roots of education are bitter, but the fruit is sweet."", attributed to Aristotle.","","","","","","","","","","","","","","","g","","8.33","","","","","","","draft"
"aristotle-quote-charm-education","","","","","","","","","","","","","","","","","","","","","","","","","https://cdn.shopify.com/s/files/1/0852/4428/1122/files/ORGCB182-6-b.jpg","2","Aristotle Quote Charm, Education","","","","","","","","","","","","","","","","","","","","","","","","","","",""
"aristotle-quote-charm-education","","","","","","","","","","","","","","","","","","","","","","","","","https://cdn.shopify.com/s/files/1/0852/4428/1122/files/ORGCB182-6-c.jpg","3","Aristotle Quote Charm, Education","","","","","","","","","","","","","","","","","","","","","","","","","","",""
"aristotle-quote-charm-education","","","","","","","","","","","","","","","","","","","","","","","","","https://cdn.shopify.com/s/files/1/0852/4428/1122/files/ORGCB182-6-d.jpg","4","Aristotle Quote Charm, Education","","","","","","","","","","","","","","","","","","","","","","","","","","",""
"aristotle-quote-charm-purpose","Aristotle Quote Charm, Purpose","<p style=""font-family: Inter, sans-serif;"">A hanging tag engraved with ""Happiness is the meaning and the purpose of life, the whole aim and end of human existence."", attributed to Aristotle. Rhodium plated with a sand effect finish.</p>

<p style=""font-family: Inter, sans-serif;""><strong>Material:</strong> 925 Sterling Silver<br>
<strong>Finish:</strong> Rhodium Plated, Sand Effect<br>
<strong>Size:</strong> 12 x 17 x 2.5mm<br>
<strong>Weight:</strong> 3g</p>

<p style=""font-family: Inter, sans-serif;""><strong>Fits all Orloff snake chain bracelets.</strong></p>

<p style=""font-family: Inter, sans-serif;""><strong>ORLOFF OF DENMARK.</strong></p>","Orloff of Denmark","Apparel & Accessories > Jewelry > Charms & Pendants","Charm","Milestones & Sentiment, Line A, Charm Bracelet, 925 Silver","FALSE","","","","","","","ORGCB182-7","3","shopify","11","deny","manual","49","","TRUE","TRUE","","https://cdn.shopify.com/s/files/1/0852/4428/1122/files/ORGCB182-7-a.jpg","1","Aristotle Quote Charm, Purpose","FALSE","Aristotle Quote Charm, Purpose | Orloff of Denmark","A hanging tag engraved with ""Happiness is the meaning and the purpose of life, the whole aim and end of human existence."", attributed to Aristotle.","","","","","","","","","","","","","","","g","","8.33","","","","","","","draft"
"aristotle-quote-charm-purpose","","","","","","","","","","","","","","","","","","","","","","","","","https://cdn.shopify.com/s/files/1/0852/4428/1122/files/ORGCB182-7-b.jpg","2","Aristotle Quote Charm, Purpose","","","","","","","","","","","","","","","","","","","","","","","","","","",""
"aristotle-quote-charm-purpose","","","","","","","","","","","","","","","","","","","","","","","","","https://cdn.shopify.com/s/files/1/0852/4428/1122/files/ORGCB182-7-c.jpg","3","Aristotle Quote Charm, Purpose","","","","","","","","","","","","","","","","","","","","","","","","","","",""
"aristotle-quote-charm-purpose","","","","","","","","","","","","","","","","","","","","","","","","","https://cdn.shopify.com/s/files/1/0852/4428/1122/files/ORGCB182-7-d.jpg","4","Aristotle Quote Charm, Purpose","","","","","","","","","","","","","","","","","","","","","","","","","","",""
"aristotle-quote-charm-wisdom","Aristotle Quote Charm, Wisdom","<p style=""font-family: Inter, sans-serif;"">A hanging tag engraved with ""Knowing yourself is the beginning of all wisdom."", attributed to Aristotle. Rhodium plated with a sand effect finish.</p>

<p style=""font-family: Inter, sans-serif;""><strong>Material:</strong> 925 Sterling Silver<br>
<strong>Finish:</strong> Rhodium Plated, Sand Effect<br>
<strong>Size:</strong> 12 x 17 x 2.5mm<br>
<strong>Weight:</strong> 3g</p>

<p style=""font-family: Inter, sans-serif;""><strong>Fits all Orloff snake chain bracelets.</strong></p>

<p style=""font-family: Inter, sans-serif;""><strong>ORLOFF OF DENMARK.</strong></p>","Orloff of Denmark","Apparel & Accessories > Jewelry > Charms & Pendants","Charm","Milestones & Sentiment, Line A, Charm Bracelet, 925 Silver","FALSE","","","","","","","ORGCB182-8","3","shopify","12","deny","manual","49","","TRUE","TRUE","","https://cdn.shopify.com/s/files/1/0852/4428/1122/files/ORGCB182-8-a.jpg","1","Aristotle Quote Charm, Wisdom","FALSE","Aristotle Quote Charm, Wisdom | Orloff of Denmark","A hanging tag engraved with ""Knowing yourself is the beginning of all wisdom."", attributed to Aristotle.","","","","","","","","","","","","","","","g","","8.33","","","","","","","draft"
"aristotle-quote-charm-wisdom","","","","","","","","","","","","","","","","","","","","","","","","","https://cdn.shopify.com/s/files/1/0852/4428/1122/files/ORGCB182-8-b.jpg","2","Aristotle Quote Charm, Wisdom","","","","","","","","","","","","","","","","","","","","","","","","","","",""
"aristotle-quote-charm-wisdom","","","","","","","","","","","","","","","","","","","","","","","","","https://cdn.shopify.com/s/files/1/0852/4428/1122/files/ORGCB182-8-c.jpg","3","Aristotle Quote Charm, Wisdom","","","","","","","","","","","","","","","","","","","","","","","","","","",""
"aristotle-quote-charm-wisdom","","","","","","","","","","","","","","","","","","","","","","","","","https://cdn.shopify.com/s/files/1/0852/4428/1122/files/ORGCB182-8-d.jpg","4","Aristotle Quote Charm, Wisdom","","","","","","","","","","","","","","","","","","","","","","","","","","",""
"lao-tzu-quote-charm-the-journey","Lao Tzu Quote Charm, The Journey","<p style=""font-family: Inter, sans-serif;"">A hanging tag engraved with ""The journey of a thousand miles begins with one step."", attributed to Lao Tzu. Rhodium plated with a sand effect finish.</p>

<p style=""font-family: Inter, sans-serif;""><strong>Material:</strong> 925 Sterling Silver<br>
<strong>Finish:</strong> Rhodium Plated, Sand Effect<br>
<strong>Size:</strong> 12 x 17 x 2.5mm<br>
<strong>Weight:</strong> 3.1g</p>

<p style=""font-family: Inter, sans-serif;""><strong>Fits all Orloff snake chain bracelets.</strong></p>

<p style=""font-family: Inter, sans-serif;""><strong>ORLOFF OF DENMARK.</strong></p>","Orloff of Denmark","Apparel & Accessories > Jewelry > Charms & Pendants","Charm","Milestones & Sentiment, Line A, Charm Bracelet, 925 Silver","FALSE","","","","","","","ORGCB184-1","3","shopify","11","deny","manual","49","","TRUE","TRUE","","https://cdn.shopify.com/s/files/1/0852/4428/1122/files/ORGCB184-1-a.jpg","1","Lao Tzu Quote Charm, The Journey","FALSE","Lao Tzu Quote Charm, The Journey | Orloff of Denmark","A hanging tag engraved with ""The journey of a thousand miles begins with one step."", attributed to Lao Tzu.","","","","","","","","","","","","","","","g","","8.33","","","","","","","draft"
"lao-tzu-quote-charm-the-journey","","","","","","","","","","","","","","","","","","","","","","","","","https://cdn.shopify.com/s/files/1/0852/4428/1122/files/ORGCB184-1-b.jpg","2","Lao Tzu Quote Charm, The Journey","","","","","","","","","","","","","","","","","","","","","","","","","","",""
"lao-tzu-quote-charm-the-journey","","","","","","","","","","","","","","","","","","","","","","","","","https://cdn.shopify.com/s/files/1/0852/4428/1122/files/ORGCB184-1-c.jpg","3","Lao Tzu Quote Charm, The Journey","","","","","","","","","","","","","","","","","","","","","","","","","","",""
"lao-tzu-quote-charm-the-journey","","","","","","","","","","","","","","","","","","","","","","","","","https://cdn.shopify.com/s/files/1/0852/4428/1122/files/ORGCB184-1-d.jpg","4","Lao Tzu Quote Charm, The Journey","","","","","","","","","","","","","","","","","","","","","","","","","","",""
"lao-tzu-quote-charm-freedom","Lao Tzu Quote Charm, Freedom","<p style=""font-family: Inter, sans-serif;"">A hanging tag engraved with ""Care about what other people think and you will always be their prisoner."", attributed to Lao Tzu. Rhodium plated with a sand effect finish.</p>

<p style=""font-family: Inter, sans-serif;""><strong>Material:</strong> 925 Sterling Silver<br>
<strong>Finish:</strong> Rhodium Plated, Sand Effect<br>
<strong>Size:</strong> 12 x 17 x 2.5mm<br>
<strong>Weight:</strong> 3.1g</p>

<p style=""font-family: Inter, sans-serif;""><strong>Fits all Orloff snake chain bracelets.</strong></p>

<p style=""font-family: Inter, sans-serif;""><strong>ORLOFF OF DENMARK.</strong></p>","Orloff of Denmark","Apparel & Accessories > Jewelry > Charms & Pendants","Charm","Milestones & Sentiment, Line A, Charm Bracelet, 925 Silver","FALSE","","","","","","","ORGCB184-2","3","shopify","10","deny","manual","49","","TRUE","TRUE","","https://cdn.shopify.com/s/files/1/0852/4428/1122/files/ORGCB184-2-a.jpg","1","Lao Tzu Quote Charm, Freedom","FALSE","Lao Tzu Quote Charm, Freedom | Orloff of Denmark","A hanging tag engraved with ""Care about what other people think and you will always be their prisoner."", attributed to Lao Tzu.","","","","","","","","","","","","","","","g","","8.33","","","","","","","draft"
"lao-tzu-quote-charm-freedom","","","","","","","","","","","","","","","","","","","","","","","","","https://cdn.shopify.com/s/files/1/0852/4428/1122/files/ORGCB184-2-b.jpg","2","Lao Tzu Quote Charm, Freedom","","","","","","","","","","","","","","","","","","","","","","","","","","",""
"lao-tzu-quote-charm-freedom","","","","","","","","","","","","","","","","","","","","","","","","","https://cdn.shopify.com/s/files/1/0852/4428/1122/files/ORGCB184-2-c.jpg","3","Lao Tzu Quote Charm, Freedom","","","","","","","","","","","","","","","","","","","","","","","","","","",""
"lao-tzu-quote-charm-freedom","","","","","","","","","","","","","","","","","","","","","","","","","https://cdn.shopify.com/s/files/1/0852/4428/1122/files/ORGCB184-2-d.jpg","4","Lao Tzu Quote Charm, Freedom","","","","","","","","","","","","","","","","","","","","","","","","","","",""
"lao-tzu-quote-charm-silence","Lao Tzu Quote Charm, Silence","<p style=""font-family: Inter, sans-serif;"">A hanging tag engraved with ""Silence is a source of Great Strength."", attributed to Lao Tzu. Rhodium plated with a sand effect finish.</p>

<p style=""font-family: Inter, sans-serif;""><strong>Material:</strong> 925 Sterling Silver<br>
<strong>Finish:</strong> Rhodium Plated, Sand Effect<br>
<strong>Size:</strong> 12 x 17 x 2.5mm<br>
<strong>Weight:</strong> 3.1g</p>

<p style=""font-family: Inter, sans-serif;""><strong>Fits all Orloff snake chain bracelets.</strong></p>

<p style=""font-family: Inter, sans-serif;""><strong>ORLOFF OF DENMARK.</strong></p>","Orloff of Denmark","Apparel & Accessories > Jewelry > Charms & Pendants","Charm","Milestones & Sentiment, Line A, Charm Bracelet, 925 Silver","FALSE","","","","","","","ORGCB184-3","3","shopify","12","deny","manual","49","","TRUE","TRUE","","https://cdn.shopify.com/s/files/1/0852/4428/1122/files/ORGCB184-3-a.jpg","1","Lao Tzu Quote Charm, Silence","FALSE","Lao Tzu Quote Charm, Silence | Orloff of Denmark","A hanging tag engraved with ""Silence is a source of Great Strength."", attributed to Lao Tzu.","","","","","","","","","","","","","","","g","","8.33","","","","","","","draft"
"lao-tzu-quote-charm-silence","","","","","","","","","","","","","","","","","","","","","","","","","https://cdn.shopify.com/s/files/1/0852/4428/1122/files/ORGCB184-3-b.jpg","2","Lao Tzu Quote Charm, Silence","","","","","","","","","","","","","","","","","","","","","","","","","","",""
"lao-tzu-quote-charm-silence","","","","","","","","","","","","","","","","","","","","","","","","","https://cdn.shopify.com/s/files/1/0852/4428/1122/files/ORGCB184-3-c.jpg","3","Lao Tzu Quote Charm, Silence","","","","","","","","","","","","","","","","","","","","","","","","","","",""
"lao-tzu-quote-charm-silence","","","","","","","","","","","","","","","","","","","","","","","","","https://cdn.shopify.com/s/files/1/0852/4428/1122/files/ORGCB184-3-d.jpg","4","Lao Tzu Quote Charm, Silence","","","","","","","","","","","","","","","","","","","","","","","","","","",""
"lao-tzu-quote-charm-the-flame","Lao Tzu Quote Charm, The Flame","<p style=""font-family: Inter, sans-serif;"">A hanging tag engraved with ""The flame that burns Twice as bright burns half as long."", attributed to Lao Tzu. Rhodium plated with a sand effect finish.</p>

<p style=""font-family: Inter, sans-serif;""><strong>Material:</strong> 925 Sterling Silver<br>
<strong>Finish:</strong> Rhodium Plated, Sand Effect<br>
<strong>Size:</strong> 12 x 17 x 2.5mm<br>
<strong>Weight:</strong> 3g</p>

<p style=""font-family: Inter, sans-serif;""><strong>Fits all Orloff snake chain bracelets.</strong></p>

<p style=""font-family: Inter, sans-serif;""><strong>ORLOFF OF DENMARK.</strong></p>","Orloff of Denmark","Apparel & Accessories > Jewelry > Charms & Pendants","Charm","Milestones & Sentiment, Line A, Charm Bracelet, 925 Silver","FALSE","","","","","","","ORGCB184-4","3","shopify","10","deny","manual","49","","TRUE","TRUE","","https://cdn.shopify.com/s/files/1/0852/4428/1122/files/ORGCB184-4-a.jpg","1","Lao Tzu Quote Charm, The Flame","FALSE","Lao Tzu Quote Charm, The Flame | Orloff of Denmark","A hanging tag engraved with ""The flame that burns Twice as bright burns half as long."", attributed to Lao Tzu.","","","","","","","","","","","","","","","g","","8.33","","","","","","","draft"
"lao-tzu-quote-charm-the-flame","","","","","","","","","","","","","","","","","","","","","","","","","https://cdn.shopify.com/s/files/1/0852/4428/1122/files/ORGCB184-4-b.jpg","2","Lao Tzu Quote Charm, The Flame","","","","","","","","","","","","","","","","","","","","","","","","","","",""
"lao-tzu-quote-charm-the-flame","","","","","","","","","","","","","","","","","","","","","","","","","https://cdn.shopify.com/s/files/1/0852/4428/1122/files/ORGCB184-4-c.jpg","3","Lao Tzu Quote Charm, The Flame","","","","","","","","","","","","","","","","","","","","","","","","","","",""
"lao-tzu-quote-charm-the-flame","","","","","","","","","","","","","","","","","","","","","","","","","https://cdn.shopify.com/s/files/1/0852/4428/1122/files/ORGCB184-4-d.jpg","4","Lao Tzu Quote Charm, The Flame","","","","","","","","","","","","","","","","","","","","","","","","","","",""
"lao-tzu-quote-charm-love","Lao Tzu Quote Charm, Love","<p style=""font-family: Inter, sans-serif;"">A hanging tag engraved with ""Being deeply loved by someone gives you strength, while loving someone deeply gives you courage."", attributed to Lao Tzu. Rhodium plated with a sand effect finish.</p>

<p style=""font-family: Inter, sans-serif;""><strong>Material:</strong> 925 Sterling Silver<br>
<strong>Finish:</strong> Rhodium Plated, Sand Effect<br>
<strong>Size:</strong> 12 x 17 x 2.5mm<br>
<strong>Weight:</strong> 3g</p>

<p style=""font-family: Inter, sans-serif;""><strong>Fits all Orloff snake chain bracelets.</strong></p>

<p style=""font-family: Inter, sans-serif;""><strong>ORLOFF OF DENMARK.</strong></p>","Orloff of Denmark","Apparel & Accessories > Jewelry > Charms & Pendants","Charm","Milestones & Sentiment, Line A, Charm Bracelet, 925 Silver","FALSE","","","","","","","ORGCB184-5","3","shopify","12","deny","manual","49","","TRUE","TRUE","","https://cdn.shopify.com/s/files/1/0852/4428/1122/files/ORGCB184-5-a.jpg","1","Lao Tzu Quote Charm, Love","FALSE","Lao Tzu Quote Charm, Love | Orloff of Denmark","A hanging tag engraved with ""Being deeply loved by someone gives you strength, while loving someone deeply gives you courage."", attributed to Lao Tzu.","","","","","","","","","","","","","","","g","","8.33","","","","","","","draft"
"lao-tzu-quote-charm-love","","","","","","","","","","","","","","","","","","","","","","","","","https://cdn.shopify.com/s/files/1/0852/4428/1122/files/ORGCB184-5-b.jpg","2","Lao Tzu Quote Charm, Love","","","","","","","","","","","","","","","","","","","","","","","","","","",""
"lao-tzu-quote-charm-love","","","","","","","","","","","","","","","","","","","","","","","","","https://cdn.shopify.com/s/files/1/0852/4428/1122/files/ORGCB184-5-c.jpg","3","Lao Tzu Quote Charm, Love","","","","","","","","","","","","","","","","","","","","","","","","","","",""
"lao-tzu-quote-charm-love","","","","","","","","","","","","","","","","","","","","","","","","","https://cdn.shopify.com/s/files/1/0852/4428/1122/files/ORGCB184-5-d.jpg","4","Lao Tzu Quote Charm, Love","","","","","","","","","","","","","","","","","","","","","","","","","","",""
"lao-tzu-quote-charm-the-traveller","Lao Tzu Quote Charm, The Traveller","<p style=""font-family: Inter, sans-serif;"">A hanging tag engraved with ""A good traveler has no fixed plans and is not intent on arriving."", attributed to Lao Tzu. Rhodium plated with a sand effect finish.</p>

<p style=""font-family: Inter, sans-serif;""><strong>Material:</strong> 925 Sterling Silver<br>
<strong>Finish:</strong> Rhodium Plated, Sand Effect<br>
<strong>Size:</strong> 12 x 17 x 2.5mm<br>
<strong>Weight:</strong> 3g</p>

<p style=""font-family: Inter, sans-serif;""><strong>Fits all Orloff snake chain bracelets.</strong></p>

<p style=""font-family: Inter, sans-serif;""><strong>ORLOFF OF DENMARK.</strong></p>","Orloff of Denmark","Apparel & Accessories > Jewelry > Charms & Pendants","Charm","Milestones & Sentiment, Line A, Charm Bracelet, 925 Silver","FALSE","","","","","","","ORGCB184-6","3","shopify","12","deny","manual","49","","TRUE","TRUE","","https://cdn.shopify.com/s/files/1/0852/4428/1122/files/ORGCB184-6-a.jpg","1","Lao Tzu Quote Charm, The Traveller","FALSE","Lao Tzu Quote Charm, The Traveller | Orloff of Denmark","A hanging tag engraved with ""A good traveler has no fixed plans and is not intent on arriving."", attributed to Lao Tzu.","","","","","","","","","","","","","","","g","","8.33","","","","","","","draft"
"lao-tzu-quote-charm-the-traveller","","","","","","","","","","","","","","","","","","","","","","","","","https://cdn.shopify.com/s/files/1/0852/4428/1122/files/ORGCB184-6-b.jpg","2","Lao Tzu Quote Charm, The Traveller","","","","","","","","","","","","","","","","","","","","","","","","","","",""
"lao-tzu-quote-charm-the-traveller","","","","","","","","","","","","","","","","","","","","","","","","","https://cdn.shopify.com/s/files/1/0852/4428/1122/files/ORGCB184-6-c.jpg","3","Lao Tzu Quote Charm, The Traveller","","","","","","","","","","","","","","","","","","","","","","","","","","",""
"lao-tzu-quote-charm-the-traveller","","","","","","","","","","","","","","","","","","","","","","","","","https://cdn.shopify.com/s/files/1/0852/4428/1122/files/ORGCB184-6-d.jpg","4","Lao Tzu Quote Charm, The Traveller","","","","","","","","","","","","","","","","","","","","","","","","","","",""
"lao-tzu-quote-charm-calm","Lao Tzu Quote Charm, Calm","<p style=""font-family: Inter, sans-serif;"">A hanging tag engraved with ""The best fighter is never angry."", attributed to Lao Tzu. Rhodium plated with a sand effect finish.</p>

<p style=""font-family: Inter, sans-serif;""><strong>Material:</strong> 925 Sterling Silver<br>
<strong>Finish:</strong> Rhodium Plated, Sand Effect<br>
<strong>Size:</strong> 12 x 17 x 2.5mm<br>
<strong>Weight:</strong> 3g</p>

<p style=""font-family: Inter, sans-serif;""><strong>Fits all Orloff snake chain bracelets.</strong></p>

<p style=""font-family: Inter, sans-serif;""><strong>ORLOFF OF DENMARK.</strong></p>","Orloff of Denmark","Apparel & Accessories > Jewelry > Charms & Pendants","Charm","Milestones & Sentiment, Line A, Charm Bracelet, 925 Silver","FALSE","","","","","","","ORGCB184-7","3","shopify","10","deny","manual","49","","TRUE","TRUE","","https://cdn.shopify.com/s/files/1/0852/4428/1122/files/ORGCB184-7-a.jpg","1","Lao Tzu Quote Charm, Calm","FALSE","Lao Tzu Quote Charm, Calm | Orloff of Denmark","A hanging tag engraved with ""The best fighter is never angry."", attributed to Lao Tzu.","","","","","","","","","","","","","","","g","","8.33","","","","","","","draft"
"lao-tzu-quote-charm-calm","","","","","","","","","","","","","","","","","","","","","","","","","https://cdn.shopify.com/s/files/1/0852/4428/1122/files/ORGCB184-7-b.jpg","2","Lao Tzu Quote Charm, Calm","","","","","","","","","","","","","","","","","","","","","","","","","","",""
"lao-tzu-quote-charm-calm","","","","","","","","","","","","","","","","","","","","","","","","","https://cdn.shopify.com/s/files/1/0852/4428/1122/files/ORGCB184-7-c.jpg","3","Lao Tzu Quote Charm, Calm","","","","","","","","","","","","","","","","","","","","","","","","","","",""
"lao-tzu-quote-charm-calm","","","","","","","","","","","","","","","","","","","","","","","","","https://cdn.shopify.com/s/files/1/0852/4428/1122/files/ORGCB184-7-d.jpg","4","Lao Tzu Quote Charm, Calm","","","","","","","","","","","","","","","","","","","","","","","","","","",""
"lemon-charm-14k-gold","Lemon Charm, 14K Gold","<p style=""font-family: Inter, sans-serif;"">Gold lemon with green enamel leaves.</p>

<p style=""font-family: Inter, sans-serif;""><strong>Material:</strong> 925 Sterling Silver<br>
<strong>Finish:</strong> Gold Plating, Yellow Enamel<br>
<strong>Size:</strong> 18.2 x 14 x 4.5mm<br>
<strong>Weight:</strong> 3.5g</p>

<p style=""font-family: Inter, sans-serif;""><strong>Fits all Orloff snake chain bracelets.</strong></p>

<p style=""font-family: Inter, sans-serif;""><strong>ORLOFF OF DENMARK.</strong></p>","Orloff of Denmark","Apparel & Accessories > Jewelry > Charms & Pendants","Charm","Nature, Line A, Charm Bracelet, 925 Silver","FALSE","","","","","","","ORGCB185-14K","4","shopify","27","deny","manual","49","","TRUE","TRUE","","https://cdn.shopify.com/s/files/1/0852/4428/1122/files/ORGCB185-14K-a.jpg","1","Lemon Charm, 14K Gold","FALSE","Lemon Charm, 14K Gold | Orloff of Denmark","Gold lemon with green enamel leaves.","","","","","","","","","","","","","","","g","","7.86","","","","","","","draft"
"lemon-charm-14k-gold","","","","","","","","","","","","","","","","","","","","","","","","","https://cdn.shopify.com/s/files/1/0852/4428/1122/files/ORGCB185-14K-b.jpg","2","Lemon Charm, 14K Gold","","","","","","","","","","","","","","","","","","","","","","","","","","",""
"lemon-charm-14k-gold","","","","","","","","","","","","","","","","","","","","","","","","","https://cdn.shopify.com/s/files/1/0852/4428/1122/files/ORGCB185-14K-c.jpg","3","Lemon Charm, 14K Gold","","","","","","","","","","","","","","","","","","","","","","","","","","",""
"lemon-charm-14k-gold","","","","","","","","","","","","","","","","","","","","","","","","","https://cdn.shopify.com/s/files/1/0852/4428/1122/files/ORGCB185-14K-d.jpg","4","Lemon Charm, 14K Gold","","","","","","","","","","","","","","","","","","","","","","","","","","",""
"engraved-quote-charm-a-smile","Engraved Quote Charm, A Smile","<p style=""font-family: Inter, sans-serif;"">A hanging tag engraved with ""Every time you smile at someone, it is an action of love, a gift to that person, a beautiful thing."". Rhodium plated with a sand effect finish.</p>

<p style=""font-family: Inter, sans-serif;""><strong>Material:</strong> 925 Sterling Silver<br>
<strong>Finish:</strong> Rhodium Plated, Black Enamel<br>
<strong>Size:</strong> 16.4 x 14 x 3mm<br>
<strong>Weight:</strong> 3.3g</p>

<p style=""font-family: Inter, sans-serif;""><strong>Fits all Orloff snake chain bracelets.</strong></p>

<p style=""font-family: Inter, sans-serif;""><strong>ORLOFF OF DENMARK.</strong></p>","Orloff of Denmark","Apparel & Accessories > Jewelry > Charms & Pendants","Charm","Milestones & Sentiment, Line A, Charm Bracelet, 925 Silver","FALSE","","","","","","","ORGCB186-1","3","shopify","12","deny","manual","49","","TRUE","TRUE","","https://cdn.shopify.com/s/files/1/0852/4428/1122/files/ORGCB186-1-a.jpg","1","Engraved Quote Charm, A Smile","FALSE","Engraved Quote Charm, A Smile | Orloff of Denmark","A hanging tag engraved with ""Every time you smile at someone, it is an action of love, a gift to that person, a beautiful thing."".","","","","","","","","","","","","","","","g","","7.86","","","","","","","draft"
"engraved-quote-charm-a-smile","","","","","","","","","","","","","","","","","","","","","","","","","https://cdn.shopify.com/s/files/1/0852/4428/1122/files/ORGCB186-1-b.jpg","2","Engraved Quote Charm, A Smile","","","","","","","","","","","","","","","","","","","","","","","","","","",""
"engraved-quote-charm-a-smile","","","","","","","","","","","","","","","","","","","","","","","","","https://cdn.shopify.com/s/files/1/0852/4428/1122/files/ORGCB186-1-c.jpg","3","Engraved Quote Charm, A Smile","","","","","","","","","","","","","","","","","","","","","","","","","","",""
"engraved-quote-charm-a-smile","","","","","","","","","","","","","","","","","","","","","","","","","https://cdn.shopify.com/s/files/1/0852/4428/1122/files/ORGCB186-1-d.jpg","4","Engraved Quote Charm, A Smile","","","","","","","","","","","","","","","","","","","","","","","","","","",""
"engraved-quote-charm-the-mirror","Engraved Quote Charm, The Mirror","<p style=""font-family: Inter, sans-serif;"">A hanging tag engraved with ""Life is like a mirror. Smile at it and it smiles back at you."". Rhodium plated with a sand effect finish.</p>

<p style=""font-family: Inter, sans-serif;""><strong>Material:</strong> 925 Sterling Silver<br>
<strong>Finish:</strong> Rhodium Plated, Black Enamel<br>
<strong>Size:</strong> 16.4 x 14 x 3mm<br>
<strong>Weight:</strong> 3.3g</p>

<p style=""font-family: Inter, sans-serif;""><strong>Fits all Orloff snake chain bracelets.</strong></p>

<p style=""font-family: Inter, sans-serif;""><strong>ORLOFF OF DENMARK.</strong></p>","Orloff of Denmark","Apparel & Accessories > Jewelry > Charms & Pendants","Charm","Milestones & Sentiment, Line A, Charm Bracelet, 925 Silver","FALSE","","","","","","","ORGCB186-2","3","shopify","13","deny","manual","49","","TRUE","TRUE","","https://cdn.shopify.com/s/files/1/0852/4428/1122/files/ORGCB186-2-a.jpg","1","Engraved Quote Charm, The Mirror","FALSE","Engraved Quote Charm, The Mirror | Orloff of Denmark","A hanging tag engraved with ""Life is like a mirror.","","","","","","","","","","","","","","","g","","7.86","","","","","","","draft"
"engraved-quote-charm-the-mirror","","","","","","","","","","","","","","","","","","","","","","","","","https://cdn.shopify.com/s/files/1/0852/4428/1122/files/ORGCB186-2-b.jpg","2","Engraved Quote Charm, The Mirror","","","","","","","","","","","","","","","","","","","","","","","","","","",""
"engraved-quote-charm-the-mirror","","","","","","","","","","","","","","","","","","","","","","","","","https://cdn.shopify.com/s/files/1/0852/4428/1122/files/ORGCB186-2-c.jpg","3","Engraved Quote Charm, The Mirror","","","","","","","","","","","","","","","","","","","","","","","","","","",""
"engraved-quote-charm-the-mirror","","","","","","","","","","","","","","","","","","","","","","","","","https://cdn.shopify.com/s/files/1/0852/4428/1122/files/ORGCB186-2-d.jpg","4","Engraved Quote Charm, The Mirror","","","","","","","","","","","","","","","","","","","","","","","","","","",""
"engraved-quote-charm-the-moon","Engraved Quote Charm, The Moon","<p style=""font-family: Inter, sans-serif;"">A hanging tag engraved with ""Shoot for the moon. Even if you miss, you'll land among the stars. 14.14mm"". Rhodium plated with a sand effect finish.</p>

<p style=""font-family: Inter, sans-serif;""><strong>Material:</strong> 925 Sterling Silver<br>
<strong>Finish:</strong> Gold Plating, Dark Blue<br>
<strong>Stone:</strong> enamel<br>
<strong>Size:</strong> 14.14mm<br>
<strong>Weight:</strong> 2g</p>

<p style=""font-family: Inter, sans-serif;""><strong>Fits all Orloff snake chain bracelets.</strong></p>

<p style=""font-family: Inter, sans-serif;""><strong>ORLOFF OF DENMARK.</strong></p>","Orloff of Denmark","Apparel & Accessories > Jewelry > Charms & Pendants","Charm","Milestones & Sentiment, Line A, Charm Bracelet, 925 Silver","FALSE","","","","","","","ORGCB187-14K-1","2","shopify","13","deny","manual","39","","TRUE","TRUE","","https://cdn.shopify.com/s/files/1/0852/4428/1122/files/ORGCB187-14K-1-a.jpg","1","Engraved Quote Charm, The Moon","FALSE","Engraved Quote Charm, The Moon | Orloff of Denmark","A hanging tag engraved with ""Shoot for the moon.","","","","","","","","","","","","","","","g","","5.48","","","","","","","draft"
"engraved-quote-charm-the-moon","","","","","","","","","","","","","","","","","","","","","","","","","https://cdn.shopify.com/s/files/1/0852/4428/1122/files/ORGCB187-14K-1-b.jpg","2","Engraved Quote Charm, The Moon","","","","","","","","","","","","","","","","","","","","","","","","","","",""
"engraved-quote-charm-the-moon","","","","","","","","","","","","","","","","","","","","","","","","","https://cdn.shopify.com/s/files/1/0852/4428/1122/files/ORGCB187-14K-1-c.jpg","3","Engraved Quote Charm, The Moon","","","","","","","","","","","","","","","","","","","","","","","","","","",""
"engraved-quote-charm-the-moon","","","","","","","","","","","","","","","","","","","","","","","","","https://cdn.shopify.com/s/files/1/0852/4428/1122/files/ORGCB187-14K-1-d.jpg","4","Engraved Quote Charm, The Moon","","","","","","","","","","","","","","","","","","","","","","","","","","",""
"engraved-quote-charm-possible","Engraved Quote Charm, Possible","<p style=""font-family: Inter, sans-serif;"">A hanging tag engraved with ""Nothing is impossible, the word itself says, I'm possible. 14.14mm"". Rhodium plated with a sand effect finish.</p>

<p style=""font-family: Inter, sans-serif;""><strong>Material:</strong> 925 Sterling Silver<br>
<strong>Finish:</strong> Gold Plating, Dark Blue<br>
<strong>Stone:</strong> enamel<br>
<strong>Size:</strong> 14.14mm<br>
<strong>Weight:</strong> 2g</p>

<p style=""font-family: Inter, sans-serif;""><strong>Fits all Orloff snake chain bracelets.</strong></p>

<p style=""font-family: Inter, sans-serif;""><strong>ORLOFF OF DENMARK.</strong></p>","Orloff of Denmark","Apparel & Accessories > Jewelry > Charms & Pendants","Charm","Milestones & Sentiment, Line A, Charm Bracelet, 925 Silver","FALSE","","","","","","","ORGCB187-14K-2","2","shopify","12","deny","manual","39","","TRUE","TRUE","","https://cdn.shopify.com/s/files/1/0852/4428/1122/files/ORGCB187-14K-2-a.jpg","1","Engraved Quote Charm, Possible","FALSE","Engraved Quote Charm, Possible | Orloff of Denmark","A hanging tag engraved with ""Nothing is impossible, the word itself says, I'm possible.","","","","","","","","","","","","","","","g","","5.48","","","","","","","draft"
"engraved-quote-charm-possible","","","","","","","","","","","","","","","","","","","","","","","","","https://cdn.shopify.com/s/files/1/0852/4428/1122/files/ORGCB187-14K-2-b.jpg","2","Engraved Quote Charm, Possible","","","","","","","","","","","","","","","","","","","","","","","","","","",""
"engraved-quote-charm-possible","","","","","","","","","","","","","","","","","","","","","","","","","https://cdn.shopify.com/s/files/1/0852/4428/1122/files/ORGCB187-14K-2-c.jpg","3","Engraved Quote Charm, Possible","","","","","","","","","","","","","","","","","","","","","","","","","","",""
"engraved-quote-charm-possible","","","","","","","","","","","","","","","","","","","","","","","","","https://cdn.shopify.com/s/files/1/0852/4428/1122/files/ORGCB187-14K-2-d.jpg","4","Engraved Quote Charm, Possible","","","","","","","","","","","","","","","","","","","","","","","","","","",""
"little-mermaid-charm","Little Mermaid Charm","<p style=""font-family: Inter, sans-serif;"">Copenhagen's Den Lille Havfrue, figure seated on a rock.</p>

<p style=""font-family: Inter, sans-serif;""><strong>Material:</strong> 925 Sterling Silver<br>
<strong>Finish:</strong> Silver Oxidation<br>
<strong>Size:</strong> 19 x 14mm<br>
<strong>Weight:</strong> 3.80g</p>

<p style=""font-family: Inter, sans-serif;""><strong>Fits all Orloff snake chain bracelets.</strong></p>

<p style=""font-family: Inter, sans-serif;""><strong>ORLOFF OF DENMARK.</strong></p>","Orloff of Denmark","Apparel & Accessories > Jewelry > Charms & Pendants","Charm","Travel & Lifestyle, Line A, Charm Bracelet, 925 Silver","FALSE","","","","","","","ORGCB25","4","shopify","30","deny","manual","49","","TRUE","TRUE","","https://cdn.shopify.com/s/files/1/0852/4428/1122/files/ORGCB25-a.jpg","1","Little Mermaid Charm","FALSE","Little Mermaid Charm | Orloff of Denmark","Copenhagen's Den Lille Havfrue, figure seated on a rock.","","","","","","","","","","","","","","","g","","7.25","","","","","","","draft"
"little-mermaid-charm","","","","","","","","","","","","","","","","","","","","","","","","","https://cdn.shopify.com/s/files/1/0852/4428/1122/files/ORGCB25-b.jpg","2","Little Mermaid Charm","","","","","","","","","","","","","","","","","","","","","","","","","","",""
"little-mermaid-charm","","","","","","","","","","","","","","","","","","","","","","","","","https://cdn.shopify.com/s/files/1/0852/4428/1122/files/ORGCB25-c.jpg","3","Little Mermaid Charm","","","","","","","","","","","","","","","","","","","","","","","","","","",""
"little-mermaid-charm","","","","","","","","","","","","","","","","","","","","","","","","","https://cdn.shopify.com/s/files/1/0852/4428/1122/files/ORGCB25-d.jpg","4","Little Mermaid Charm","","","","","","","","","","","","","","","","","","","","","","","","","","",""
"coat-of-arms-charm","Coat of Arms Charm","<p style=""font-family: Inter, sans-serif;"">Openwork heraldic crest with crown and shield, stars around the band.</p>

<p style=""font-family: Inter, sans-serif;""><strong>Material:</strong> 925 Sterling Silver<br>
<strong>Finish:</strong> Rhodium Plating<br>
<strong>Size:</strong> 10.5 x 7.5mm<br>
<strong>Weight:</strong> 1.7g</p>

<p style=""font-family: Inter, sans-serif;""><strong>Fits all Orloff snake chain bracelets.</strong></p>

<p style=""font-family: Inter, sans-serif;""><strong>ORLOFF OF DENMARK.</strong></p>","Orloff of Denmark","Apparel & Accessories > Jewelry > Charms & Pendants","Charm","Travel & Lifestyle, Line A, Charm Bracelet, 925 Silver","FALSE","","","","","","","ORGCB27","2","shopify","30","deny","manual","29","","TRUE","TRUE","","https://cdn.shopify.com/s/files/1/0852/4428/1122/files/ORGCB27-a.jpg","1","Coat of Arms Charm","FALSE","Coat of Arms Charm | Orloff of Denmark","Openwork heraldic crest with crown and shield, stars around the band.","","","","","","","","","","","","","","","g","","4.02","","","","","","","draft"
"coat-of-arms-charm","","","","","","","","","","","","","","","","","","","","","","","","","https://cdn.shopify.com/s/files/1/0852/4428/1122/files/ORGCB27-b.jpg","2","Coat of Arms Charm","","","","","","","","","","","","","","","","","","","","","","","","","","",""
"coat-of-arms-charm","","","","","","","","","","","","","","","","","","","","","","","","","https://cdn.shopify.com/s/files/1/0852/4428/1122/files/ORGCB27-c.jpg","3","Coat of Arms Charm","","","","","","","","","","","","","","","","","","","","","","","","","","",""
"coat-of-arms-charm","","","","","","","","","","","","","","","","","","","","","","","","","https://cdn.shopify.com/s/files/1/0852/4428/1122/files/ORGCB27-d.jpg","4","Coat of Arms Charm","","","","","","","","","","","","","","","","","","","","","","","","","","",""
"danish-flag-charm-red-enamel","Danish Flag Charm, Red Enamel","<p style=""font-family: Inter, sans-serif;"">Dannebrog, white cross over red enamel.</p>

<p style=""font-family: Inter, sans-serif;""><strong>Material:</strong> 925 Sterling Silver<br>
<strong>Finish:</strong> Rhodium Plated, Red Enamel<br>
<strong>Size:</strong> 11 x 10mm<br>
<strong>Weight:</strong> 2.1g</p>

<p style=""font-family: Inter, sans-serif;""><strong>Fits all Orloff snake chain bracelets.</strong></p>

<p style=""font-family: Inter, sans-serif;""><strong>ORLOFF OF DENMARK.</strong></p>","Orloff of Denmark","Apparel & Accessories > Jewelry > Charms & Pendants","Charm","Travel & Lifestyle, Line A, Charm Bracelet, 925 Silver","FALSE","","","","","","","ORGCB50P","2","shopify","15","deny","manual","49","","TRUE","TRUE","","https://cdn.shopify.com/s/files/1/0852/4428/1122/files/ORGCB50P-a.jpg","1","Danish Flag Charm, Red Enamel","FALSE","Danish Flag Charm, Red Enamel | Orloff of Denmark","Dannebrog, white cross over red enamel.","","","","","","","","","","","","","","","g","","7.09","","","","","","","draft"
"danish-flag-charm-red-enamel","","","","","","","","","","","","","","","","","","","","","","","","","https://cdn.shopify.com/s/files/1/0852/4428/1122/files/ORGCB50P-b.jpg","2","Danish Flag Charm, Red Enamel","","","","","","","","","","","","","","","","","","","","","","","","","","",""
"danish-flag-charm-red-enamel","","","","","","","","","","","","","","","","","","","","","","","","","https://cdn.shopify.com/s/files/1/0852/4428/1122/files/ORGCB50P-c.jpg","3","Danish Flag Charm, Red Enamel","","","","","","","","","","","","","","","","","","","","","","","","","","",""
"danish-flag-charm-red-enamel","","","","","","","","","","","","","","","","","","","","","","","","","https://cdn.shopify.com/s/files/1/0852/4428/1122/files/ORGCB50P-d.jpg","4","Danish Flag Charm, Red Enamel","","","","","","","","","","","","","","","","","","","","","","","","","","",""
"daisy-dangle-pink","Daisy Dangle, Pink","<p style=""font-family: Inter, sans-serif;"">Pink and white enamel petals with a yellow centre.</p>

<p style=""font-family: Inter, sans-serif;""><strong>Material:</strong> 925 Sterling Silver<br>
<strong>Finish:</strong> Rhodium Plated, Enamel<br>
<strong>Size:</strong> 14 x 14mm<br>
<strong>Weight:</strong> 1.60g</p>

<p style=""font-family: Inter, sans-serif;""><strong>Fits all Orloff snake chain bracelets.</strong></p>

<p style=""font-family: Inter, sans-serif;""><strong>ORLOFF OF DENMARK.</strong></p>","Orloff of Denmark","Apparel & Accessories > Jewelry > Charms & Pendants","Charm","Nature, Line A, Charm Bracelet, 925 Silver","FALSE","","","","","","","ORGCB51-P","2","shopify","30","deny","manual","39","","TRUE","TRUE","","https://cdn.shopify.com/s/files/1/0852/4428/1122/files/ORGCB51-P-a.jpg","1","Daisy Dangle, Pink","FALSE","Daisy Dangle, Pink | Orloff of Denmark","Pink and white enamel petals with a yellow centre.","","","","","","","","","","","","","","","g","","4.93","","","","","","","draft"
"daisy-dangle-pink","","","","","","","","","","","","","","","","","","","","","","","","","https://cdn.shopify.com/s/files/1/0852/4428/1122/files/ORGCB51-P-b.jpg","2","Daisy Dangle, Pink","","","","","","","","","","","","","","","","","","","","","","","","","","",""
"daisy-dangle-pink","","","","","","","","","","","","","","","","","","","","","","","","","https://cdn.shopify.com/s/files/1/0852/4428/1122/files/ORGCB51-P-c.jpg","3","Daisy Dangle, Pink","","","","","","","","","","","","","","","","","","","","","","","","","","",""
"daisy-dangle-pink","","","","","","","","","","","","","","","","","","","","","","","","","https://cdn.shopify.com/s/files/1/0852/4428/1122/files/ORGCB51-P-d.jpg","4","Daisy Dangle, Pink","","","","","","","","","","","","","","","","","","","","","","","","","","",""
"daisy-charm-white-and-yellow","Daisy Charm, White and Yellow","<p style=""font-family: Inter, sans-serif;"">Enamel daisy, white petals, yellow centre.</p>

<p style=""font-family: Inter, sans-serif;""><strong>Material:</strong> 925 Sterling Silver<br>
<strong>Finish:</strong> Rhodium Plated, Enamel<br>
<strong>Size:</strong> 14 x 14mm<br>
<strong>Weight:</strong> 1.60g</p>

<p style=""font-family: Inter, sans-serif;""><strong>Fits all Orloff snake chain bracelets.</strong></p>

<p style=""font-family: Inter, sans-serif;""><strong>ORLOFF OF DENMARK.</strong></p>","Orloff of Denmark","Apparel & Accessories > Jewelry > Charms & Pendants","Charm","Nature, Line A, Charm Bracelet, 925 Silver","FALSE","","","","","","","ORGCB51-WY","2","shopify","30","deny","manual","39","","TRUE","TRUE","","https://cdn.shopify.com/s/files/1/0852/4428/1122/files/ORGCB51-WY-a.jpg","1","Daisy Charm, White and Yellow","FALSE","Daisy Charm, White and Yellow | Orloff of Denmark","Enamel daisy, white petals, yellow centre.","","","","","","","","","","","","","","","g","","4.93","","","","","","","draft"
"daisy-charm-white-and-yellow","","","","","","","","","","","","","","","","","","","","","","","","","https://cdn.shopify.com/s/files/1/0852/4428/1122/files/ORGCB51-WY-b.jpg","2","Daisy Charm, White and Yellow","","","","","","","","","","","","","","","","","","","","","","","","","","",""
"daisy-charm-white-and-yellow","","","","","","","","","","","","","","","","","","","","","","","","","https://cdn.shopify.com/s/files/1/0852/4428/1122/files/ORGCB51-WY-c.jpg","3","Daisy Charm, White and Yellow","","","","","","","","","","","","","","","","","","","","","","","","","","",""
"daisy-charm-white-and-yellow","","","","","","","","","","","","","","","","","","","","","","","","","https://cdn.shopify.com/s/files/1/0852/4428/1122/files/ORGCB51-WY-d.jpg","4","Daisy Charm, White and Yellow","","","","","","","","","","","","","","","","","","","","","","","","","","",""
"daisy-charm-blue","Daisy Charm, Blue","<p style=""font-family: Inter, sans-serif;"">Blue enamel petals with a yellow centre.</p>

<p style=""font-family: Inter, sans-serif;""><strong>Material:</strong> 925 Sterling Silver<br>
<strong>Finish:</strong> Rhodium Plated, Enamel<br>
<strong>Size:</strong> 14 x 14mm<br>
<strong>Weight:</strong> 1.60g</p>

<p style=""font-family: Inter, sans-serif;""><strong>Fits all Orloff snake chain bracelets.</strong></p>

<p style=""font-family: Inter, sans-serif;""><strong>ORLOFF OF DENMARK.</strong></p>","Orloff of Denmark","Apparel & Accessories > Jewelry > Charms & Pendants","Charm","Nature, Line A, Charm Bracelet, 925 Silver","FALSE","","","","","","","ORGCB51-YL","2","shopify","30","deny","manual","39","","TRUE","TRUE","","https://cdn.shopify.com/s/files/1/0852/4428/1122/files/ORGCB51-YL-a.jpg","1","Daisy Charm, Blue","FALSE","Daisy Charm, Blue | Orloff of Denmark","Blue enamel petals with a yellow centre.","","","","","","","","","","","","","","","g","","4.93","","","","","","","draft"
"daisy-charm-blue","","","","","","","","","","","","","","","","","","","","","","","","","https://cdn.shopify.com/s/files/1/0852/4428/1122/files/ORGCB51-YL-b.jpg","2","Daisy Charm, Blue","","","","","","","","","","","","","","","","","","","","","","","","","","",""
"daisy-charm-blue","","","","","","","","","","","","","","","","","","","","","","","","","https://cdn.shopify.com/s/files/1/0852/4428/1122/files/ORGCB51-YL-c.jpg","3","Daisy Charm, Blue","","","","","","","","","","","","","","","","","","","","","","","","","","",""
"daisy-charm-blue","","","","","","","","","","","","","","","","","","","","","","","","","https://cdn.shopify.com/s/files/1/0852/4428/1122/files/ORGCB51-YL-d.jpg","4","Daisy Charm, Blue","","","","","","","","","","","","","","","","","","","","","","","","","","",""
"daisy-charm-purple","Daisy Charm, Purple","<p style=""font-family: Inter, sans-serif;"">Purple and white enamel petals with a yellow centre.</p>

<p style=""font-family: Inter, sans-serif;""><strong>Material:</strong> 925 Sterling Silver<br>
<strong>Finish:</strong> Rhodium Plated, Enamel<br>
<strong>Size:</strong> 14 x 14mm<br>
<strong>Weight:</strong> 1.60g</p>

<p style=""font-family: Inter, sans-serif;""><strong>Fits all Orloff snake chain bracelets.</strong></p>

<p style=""font-family: Inter, sans-serif;""><strong>ORLOFF OF DENMARK.</strong></p>","Orloff of Denmark","Apparel & Accessories > Jewelry > Charms & Pendants","Charm","Nature, Line A, Charm Bracelet, 925 Silver","FALSE","","","","","","","ORGCB51-YP","2","shopify","29","deny","manual","39","","TRUE","TRUE","","https://cdn.shopify.com/s/files/1/0852/4428/1122/files/ORGCB51-YP-a.jpg","1","Daisy Charm, Purple","FALSE","Daisy Charm, Purple | Orloff of Denmark","Purple and white enamel petals with a yellow centre.","","","","","","","","","","","","","","","g","","4.93","","","","","","","draft"
"daisy-charm-purple","","","","","","","","","","","","","","","","","","","","","","","","","https://cdn.shopify.com/s/files/1/0852/4428/1122/files/ORGCB51-YP-b.jpg","2","Daisy Charm, Purple","","","","","","","","","","","","","","","","","","","","","","","","","","",""
"daisy-charm-purple","","","","","","","","","","","","","","","","","","","","","","","","","https://cdn.shopify.com/s/files/1/0852/4428/1122/files/ORGCB51-YP-c.jpg","3","Daisy Charm, Purple","","","","","","","","","","","","","","","","","","","","","","","","","","",""
"daisy-charm-purple","","","","","","","","","","","","","","","","","","","","","","","","","https://cdn.shopify.com/s/files/1/0852/4428/1122/files/ORGCB51-YP-d.jpg","4","Daisy Charm, Purple","","","","","","","","","","","","","","","","","","","","","","","","","","",""
"daisy-charm-red","Daisy Charm, Red","<p style=""font-family: Inter, sans-serif;"">Red and white enamel petals with a yellow centre.</p>

<p style=""font-family: Inter, sans-serif;""><strong>Material:</strong> 925 Sterling Silver<br>
<strong>Finish:</strong> Rhodium Plated, Enamel<br>
<strong>Size:</strong> 14 x 14mm<br>
<strong>Weight:</strong> 1.60g</p>

<p style=""font-family: Inter, sans-serif;""><strong>Fits all Orloff snake chain bracelets.</strong></p>

<p style=""font-family: Inter, sans-serif;""><strong>ORLOFF OF DENMARK.</strong></p>","Orloff of Denmark","Apparel & Accessories > Jewelry > Charms & Pendants","Charm","Nature, Line A, Charm Bracelet, 925 Silver","FALSE","","","","","","","ORGCB51-YR","2","shopify","30","deny","manual","39","","TRUE","TRUE","","https://cdn.shopify.com/s/files/1/0852/4428/1122/files/ORGCB51-YR-a.jpg","1","Daisy Charm, Red","FALSE","Daisy Charm, Red | Orloff of Denmark","Red and white enamel petals with a yellow centre.","","","","","","","","","","","","","","","g","","4.93","","","","","","","draft"
"daisy-charm-red","","","","","","","","","","","","","","","","","","","","","","","","","https://cdn.shopify.com/s/files/1/0852/4428/1122/files/ORGCB51-YR-b.jpg","2","Daisy Charm, Red","","","","","","","","","","","","","","","","","","","","","","","","","","",""
"daisy-charm-red","","","","","","","","","","","","","","","","","","","","","","","","","https://cdn.shopify.com/s/files/1/0852/4428/1122/files/ORGCB51-YR-c.jpg","3","Daisy Charm, Red","","","","","","","","","","","","","","","","","","","","","","","","","","",""
"daisy-charm-red","","","","","","","","","","","","","","","","","","","","","","","","","https://cdn.shopify.com/s/files/1/0852/4428/1122/files/ORGCB51-YR-d.jpg","4","Daisy Charm, Red","","","","","","","","","","","","","","","","","","","","","","","","","","",""
"fortune-charm-blue-enamel","Fortune Charm, Blue Enamel","<p style=""font-family: Inter, sans-serif;"">Chinese character fu, fortune, in blue enamel on a white tag.</p>

<p style=""font-family: Inter, sans-serif;""><strong>Material:</strong> 925 Sterling Silver<br>
<strong>Finish:</strong> Rhodium Plated, Enamel<br>
<strong>Size:</strong> 17 x 12 x 2mm<br>
<strong>Weight:</strong> 4.00g</p>

<p style=""font-family: Inter, sans-serif;""><strong>Fits all Orloff snake chain bracelets.</strong></p>

<p style=""font-family: Inter, sans-serif;""><strong>ORLOFF OF DENMARK.</strong></p>","Orloff of Denmark","Apparel & Accessories > Jewelry > Charms & Pendants","Charm","Milestones & Sentiment, Line A, Charm Bracelet, 925 Silver","FALSE","","","","","","","ORGCB52-L","4","shopify","28","deny","manual","49","","TRUE","TRUE","","https://cdn.shopify.com/s/files/1/0852/4428/1122/files/ORGCB52-L-a.jpg","1","Fortune Charm, Blue Enamel","FALSE","Fortune Charm, Blue Enamel | Orloff of Denmark","Chinese character fu, fortune, in blue enamel on a white tag.","","","","","","","","","","","","","","","g","","7.56","","","","","","","draft"
"fortune-charm-blue-enamel","","","","","","","","","","","","","","","","","","","","","","","","","https://cdn.shopify.com/s/files/1/0852/4428/1122/files/ORGCB52-L-b.jpg","2","Fortune Charm, Blue Enamel","","","","","","","","","","","","","","","","","","","","","","","","","","",""
"fortune-charm-blue-enamel","","","","","","","","","","","","","","","","","","","","","","","","","https://cdn.shopify.com/s/files/1/0852/4428/1122/files/ORGCB52-L-c.jpg","3","Fortune Charm, Blue Enamel","","","","","","","","","","","","","","","","","","","","","","","","","","",""
"fortune-charm-blue-enamel","","","","","","","","","","","","","","","","","","","","","","","","","https://cdn.shopify.com/s/files/1/0852/4428/1122/files/ORGCB52-L-d.jpg","4","Fortune Charm, Blue Enamel","","","","","","","","","","","","","","","","","","","","","","","","","","",""
"longevity-charm-blue-enamel","Longevity Charm, Blue Enamel","<p style=""font-family: Inter, sans-serif;"">Chinese character shou, longevity, in blue enamel.</p>

<p style=""font-family: Inter, sans-serif;""><strong>Material:</strong> 925 Sterling Silver<br>
<strong>Finish:</strong> Rhodium Plated, Enamel<br>
<strong>Size:</strong> 17 x 12 x 2mm<br>
<strong>Weight:</strong> 4.00g</p>

<p style=""font-family: Inter, sans-serif;""><strong>Fits all Orloff snake chain bracelets.</strong></p>

<p style=""font-family: Inter, sans-serif;""><strong>ORLOFF OF DENMARK.</strong></p>","Orloff of Denmark","Apparel & Accessories > Jewelry > Charms & Pendants","Charm","Milestones & Sentiment, Line A, Charm Bracelet, 925 Silver","FALSE","","","","","","","ORGCB53-L","4","shopify","28","deny","manual","49","","TRUE","TRUE","","https://cdn.shopify.com/s/files/1/0852/4428/1122/files/ORGCB53-L-a.jpg","1","Longevity Charm, Blue Enamel","FALSE","Longevity Charm, Blue Enamel | Orloff of Denmark","Chinese character shou, longevity, in blue enamel.","","","","","","","","","","","","","","","g","","7.60","","","","","","","draft"
"longevity-charm-blue-enamel","","","","","","","","","","","","","","","","","","","","","","","","","https://cdn.shopify.com/s/files/1/0852/4428/1122/files/ORGCB53-L-b.jpg","2","Longevity Charm, Blue Enamel","","","","","","","","","","","","","","","","","","","","","","","","","","",""
"longevity-charm-blue-enamel","","","","","","","","","","","","","","","","","","","","","","","","","https://cdn.shopify.com/s/files/1/0852/4428/1122/files/ORGCB53-L-c.jpg","3","Longevity Charm, Blue Enamel","","","","","","","","","","","","","","","","","","","","","","","","","","",""
"longevity-charm-blue-enamel","","","","","","","","","","","","","","","","","","","","","","","","","https://cdn.shopify.com/s/files/1/0852/4428/1122/files/ORGCB53-L-d.jpg","4","Longevity Charm, Blue Enamel","","","","","","","","","","","","","","","","","","","","","","","","","","",""
"prosperity-charm-blue-enamel","Prosperity Charm, Blue Enamel","<p style=""font-family: Inter, sans-serif;"">Chinese character lu, prosperity, in blue enamel on a white tag.</p>

<p style=""font-family: Inter, sans-serif;""><strong>Material:</strong> 925 Sterling Silver<br>
<strong>Finish:</strong> Rhodium Plated, Enamel<br>
<strong>Size:</strong> 17 x 12 x 2mm<br>
<strong>Weight:</strong> 4.00g</p>

<p style=""font-family: Inter, sans-serif;""><strong>Fits all Orloff snake chain bracelets.</strong></p>

<p style=""font-family: Inter, sans-serif;""><strong>ORLOFF OF DENMARK.</strong></p>","Orloff of Denmark","Apparel & Accessories > Jewelry > Charms & Pendants","Charm","Milestones & Sentiment, Line A, Charm Bracelet, 925 Silver","FALSE","","","","","","","ORGCB54-L","4","shopify","28","deny","manual","49","","TRUE","TRUE","","https://cdn.shopify.com/s/files/1/0852/4428/1122/files/ORGCB54-L-a.jpg","1","Prosperity Charm, Blue Enamel","FALSE","Prosperity Charm, Blue Enamel | Orloff of Denmark","Chinese character lu, prosperity, in blue enamel on a white tag.","","","","","","","","","","","","","","","g","","7.65","","","","","","","draft"
"prosperity-charm-blue-enamel","","","","","","","","","","","","","","","","","","","","","","","","","https://cdn.shopify.com/s/files/1/0852/4428/1122/files/ORGCB54-L-b.jpg","2","Prosperity Charm, Blue Enamel","","","","","","","","","","","","","","","","","","","","","","","","","","",""
"prosperity-charm-blue-enamel","","","","","","","","","","","","","","","","","","","","","","","","","https://cdn.shopify.com/s/files/1/0852/4428/1122/files/ORGCB54-L-c.jpg","3","Prosperity Charm, Blue Enamel","","","","","","","","","","","","","","","","","","","","","","","","","","",""
"prosperity-charm-blue-enamel","","","","","","","","","","","","","","","","","","","","","","","","","https://cdn.shopify.com/s/files/1/0852/4428/1122/files/ORGCB54-L-d.jpg","4","Prosperity Charm, Blue Enamel","","","","","","","","","","","","","","","","","","","","","","","","","","",""
"good-luck-charm-blue-enamel","Good Luck Charm, Blue Enamel","<p style=""font-family: Inter, sans-serif;"">Chinese character reading as ji, auspicious.</p>

<p style=""font-family: Inter, sans-serif;""><strong>Material:</strong> 925 Sterling Silver<br>
<strong>Finish:</strong> Rhodium Plated, Enamel<br>
<strong>Size:</strong> 17 x 12 x 2mm<br>
<strong>Weight:</strong> 4.00g</p>

<p style=""font-family: Inter, sans-serif;""><strong>Fits all Orloff snake chain bracelets.</strong></p>

<p style=""font-family: Inter, sans-serif;""><strong>ORLOFF OF DENMARK.</strong></p>","Orloff of Denmark","Apparel & Accessories > Jewelry > Charms & Pendants","Charm","Milestones & Sentiment, Line A, Charm Bracelet, 925 Silver","FALSE","","","","","","","ORGCB55-L","4","shopify","29","deny","manual","49","","TRUE","TRUE","","https://cdn.shopify.com/s/files/1/0852/4428/1122/files/ORGCB55-L-a.jpg","1","Good Luck Charm, Blue Enamel","FALSE","Good Luck Charm, Blue Enamel | Orloff of Denmark","Chinese character reading as ji, auspicious.","","","","","","","","","","","","","","","g","","7.73","","","","","","","draft"
"good-luck-charm-blue-enamel","","","","","","","","","","","","","","","","","","","","","","","","","https://cdn.shopify.com/s/files/1/0852/4428/1122/files/ORGCB55-L-b.jpg","2","Good Luck Charm, Blue Enamel","","","","","","","","","","","","","","","","","","","","","","","","","","",""
"good-luck-charm-blue-enamel","","","","","","","","","","","","","","","","","","","","","","","","","https://cdn.shopify.com/s/files/1/0852/4428/1122/files/ORGCB55-L-c.jpg","3","Good Luck Charm, Blue Enamel","","","","","","","","","","","","","","","","","","","","","","","","","","",""
"good-luck-charm-blue-enamel","","","","","","","","","","","","","","","","","","","","","","","","","https://cdn.shopify.com/s/files/1/0852/4428/1122/files/ORGCB55-L-d.jpg","4","Good Luck Charm, Blue Enamel","","","","","","","","","","","","","","","","","","","","","","","","","","",""
"love-charm-black-enamel","Love Charm, Black Enamel","<p style=""font-family: Inter, sans-serif;"">Chinese character ai with the word Love beneath.</p>

<p style=""font-family: Inter, sans-serif;""><strong>Material:</strong> 925 Sterling Silver<br>
<strong>Finish:</strong> Rhodium Plated, Enamel<br>
<strong>Size:</strong> 17 x 12 x 2mm<br>
<strong>Weight:</strong> 4.00g</p>

<p style=""font-family: Inter, sans-serif;""><strong>Fits all Orloff snake chain bracelets.</strong></p>

<p style=""font-family: Inter, sans-serif;""><strong>ORLOFF OF DENMARK.</strong></p>","Orloff of Denmark","Apparel & Accessories > Jewelry > Charms & Pendants","Charm","Milestones & Sentiment, Line A, Charm Bracelet, 925 Silver","FALSE","","","","","","","ORGCB56-B","4","shopify","26","deny","manual","49","","TRUE","TRUE","","https://cdn.shopify.com/s/files/1/0852/4428/1122/files/ORGCB56-B-a.jpg","1","Love Charm, Black Enamel","FALSE","Love Charm, Black Enamel | Orloff of Denmark","Chinese character ai with the word Love beneath.","","","","","","","","","","","","","","","g","","7.57","","","","","","","draft"
"love-charm-black-enamel","","","","","","","","","","","","","","","","","","","","","","","","","https://cdn.shopify.com/s/files/1/0852/4428/1122/files/ORGCB56-B-b.jpg","2","Love Charm, Black Enamel","","","","","","","","","","","","","","","","","","","","","","","","","","",""
"love-charm-black-enamel","","","","","","","","","","","","","","","","","","","","","","","","","https://cdn.shopify.com/s/files/1/0852/4428/1122/files/ORGCB56-B-c.jpg","3","Love Charm, Black Enamel","","","","","","","","","","","","","","","","","","","","","","","","","","",""
"love-charm-black-enamel","","","","","","","","","","","","","","","","","","","","","","","","","https://cdn.shopify.com/s/files/1/0852/4428/1122/files/ORGCB56-B-d.jpg","4","Love Charm, Black Enamel","","","","","","","","","","","","","","","","","","","","","","","","","","",""
"love-charm-blue-enamel","Love Charm, Blue Enamel","<p style=""font-family: Inter, sans-serif;"">Presumed blue version of ORGCB56-B. NO IMAGE IN HD PICTURE.</p>

<p style=""font-family: Inter, sans-serif;""><strong>Material:</strong> 925 Sterling Silver<br>
<strong>Finish:</strong> Rhodium Plated, Blue Enamel<br>
<strong>Size:</strong> 17 x 12 x 2mm<br>
<strong>Weight:</strong> 4.00g</p>

<p style=""font-family: Inter, sans-serif;""><strong>Fits all Orloff snake chain bracelets.</strong></p>

<p style=""font-family: Inter, sans-serif;""><strong>ORLOFF OF DENMARK.</strong></p>","Orloff of Denmark","Apparel & Accessories > Jewelry > Charms & Pendants","Charm","Milestones & Sentiment, Line A, Charm Bracelet, 925 Silver","FALSE","","","","","","","ORGCB56-L","4","shopify","27","deny","manual","49","","TRUE","TRUE","","https://cdn.shopify.com/s/files/1/0852/4428/1122/files/ORGCB56-L.jpg","1","Love Charm, Blue Enamel","FALSE","Love Charm, Blue Enamel | Orloff of Denmark","Presumed blue version of ORGCB56-B.","","","","","","","","","","","","","","","g","","7.57","","","","","","","draft"
"acorn-charm","Acorn Charm","<p style=""font-family: Inter, sans-serif;"">Silver cap over brown enamel, green enamel leaf.</p>

<p style=""font-family: Inter, sans-serif;""><strong>Material:</strong> 925 Sterling Silver<br>
<strong>Finish:</strong> Rhodium Plated, Enamel<br>
<strong>Size:</strong> 18 x 13mm<br>
<strong>Weight:</strong> 3.90g</p>

<p style=""font-family: Inter, sans-serif;""><strong>Fits all Orloff snake chain bracelets.</strong></p>

<p style=""font-family: Inter, sans-serif;""><strong>ORLOFF OF DENMARK.</strong></p>","Orloff of Denmark","Apparel & Accessories > Jewelry > Charms & Pendants","Charm","Nature, Line A, Charm Bracelet, 925 Silver","FALSE","","","","","","","ORGCB57-Z","4","shopify","27","deny","manual","49","","TRUE","TRUE","","https://cdn.shopify.com/s/files/1/0852/4428/1122/files/ORGCB57-Z-a.jpg","1","Acorn Charm","FALSE","Acorn Charm | Orloff of Denmark","Silver cap over brown enamel, green enamel leaf.","","","","","","","","","","","","","","","g","","7.82","","","","","","","draft"
"acorn-charm","","","","","","","","","","","","","","","","","","","","","","","","","https://cdn.shopify.com/s/files/1/0852/4428/1122/files/ORGCB57-Z-b.jpg","2","Acorn Charm","","","","","","","","","","","","","","","","","","","","","","","","","","",""
"acorn-charm","","","","","","","","","","","","","","","","","","","","","","","","","https://cdn.shopify.com/s/files/1/0852/4428/1122/files/ORGCB57-Z-c.jpg","3","Acorn Charm","","","","","","","","","","","","","","","","","","","","","","","","","","",""
"acorn-charm","","","","","","","","","","","","","","","","","","","","","","","","","https://cdn.shopify.com/s/files/1/0852/4428/1122/files/ORGCB57-Z-d.jpg","4","Acorn Charm","","","","","","","","","","","","","","","","","","","","","","","","","","",""
"good-luck-clover-charm","Good Luck Clover Charm","<p style=""font-family: Inter, sans-serif;"">Green enamel four leaf clover with a red ladybird, lettered Good luck.</p>

<p style=""font-family: Inter, sans-serif;""><strong>Material:</strong> 925 Sterling Silver<br>
<strong>Finish:</strong> Rhodium Plated, Enamel<br>
<strong>Size:</strong> 15 x 14.5mm<br>
<strong>Weight:</strong> 2.70g</p>

<p style=""font-family: Inter, sans-serif;""><strong>Fits all Orloff snake chain bracelets.</strong></p>

<p style=""font-family: Inter, sans-serif;""><strong>ORLOFF OF DENMARK.</strong></p>","Orloff of Denmark","Apparel & Accessories > Jewelry > Charms & Pendants","Charm","Nature, Line A, Charm Bracelet, 925 Silver","FALSE","","","","","","","ORGCB58-LVR","3","shopify","23","deny","manual","39","","TRUE","TRUE","","https://cdn.shopify.com/s/files/1/0852/4428/1122/files/ORGCB58-LVR-a.jpg","1","Good Luck Clover Charm","FALSE","Good Luck Clover Charm | Orloff of Denmark","Green enamel four leaf clover with a red ladybird, lettered Good luck.","","","","","","","","","","","","","","","g","","5.65","","","","","","","draft"
"good-luck-clover-charm","","","","","","","","","","","","","","","","","","","","","","","","","https://cdn.shopify.com/s/files/1/0852/4428/1122/files/ORGCB58-LVR-b.jpg","2","Good Luck Clover Charm","","","","","","","","","","","","","","","","","","","","","","","","","","",""
"good-luck-clover-charm","","","","","","","","","","","","","","","","","","","","","","","","","https://cdn.shopify.com/s/files/1/0852/4428/1122/files/ORGCB58-LVR-c.jpg","3","Good Luck Clover Charm","","","","","","","","","","","","","","","","","","","","","","","","","","",""
"good-luck-clover-charm","","","","","","","","","","","","","","","","","","","","","","","","","https://cdn.shopify.com/s/files/1/0852/4428/1122/files/ORGCB58-LVR-d.jpg","4","Good Luck Clover Charm","","","","","","","","","","","","","","","","","","","","","","","","","","",""
"fluted-clip-clear-stone","Fluted Clip, Clear Stone","<p style=""font-family: Inter, sans-serif;"">A fluted silver band set with a single clear stone. Clips grip the chain, so your charms stay where you put them.</p>

<p style=""font-family: Inter, sans-serif;""><strong>Material:</strong> 925 Sterling Silver<br>
<strong>Finish:</strong> Silver Plating<br>
<strong>Size:</strong> 4.4 x 10.2mm<br>
<strong>Weight:</strong> 1.94g</p>

<p style=""font-family: Inter, sans-serif;""><strong>Fits all Orloff snake chain bracelets.</strong></p>

<p style=""font-family: Inter, sans-serif;""><strong>ORLOFF OF DENMARK.</strong></p>","Orloff of Denmark","Apparel & Accessories > Jewelry > Charms & Pendants","Charm","Spacers & Clips, Line A, Charm Bracelet, 925 Silver","FALSE","","","","","","","ORPA0010","2","shopify","10","deny","manual","39","","TRUE","TRUE","","https://cdn.shopify.com/s/files/1/0852/4428/1122/files/ORPA0010-a.jpg","1","Fluted Clip, Clear Stone","FALSE","Fluted Clip, Clear Stone | Orloff of Denmark","A fluted silver band set with a single clear stone.","","","","","","","","","","","","","","","g","","5.92","","","","","","","draft"
"fluted-clip-clear-stone","","","","","","","","","","","","","","","","","","","","","","","","","https://cdn.shopify.com/s/files/1/0852/4428/1122/files/ORPA0010-b.jpg","2","Fluted Clip, Clear Stone","","","","","","","","","","","","","","","","","","","","","","","","","","",""
"fluted-clip-clear-stone","","","","","","","","","","","","","","","","","","","","","","","","","https://cdn.shopify.com/s/files/1/0852/4428/1122/files/ORPA0010-c.jpg","3","Fluted Clip, Clear Stone","","","","","","","","","","","","","","","","","","","","","","","","","","",""
"polished-spacer-pink-stone","Polished Spacer, Pink Stone","<p style=""font-family: Inter, sans-serif;"">A polished silver band set with a single pink stone. Sits between charms to give them room.</p>

<p style=""font-family: Inter, sans-serif;""><strong>Material:</strong> 925 Sterling Silver<br>
<strong>Finish:</strong> Oxidized Silver<br>
<strong>Size:</strong> 3.6 x 9.8mm<br>
<strong>Weight:</strong> 1.50g</p>

<p style=""font-family: Inter, sans-serif;""><strong>Fits all Orloff snake chain bracelets.</strong></p>

<p style=""font-family: Inter, sans-serif;""><strong>ORLOFF OF DENMARK.</strong></p>","Orloff of Denmark","Apparel & Accessories > Jewelry > Charms & Pendants","Charm","Spacers & Clips, Line A, Charm Bracelet, 925 Silver","FALSE","","","","","","","ORPA0035","2","shopify","9","deny","manual","39","","TRUE","TRUE","","https://cdn.shopify.com/s/files/1/0852/4428/1122/files/ORPA0035-a.jpg","1","Polished Spacer, Pink Stone","FALSE","Polished Spacer, Pink Stone | Orloff of Denmark","A polished silver band set with a single pink stone.","","","","","","","","","","","","","","","g","","5.35","","","","","","","draft"
"polished-spacer-pink-stone","","","","","","","","","","","","","","","","","","","","","","","","","https://cdn.shopify.com/s/files/1/0852/4428/1122/files/ORPA0035-b.jpg","2","Polished Spacer, Pink Stone","","","","","","","","","","","","","","","","","","","","","","","","","","",""
"polished-spacer-pink-stone","","","","","","","","","","","","","","","","","","","","","","","","","https://cdn.shopify.com/s/files/1/0852/4428/1122/files/ORPA0035-c.jpg","3","Polished Spacer, Pink Stone","","","","","","","","","","","","","","","","","","","","","","","","","","",""
"pink-enamel-spacer","Pink Enamel Spacer","<p style=""font-family: Inter, sans-serif;"">A slim silver ring finished in pale pink enamel. Sits between charms to give them room.</p>

<p style=""font-family: Inter, sans-serif;""><strong>Material:</strong> 925 Sterling Silver<br>
<strong>Finish:</strong> Silver Plating<br>
<strong>Size:</strong> 3.6 x 10.5mm<br>
<strong>Weight:</strong> 1.40g</p>

<p style=""font-family: Inter, sans-serif;""><strong>Fits all Orloff snake chain bracelets.</strong></p>

<p style=""font-family: Inter, sans-serif;""><strong>ORLOFF OF DENMARK.</strong></p>","Orloff of Denmark","Apparel & Accessories > Jewelry > Charms & Pendants","Charm","Spacers & Clips, Line A, Charm Bracelet, 925 Silver","FALSE","","","","","","","ORPA0094","1","shopify","10","deny","manual","39","","TRUE","TRUE","","https://cdn.shopify.com/s/files/1/0852/4428/1122/files/ORPA0094-a.jpg","1","Pink Enamel Spacer","FALSE","Pink Enamel Spacer | Orloff of Denmark","A slim silver ring finished in pale pink enamel.","","","","","","","","","","","","","","","g","","4.79","","","","","","","draft"
"pink-enamel-spacer","","","","","","","","","","","","","","","","","","","","","","","","","https://cdn.shopify.com/s/files/1/0852/4428/1122/files/ORPA0094-b.jpg","2","Pink Enamel Spacer","","","","","","","","","","","","","","","","","","","","","","","","","","",""
"lilac-daisy-spacer","Lilac Daisy Spacer","<p style=""font-family: Inter, sans-serif;"">Daisies in lilac and white enamel with clear stone centres, set around a silver ring.</p>

<p style=""font-family: Inter, sans-serif;""><strong>Material:</strong> 925 Sterling Silver<br>
<strong>Finish:</strong> Oxidized Silver<br>
<strong>Size:</strong> 5.1 x 10.2mm<br>
<strong>Weight:</strong> 1.50g</p>

<p style=""font-family: Inter, sans-serif;""><strong>Fits all Orloff snake chain bracelets.</strong></p>

<p style=""font-family: Inter, sans-serif;""><strong>ORLOFF OF DENMARK.</strong></p>","Orloff of Denmark","Apparel & Accessories > Jewelry > Charms & Pendants","Charm","Spacers & Clips, Line A, Charm Bracelet, 925 Silver","FALSE","","","","","","","ORPA0097","2","shopify","10","deny","manual","39","","TRUE","TRUE","","https://cdn.shopify.com/s/files/1/0852/4428/1122/files/ORPA0097-a.jpg","1","Lilac Daisy Spacer","FALSE","Lilac Daisy Spacer | Orloff of Denmark","Daisies in lilac and white enamel with clear stone centres, set around a silver ring.","","","","","","","","","","","","","","","g","","5.57","","","","","","","draft"
"lilac-daisy-spacer","","","","","","","","","","","","","","","","","","","","","","","","","https://cdn.shopify.com/s/files/1/0852/4428/1122/files/ORPA0097-b.jpg","2","Lilac Daisy Spacer","","","","","","","","","","","","","","","","","","","","","","","","","","",""
"dragonfly-clip-blue-enamel","Dragonfly Clip, Blue Enamel","<p style=""font-family: Inter, sans-serif;"">A silver dragonfly with pale blue enamel wings. Clips grip the chain, so your charms stay where you put them.</p>

<p style=""font-family: Inter, sans-serif;""><strong>Material:</strong> 925 Sterling Silver<br>
<strong>Finish:</strong> Oxidized Silver<br>
<strong>Size:</strong> 8.2 x 10.3mm<br>
<strong>Weight:</strong> 1.50g</p>

<p style=""font-family: Inter, sans-serif;""><strong>Fits all Orloff snake chain bracelets.</strong></p>

<p style=""font-family: Inter, sans-serif;""><strong>ORLOFF OF DENMARK.</strong></p>","Orloff of Denmark","Apparel & Accessories > Jewelry > Charms & Pendants","Charm","Spacers & Clips, Line A, Charm Bracelet, 925 Silver","FALSE","","","","","","","ORPA0107","2","shopify","10","deny","manual","39","","TRUE","TRUE","","https://cdn.shopify.com/s/files/1/0852/4428/1122/files/ORPA0107-a.jpg","1","Dragonfly Clip, Blue Enamel","FALSE","Dragonfly Clip, Blue Enamel | Orloff of Denmark","A silver dragonfly with pale blue enamel wings.","","","","","","","","","","","","","","","g","","5.50","","","","","","","draft"
"dragonfly-clip-blue-enamel","","","","","","","","","","","","","","","","","","","","","","","","","https://cdn.shopify.com/s/files/1/0852/4428/1122/files/ORPA0107-b.jpg","2","Dragonfly Clip, Blue Enamel","","","","","","","","","","","","","","","","","","","","","","","","","","",""
"dragonfly-clip-blue-enamel","","","","","","","","","","","","","","","","","","","","","","","","","https://cdn.shopify.com/s/files/1/0852/4428/1122/files/ORPA0107-c.jpg","3","Dragonfly Clip, Blue Enamel","","","","","","","","","","","","","","","","","","","","","","","","","","",""
"starry-night-spacer-blue-enamel","Starry Night Spacer, Blue Enamel","<p style=""font-family: Inter, sans-serif;"">Deep blue enamel with silver stars and a crescent moon.</p>

<p style=""font-family: Inter, sans-serif;""><strong>Material:</strong> 925 Sterling Silver<br>
<strong>Finish:</strong> Oxidized Silver<br>
<strong>Size:</strong> 4.1 x 9.8mm<br>
<strong>Weight:</strong> 1.23g</p>

<p style=""font-family: Inter, sans-serif;""><strong>Fits all Orloff snake chain bracelets.</strong></p>

<p style=""font-family: Inter, sans-serif;""><strong>ORLOFF OF DENMARK.</strong></p>","Orloff of Denmark","Apparel & Accessories > Jewelry > Charms & Pendants","Charm","Spacers & Clips, Line A, Charm Bracelet, 925 Silver","FALSE","","","","","","","ORPA0123","1","shopify","10","deny","manual","29","","TRUE","TRUE","","https://cdn.shopify.com/s/files/1/0852/4428/1122/files/ORPA0123-a.jpg","1","Starry Night Spacer, Blue Enamel","FALSE","Starry Night Spacer, Blue Enamel | Orloff of Denmark","Deep blue enamel with silver stars and a crescent moon.","","","","","","","","","","","","","","","g","","4.39","","","","","","","draft"
"starry-night-spacer-blue-enamel","","","","","","","","","","","","","","","","","","","","","","","","","https://cdn.shopify.com/s/files/1/0852/4428/1122/files/ORPA0123-b.jpg","2","Starry Night Spacer, Blue Enamel","","","","","","","","","","","","","","","","","","","","","","","","","","",""
"butterfly-clip-red-stone","Butterfly Clip, Red Stone","<p style=""font-family: Inter, sans-serif;"">A butterfly set with clear stones beside an oval red stone. Clips grip the chain, so your charms stay where you put them.</p>

<p style=""font-family: Inter, sans-serif;""><strong>Material:</strong> 925 Sterling Silver<br>
<strong>Finish:</strong> Oxidized Silver<br>
<strong>Size:</strong> 3.8 x 11.1mm<br>
<strong>Weight:</strong> 1.63g</p>

<p style=""font-family: Inter, sans-serif;""><strong>Fits all Orloff snake chain bracelets.</strong></p>

<p style=""font-family: Inter, sans-serif;""><strong>ORLOFF OF DENMARK.</strong></p>","Orloff of Denmark","Apparel & Accessories > Jewelry > Charms & Pendants","Charm","Spacers & Clips, Line A, Charm Bracelet, 925 Silver","FALSE","","","","","","","ORPA0132","2","shopify","10","deny","manual","39","","TRUE","TRUE","","https://cdn.shopify.com/s/files/1/0852/4428/1122/files/ORPA0132-a.jpg","1","Butterfly Clip, Red Stone","FALSE","Butterfly Clip, Red Stone | Orloff of Denmark","A butterfly set with clear stones beside an oval red stone.","","","","","","","","","","","","","","","g","","5.46","","","","","","","draft"
"butterfly-clip-red-stone","","","","","","","","","","","","","","","","","","","","","","","","","https://cdn.shopify.com/s/files/1/0852/4428/1122/files/ORPA0132-b.jpg","2","Butterfly Clip, Red Stone","","","","","","","","","","","","","","","","","","","","","","","","","","",""
"butterfly-clip-red-stone","","","","","","","","","","","","","","","","","","","","","","","","","https://cdn.shopify.com/s/files/1/0852/4428/1122/files/ORPA0132-c.jpg","3","Butterfly Clip, Red Stone","","","","","","","","","","","","","","","","","","","","","","","","","","",""
"tulip-spacer-pink-stone","Tulip Spacer, Pink Stone","<p style=""font-family: Inter, sans-serif;"">Oxidized tulips with a pink stone at the bud, set around a polished silver ring.</p>

<p style=""font-family: Inter, sans-serif;""><strong>Material:</strong> 925 Sterling Silver<br>
<strong>Finish:</strong> Oxidized Silver<br>
<strong>Size:</strong> 3.5 x 9.2mm<br>
<strong>Weight:</strong> 0.95g</p>

<p style=""font-family: Inter, sans-serif;""><strong>Fits all Orloff snake chain bracelets.</strong></p>

<p style=""font-family: Inter, sans-serif;""><strong>ORLOFF OF DENMARK.</strong></p>","Orloff of Denmark","Apparel & Accessories > Jewelry > Charms & Pendants","Charm","Spacers & Clips, Line A, Charm Bracelet, 925 Silver","FALSE","","","","","","","ORPA0142","1","shopify","10","deny","manual","29","","TRUE","TRUE","","https://cdn.shopify.com/s/files/1/0852/4428/1122/files/ORPA0142-a.jpg","1","Tulip Spacer, Pink Stone","FALSE","Tulip Spacer, Pink Stone | Orloff of Denmark","Oxidized tulips with a pink stone at the bud, set around a polished silver ring.","","","","","","","","","","","","","","","g","","3.77","","","","","","","draft"
"tulip-spacer-pink-stone","","","","","","","","","","","","","","","","","","","","","","","","","https://cdn.shopify.com/s/files/1/0852/4428/1122/files/ORPA0142-b.jpg","2","Tulip Spacer, Pink Stone","","","","","","","","","","","","","","","","","","","","","","","","","","",""
"tulip-spacer-pink-stone","","","","","","","","","","","","","","","","","","","","","","","","","https://cdn.shopify.com/s/files/1/0852/4428/1122/files/ORPA0142-c.jpg","3","Tulip Spacer, Pink Stone","","","","","","","","","","","","","","","","","","","","","","","","","","",""
"butterfly-spacer-clear-stones","Butterfly Spacer, Clear Stones","<p style=""font-family: Inter, sans-serif;"">Two oxidized butterflies with clear stones, set around a polished silver ring.</p>

<p style=""font-family: Inter, sans-serif;""><strong>Material:</strong> 925 Sterling Silver<br>
<strong>Finish:</strong> Oxidized Silver<br>
<strong>Size:</strong> 3.5 x 9.2mm<br>
<strong>Weight:</strong> 0.93g</p>

<p style=""font-family: Inter, sans-serif;""><strong>Fits all Orloff snake chain bracelets.</strong></p>

<p style=""font-family: Inter, sans-serif;""><strong>ORLOFF OF DENMARK.</strong></p>","Orloff of Denmark","Apparel & Accessories > Jewelry > Charms & Pendants","Charm","Spacers & Clips, Line A, Charm Bracelet, 925 Silver","FALSE","","","","","","","ORPA0147","1","shopify","10","deny","manual","29","","TRUE","TRUE","","https://cdn.shopify.com/s/files/1/0852/4428/1122/files/ORPA0147-a.jpg","1","Butterfly Spacer, Clear Stones","FALSE","Butterfly Spacer, Clear Stones | Orloff of Denmark","Two oxidized butterflies with clear stones, set around a polished silver ring.","","","","","","","","","","","","","","","g","","3.75","","","","","","","draft"
"butterfly-spacer-clear-stones","","","","","","","","","","","","","","","","","","","","","","","","","https://cdn.shopify.com/s/files/1/0852/4428/1122/files/ORPA0147-b.jpg","2","Butterfly Spacer, Clear Stones","","","","","","","","","","","","","","","","","","","","","","","","","","",""
"butterfly-spacer-clear-stones","","","","","","","","","","","","","","","","","","","","","","","","","https://cdn.shopify.com/s/files/1/0852/4428/1122/files/ORPA0147-c.jpg","3","Butterfly Spacer, Clear Stones","","","","","","","","","","","","","","","","","","","","","","","","","","",""
"scroll-spacer-oxidized-silver","Scroll Spacer, Oxidized Silver","<p style=""font-family: Inter, sans-serif;"">A repeating scroll pattern in oxidized silver on a polished band.</p>

<p style=""font-family: Inter, sans-serif;""><strong>Material:</strong> 925 Sterling Silver<br>
<strong>Finish:</strong> Oxidized Silver<br>
<strong>Size:</strong> 3.5 x 9.2mm<br>
<strong>Weight:</strong> 0.90g</p>

<p style=""font-family: Inter, sans-serif;""><strong>Fits all Orloff snake chain bracelets.</strong></p>

<p style=""font-family: Inter, sans-serif;""><strong>ORLOFF OF DENMARK.</strong></p>","Orloff of Denmark","Apparel & Accessories > Jewelry > Charms & Pendants","Charm","Spacers & Clips, Line A, Charm Bracelet, 925 Silver","FALSE","","","","","","","ORPA0149","1","shopify","10","deny","manual","29","","TRUE","TRUE","","https://cdn.shopify.com/s/files/1/0852/4428/1122/files/ORPA0149-a.jpg","1","Scroll Spacer, Oxidized Silver","FALSE","Scroll Spacer, Oxidized Silver | Orloff of Denmark","A repeating scroll pattern in oxidized silver on a polished band.","","","","","","","","","","","","","","","g","","3.62","","","","","","","draft"
"scroll-spacer-oxidized-silver","","","","","","","","","","","","","","","","","","","","","","","","","https://cdn.shopify.com/s/files/1/0852/4428/1122/files/ORPA0149-b.jpg","2","Scroll Spacer, Oxidized Silver","","","","","","","","","","","","","","","","","","","","","","","","","","",""
"scroll-spacer-oxidized-silver","","","","","","","","","","","","","","","","","","","","","","","","","https://cdn.shopify.com/s/files/1/0852/4428/1122/files/ORPA0149-c.jpg","3","Scroll Spacer, Oxidized Silver","","","","","","","","","","","","","","","","","","","","","","","","","","",""
"polished-dome-spacer","Polished Dome Spacer","<p style=""font-family: Inter, sans-serif;"">A plain polished dome in 925 sterling silver. Sits between charms to give them room.</p>

<p style=""font-family: Inter, sans-serif;""><strong>Material:</strong> 925 Sterling Silver<br>
<strong>Finish:</strong> Oxidized Silver<br>
<strong>Size:</strong> 3.3 x 8.6mm<br>
<strong>Weight:</strong> 1.10g</p>

<p style=""font-family: Inter, sans-serif;""><strong>Fits all Orloff snake chain bracelets.</strong></p>

<p style=""font-family: Inter, sans-serif;""><strong>ORLOFF OF DENMARK.</strong></p>","Orloff of Denmark","Apparel & Accessories > Jewelry > Charms & Pendants","Charm","Spacers & Clips, Line A, Charm Bracelet, 925 Silver","FALSE","","","","","","","ORPA034","1","shopify","10","deny","manual","39","","TRUE","TRUE","","https://cdn.shopify.com/s/files/1/0852/4428/1122/files/ORPA034-a.jpg","1","Polished Dome Spacer","FALSE","Polished Dome Spacer | Orloff of Denmark","A plain polished dome in 925 sterling silver.","","","","","","","","","","","","","","","g","","4.66","","","","","","","draft"
"polished-dome-spacer","","","","","","","","","","","","","","","","","","","","","","","","","https://cdn.shopify.com/s/files/1/0852/4428/1122/files/ORPA034-b.jpg","2","Polished Dome Spacer","","","","","","","","","","","","","","","","","","","","","","","","","","",""
"polished-dome-spacer","","","","","","","","","","","","","","","","","","","","","","","","","https://cdn.shopify.com/s/files/1/0852/4428/1122/files/ORPA034-c.jpg","3","Polished Dome Spacer","","","","","","","","","","","","","","","","","","","","","","","","","","",""
"snake-chain-bracelet","Snake Chain Bracelet","<p style=""font-family: Inter, sans-serif;"">A 17cm snake chain in 925 sterling silver with a round clasp set with clear stones. Rhodium plated.</p>

<p style=""font-family: Inter, sans-serif;""><strong>Material:</strong> 925 Sterling Silver<br>
<strong>Stone:</strong> White CZ<br>
<strong>Length:</strong> 17cm<br>
<strong>Weight:</strong> 13.16g</p>

<p style=""font-family: Inter, sans-serif;""><strong>Takes all Orloff charms.</strong></p>

<p style=""font-family: Inter, sans-serif;""><strong>ORLOFF OF DENMARK.</strong></p>","Orloff of Denmark","Apparel & Accessories > Jewelry > Charms & Pendants","Bracelet","Line A, Charm Bracelet, 925 Silver","FALSE","Size","17cm","","","","","ORCBB01-17","13","shopify","44","deny","manual","89","","TRUE","TRUE","","https://cdn.shopify.com/s/files/1/0852/4428/1122/files/ORCBB01-17-a.jpg","1","Snake Chain Bracelet","FALSE","Snake Chain Bracelet, 17cm | Orloff of Denmark","A 17cm snake chain in 925 sterling silver with a round clasp set with clear stones.","","","","","","","","","","","","","","https://cdn.shopify.com/s/files/1/0852/4428/1122/files/ORCBB01-17-a.jpg","g","","22.15","","","","","","","draft"
"snake-chain-bracelet","","","","","","","","Size","19cm","","","","","ORCBB01-19","14","shopify","44","deny","manual","89","","TRUE","TRUE","","","","","","","","","","","","","","","","","","","","","https://cdn.shopify.com/s/files/1/0852/4428/1122/files/ORCBB01-19-a.jpg","g","","23.95","","","","","","",""
"snake-chain-bracelet","","","","","","","","Size","21cm","","","","","ORCBB01-21","16","shopify","46","deny","manual","89","","TRUE","TRUE","","","","","","","","","","","","","","","","","","","","","https://cdn.shopify.com/s/files/1/0852/4428/1122/files/ORCBB01-21-a.jpg","g","","26.85","","","","","","",""
"snake-chain-bracelet","","","","","","","","","","","","","","","","","","","","","","","","","https://cdn.shopify.com/s/files/1/0852/4428/1122/files/ORCBB01-19-a.jpg","2","Snake Chain Bracelet","","","","","","","","","","","","","","","","","","","","","","","","","","",""
"snake-chain-bracelet","","","","","","","","","","","","","","","","","","","","","","","","","https://cdn.shopify.com/s/files/1/0852/4428/1122/files/ORCBB01-21-a.jpg","3","Snake Chain Bracelet","","","","","","","","","","","","","","","","","","","","","","","","","","",""
"snake-chain-bracelet-with-enamel-accent","Snake Chain Bracelet with Enamel Accent","<p style=""font-family: Inter, sans-serif;"">A 17cm sterling silver snake chain with a white enamel bead at the clasp. Rhodium plated.</p>

<p style=""font-family: Inter, sans-serif;""><strong>Material:</strong> 925 Sterling Silver<br>
<strong>Finish:</strong> Rhodium Plating, Enamel<br>
<strong>Length:</strong> 17cm<br>
<strong>Weight:</strong> 13.16g</p>

<p style=""font-family: Inter, sans-serif;""><strong>Takes all Orloff charms.</strong></p>

<p style=""font-family: Inter, sans-serif;""><strong>ORLOFF OF DENMARK.</strong></p>","Orloff of Denmark","Apparel & Accessories > Jewelry > Charms & Pendants","Bracelet","Line A, Charm Bracelet, 925 Silver","FALSE","Colour","White","Size","17cm","","","ORGCBB1-17-W","13","shopify","8","deny","manual","89","","TRUE","TRUE","","https://cdn.shopify.com/s/files/1/0852/4428/1122/files/ORGCBB1-17-W-a.jpg","1","Snake Chain Bracelet with Enamel Accent","FALSE","Snake Chain Bracelet with Enamel Accent, 17cm, White | Orloff of Denmark","A 17cm sterling silver snake chain with a white enamel bead at the clasp.","","","","","","","","","","","","","","https://cdn.shopify.com/s/files/1/0852/4428/1122/files/ORGCBB1-17-W-a.jpg","g","","22.15","","","","","","","draft"
"snake-chain-bracelet-with-enamel-accent","","","","","","","","Colour","Red","Size","17cm","","","ORGCBB1-17-R","13","shopify","5","deny","manual","89","","TRUE","TRUE","","","","","","","","","","","","","","","","","","","","","https://cdn.shopify.com/s/files/1/0852/4428/1122/files/ORGCBB1-17-R-a.jpg","g","","22.15","","","","","","",""
"snake-chain-bracelet-with-enamel-accent","","","","","","","","Colour","Black","Size","17cm","","","ORGCBB1-17-K","13","shopify","6","deny","manual","89","","TRUE","TRUE","","","","","","","","","","","","","","","","","","","","","https://cdn.shopify.com/s/files/1/0852/4428/1122/files/ORGCBB1-17-K-a.jpg","g","","22.15","","","","","","",""
"snake-chain-bracelet-with-enamel-accent","","","","","","","","Colour","Blue","Size","17cm","","","ORGCBB1-17-B","13","shopify","6","deny","manual","89","","TRUE","TRUE","","","","","","","","","","","","","","","","","","","","","https://cdn.shopify.com/s/files/1/0852/4428/1122/files/ORGCBB1-17-B-a.jpg","g","","22.15","","","","","","",""
"snake-chain-bracelet-with-enamel-accent","","","","","","","","Colour","Flower","Size","17cm","","","ORGCBB1-17-G","13","shopify","8","deny","manual","89","","TRUE","TRUE","","","","","","","","","","","","","","","","","","","","","https://cdn.shopify.com/s/files/1/0852/4428/1122/files/ORGCBB1-17-G-a.jpg","g","","22.15","","","","","","",""
"snake-chain-bracelet-with-enamel-accent","","","","","","","","Colour","White","Size","19cm","","","ORGCBB1-19-W","14","shopify","8","deny","manual","89","","TRUE","TRUE","","","","","","","","","","","","","","","","","","","","","https://cdn.shopify.com/s/files/1/0852/4428/1122/files/ORGCBB1-19-W-a.jpg","g","","23.95","","","","","","",""
"snake-chain-bracelet-with-enamel-accent","","","","","","","","Colour","Red","Size","19cm","","","ORGCBB1-19-R","14","shopify","8","deny","manual","89","","TRUE","TRUE","","","","","","","","","","","","","","","","","","","","","https://cdn.shopify.com/s/files/1/0852/4428/1122/files/ORGCBB1-19-R-a.jpg","g","","23.95","","","","","","",""
"snake-chain-bracelet-with-enamel-accent","","","","","","","","Colour","Black","Size","19cm","","","ORGCBB1-19-K","16","shopify","7","deny","manual","89","","TRUE","TRUE","","","","","","","","","","","","","","","","","","","","","https://cdn.shopify.com/s/files/1/0852/4428/1122/files/ORGCBB1-19-K-a.jpg","g","","23.95","","","","","","",""
"snake-chain-bracelet-with-enamel-accent","","","","","","","","Colour","Blue","Size","19cm","","","ORGCBB1-19-B","16","shopify","8","deny","manual","89","","TRUE","TRUE","","","","","","","","","","","","","","","","","","","","","https://cdn.shopify.com/s/files/1/0852/4428/1122/files/ORGCBB1-19-B-a.jpg","g","","23.95","","","","","","",""
"snake-chain-bracelet-with-enamel-accent","","","","","","","","Colour","Flower","Size","19cm","","","ORGCBB1-19-G","14","shopify","8","deny","manual","89","","TRUE","TRUE","","","","","","","","","","","","","","","","","","","","","https://cdn.shopify.com/s/files/1/0852/4428/1122/files/ORGCBB1-19-G-a.jpg","g","","23.95","","","","","","",""
"snake-chain-bracelet-with-enamel-accent","","","","","","","","Colour","White","Size","21cm","","","ORGCBB1-21-W","16","shopify","5","deny","manual","89","","TRUE","TRUE","","","","","","","","","","","","","","","","","","","","","https://cdn.shopify.com/s/files/1/0852/4428/1122/files/ORGCBB1-21-W-a.jpg","g","","26.85","","","","","","",""
"snake-chain-bracelet-with-enamel-accent","","","","","","","","Colour","Red","Size","21cm","","","ORGCBB1-21-R","16","shopify","8","deny","manual","89","","TRUE","TRUE","","","","","","","","","","","","","","","","","","","","","https://cdn.shopify.com/s/files/1/0852/4428/1122/files/ORGCBB1-21-R-a.jpg","g","","26.85","","","","","","",""
"snake-chain-bracelet-with-enamel-accent","","","","","","","","Colour","Black","Size","21cm","","","ORGCBB1-21-K","16","shopify","8","deny","manual","89","","TRUE","TRUE","","","","","","","","","","","","","","","","","","","","","https://cdn.shopify.com/s/files/1/0852/4428/1122/files/ORGCBB1-21-K-a.jpg","g","","26.85","","","","","","",""
"snake-chain-bracelet-with-enamel-accent","","","","","","","","Colour","Blue","Size","21cm","","","ORGCBB1-21-B","16","shopify","8","deny","manual","89","","TRUE","TRUE","","","","","","","","","","","","","","","","","","","","","https://cdn.shopify.com/s/files/1/0852/4428/1122/files/ORGCBB1-21-B-a.jpg","g","","26.85","","","","","","",""
"snake-chain-bracelet-with-enamel-accent","","","","","","","","","","","","","","","","","","","","","","","","","https://cdn.shopify.com/s/files/1/0852/4428/1122/files/ORGCBB1-17-R-a.jpg","2","Snake Chain Bracelet with Enamel Accent","","","","","","","","","","","","","","","","","","","","","","","","","","",""
"snake-chain-bracelet-with-enamel-accent","","","","","","","","","","","","","","","","","","","","","","","","","https://cdn.shopify.com/s/files/1/0852/4428/1122/files/ORGCBB1-17-K-a.jpg","3","Snake Chain Bracelet with Enamel Accent","","","","","","","","","","","","","","","","","","","","","","","","","","",""
"snake-chain-bracelet-with-enamel-accent","","","","","","","","","","","","","","","","","","","","","","","","","https://cdn.shopify.com/s/files/1/0852/4428/1122/files/ORGCBB1-17-B-a.jpg","4","Snake Chain Bracelet with Enamel Accent","","","","","","","","","","","","","","","","","","","","","","","","","","",""
"snake-chain-bracelet-with-enamel-accent","","","","","","","","","","","","","","","","","","","","","","","","","https://cdn.shopify.com/s/files/1/0852/4428/1122/files/ORGCBB1-17-G-a.jpg","5","Snake Chain Bracelet with Enamel Accent","","","","","","","","","","","","","","","","","","","","","","","","","","",""
"snake-chain-bracelet-with-enamel-accent","","","","","","","","","","","","","","","","","","","","","","","","","https://cdn.shopify.com/s/files/1/0852/4428/1122/files/ORGCBB1-19-W-a.jpg","6","Snake Chain Bracelet with Enamel Accent","","","","","","","","","","","","","","","","","","","","","","","","","","",""
"snake-chain-bracelet-with-enamel-accent","","","","","","","","","","","","","","","","","","","","","","","","","https://cdn.shopify.com/s/files/1/0852/4428/1122/files/ORGCBB1-19-R-a.jpg","7","Snake Chain Bracelet with Enamel Accent","","","","","","","","","","","","","","","","","","","","","","","","","","",""
"snake-chain-bracelet-with-enamel-accent","","","","","","","","","","","","","","","","","","","","","","","","","https://cdn.shopify.com/s/files/1/0852/4428/1122/files/ORGCBB1-19-K-a.jpg","8","Snake Chain Bracelet with Enamel Accent","","","","","","","","","","","","","","","","","","","","","","","","","","",""
"snake-chain-bracelet-with-enamel-accent","","","","","","","","","","","","","","","","","","","","","","","","","https://cdn.shopify.com/s/files/1/0852/4428/1122/files/ORGCBB1-19-B-a.jpg","9","Snake Chain Bracelet with Enamel Accent","","","","","","","","","","","","","","","","","","","","","","","","","","",""
"snake-chain-bracelet-with-enamel-accent","","","","","","","","","","","","","","","","","","","","","","","","","https://cdn.shopify.com/s/files/1/0852/4428/1122/files/ORGCBB1-19-G-a.jpg","10","Snake Chain Bracelet with Enamel Accent","","","","","","","","","","","","","","","","","","","","","","","","","","",""
"snake-chain-bracelet-with-enamel-accent","","","","","","","","","","","","","","","","","","","","","","","","","https://cdn.shopify.com/s/files/1/0852/4428/1122/files/ORGCBB1-21-W-a.jpg","11","Snake Chain Bracelet with Enamel Accent","","","","","","","","","","","","","","","","","","","","","","","","","","",""
"snake-chain-bracelet-with-enamel-accent","","","","","","","","","","","","","","","","","","","","","","","","","https://cdn.shopify.com/s/files/1/0852/4428/1122/files/ORGCBB1-21-R-a.jpg","12","Snake Chain Bracelet with Enamel Accent","","","","","","","","","","","","","","","","","","","","","","","","","","",""
"snake-chain-bracelet-with-enamel-accent","","","","","","","","","","","","","","","","","","","","","","","","","https://cdn.shopify.com/s/files/1/0852/4428/1122/files/ORGCBB1-21-K-a.jpg","13","Snake Chain Bracelet with Enamel Accent","","","","","","","","","","","","","","","","","","","","","","","","","","",""
"snake-chain-bracelet-with-enamel-accent","","","","","","","","","","","","","","","","","","","","","","","","","https://cdn.shopify.com/s/files/1/0852/4428/1122/files/ORGCBB1-21-B-a.jpg","14","Snake Chain Bracelet with Enamel Accent","","","","","","","","","","","","","","","","","","","","","","","","","","",""
