"SKU","Parent Product SKU","Product Name","Category","Price Type","Unit","Tax-Inclusive Price","Min Price","Max Price","Cost","Supplier Price","Product Tags","Inventory Type","Track Stock Levels","Barcode","Variant Name 1","Variant Value 1","Variant Name 2","Variant Value 2","Variant Name 3","Variant Value 3","Supplier","Tax Name","Store Credits","Kitchen Station","ORLOFF OF DENMARK (BLUPORT)_Quantity","ORLOFF OF DENMARK (BLUPORT)_Warning Stock Level","ORLOFF OF DENMARK (BLUPORT)_Ideal Stock Level","Online Price","Online Discounted Price","Product Description"
"ORGCB56-R","","Love Charm, Red Enamel","Milestones & Sentiment","Fixed","","1600","","","257.38","","Milestones & Sentiment;Line A;925 Silver","Simple","1","","","","","","","","Zhuhai Rinntin Jewelry","","","Do Not Print Kitchen Docket","27","2","","1600","","Chinese character ai in red enamel with the word Love beneath. Confirms the handoff's reading: this is the red sibling of ORGCB56-B (black) and ORGCB56-L (blue). SKU written in canonical OR form though the invoice prints GCB56-R.

Material: 925 Sterling Silver

Finish: Rhodium Plated, Red Enamel

Size: 17 x 12 x 2mm

Weight: 4.00g

Fits all Orloff snake chain bracelets.

ORLOFF OF DENMARK."
"ORCB01","","Whale Charm","Animals","Fixed","","900","","","127.50","","Animals;Line A;925 Silver","Simple","1","","","","","","","","Zhuhai Rinntin Jewelry","","","Do Not Print Kitchen Docket","10","2","","900","","Blue enamel body, silver belly and tail, black stone eye.

Material: 925 Sterling Silver

Finish: Oxidized Silver

Stone: Black CZ + Blue Enamel

Size: 14.5mm x 7mm

Weight: 1.55g

Fits all Orloff snake chain bracelets.

ORLOFF OF DENMARK."
"ORCB02","","Turtle Charm","Animals","Fixed","","900","","","130.56","","Animals;Line A;925 Silver","Simple","1","","","","","","","","Zhuhai Rinntin Jewelry","","","Do Not Print Kitchen Docket","10","2","","900","","Yellow enamel shell with blue spots, black enamel feet.

Material: 925 Sterling Silver

Finish: Oxidized Silver

Stone: Orange+Black+ Blue Enamel

Size: 12mm

Weight: 1.69g

Fits all Orloff snake chain bracelets.

ORLOFF OF DENMARK."
"ORCB03","","Elephant Charm","Animals","Fixed","","900","","","137.02","","Animals;Line A;925 Silver","Simple","1","","","","","","","","Zhuhai Rinntin Jewelry","","","Do Not Print Kitchen Docket","10","2","","900","","Polished silver with a red enamel tip to the raised trunk.

Material: 925 Sterling Silver

Finish: Oxidized Silver

Stone: Black+ Red Enamel

Size: 13mm

Weight: 2g

Fits all Orloff snake chain bracelets.

ORLOFF OF DENMARK."
"ORCB05","","Unicorn Charm","Animals","Fixed","","1200","","","174.08","","Animals;Line A;925 Silver","Simple","1","","","","","","","","Zhuhai Rinntin Jewelry","","","Do Not Print Kitchen Docket","10","2","","1200","","Winged unicorn dangle in polished silver, black enamel eye.

Material: 925 Sterling Silver

Finish: Oxidized Silver

Stone: Black Enamel

Size: 13mm

Weight: 2.84g

Fits all Orloff snake chain bracelets.

ORLOFF OF DENMARK."
"ORCB06","","Fox Charm, Rose Gold","Animals","Fixed","","900","","","141.10","","Animals;Line A;925 Silver","Simple","1","","","","","","","","Zhuhai Rinntin Jewelry","","","Do Not Print Kitchen Docket","10","2","","900","","Rose gold plated with a white enamel face. Could be a cat.

Material: 925 Sterling Silver

Finish: Rosegold Plated

Stone: White Enamel

Size: 12mm

Weight: 1.79g

Fits all Orloff snake chain bracelets.

ORLOFF OF DENMARK."
"ORCB07","","Hippo Charm","Animals","Fixed","","900","","","99.28","","Animals;Line A;925 Silver","Simple","1","","","","","","","","Zhuhai Rinntin Jewelry","","","Do Not Print Kitchen Docket","10","2","","900","","Polished silver hippopotamus with oxidized detail.

Material: 925 Sterling Silver

Finish: Oxidized Silver

Size: 8mm

Weight: 1.18g

Fits all Orloff snake chain bracelets.

ORLOFF OF DENMARK."
"ORCB08","","Rabbit Charm","Animals","Fixed","","900","","","137.70","","Animals;Line A;925 Silver","Simple","1","","","","","","","","Zhuhai Rinntin Jewelry","","","Do Not Print Kitchen Docket","10","2","","900","","Seated rabbit in polished silver with pink enamel ears and paws.

Material: 925 Sterling Silver

Finish: Oxidized Silver

Stone: Black+ Pink Enamel

Size: 13.5mm

Weight: 1.77g

Fits all Orloff snake chain bracelets.

ORLOFF OF DENMARK."
"ORCB09","","Puppy Charm","Animals","Fixed","","900","","","150.28","","Animals;Line A;925 Silver","Simple","1","","","","","","","","Zhuhai Rinntin Jewelry","","","Do Not Print Kitchen Docket","10","2","","900","","Seated long-eared dog with a star pendant set with a clear stone.

Material: 925 Sterling Silver

Finish: Oxidized Silver

Stone: White CZ+Black Enamel

Size: 12.5mm

Weight: 2.06g

Fits all Orloff snake chain bracelets.

ORLOFF OF DENMARK."
"ORCB10","","Carousel Charm","Travel & Lifestyle","Fixed","","1200","","","161.84","","Travel & Lifestyle;Line A;925 Silver","Simple","1","","","","","","","","Zhuhai Rinntin Jewelry","","","Do Not Print Kitchen Docket","10","2","","1200","","Oxidized silver merry-go-round with horses under a canopy.

Material: 925 Sterling Silver

Finish: Oxidized Silver

Stone: Stone :None

Size: 21mm

Weight: 2.63g

Fits all Orloff snake chain bracelets.

ORLOFF OF DENMARK."
"ORCB100","","Star Pave Charm, Purple","Sparkle & Classic","Fixed","","1200","","","212.50","","Sparkle & Classic;Line A;925 Silver","Simple","1","","","","","","","","Zhuhai Rinntin Jewelry","","","Do Not Print Kitchen Docket","9","2","","1200","","Pave bead set with two purple star stones.

Material: 925 Sterling Silver

Finish: Rhodium Plated

Stone: Stone: White+Purple

Size: 8mm

Weight: 2.5g

Fits all Orloff snake chain bracelets.

ORLOFF OF DENMARK."
"ORCB101","","Sweet Wrapper Charm","Travel & Lifestyle","Fixed","","1600","","","238.68","","Travel & Lifestyle;Line A;925 Silver","Simple","1","","","","","","","","Zhuhai Rinntin Jewelry","","","Do Not Print Kitchen Docket","10","2","","1600","","Wrapped sweet with a spiral of yellow, purple and red stones.

Material: 925 Sterling Silver

Finish: Rhodium Plated

Stone: Stone: Muti-color

Size: 8mm

Weight: 2.8g

Fits all Orloff snake chain bracelets.

ORLOFF OF DENMARK."
"ORCB102","","Star Charm, Purple Centre","Sparkle & Classic","Fixed","","1200","","","219.64","","Sparkle & Classic;Line A;925 Silver","Simple","1","","","","","","","","Zhuhai Rinntin Jewelry","","","Do Not Print Kitchen Docket","10","2","","1200","","Pave star with a purple star stone at its centre.

Material: 925 Sterling Silver

Finish: Rhodium Plated

Stone: Stone: White+Purple

Size: 10mm

Weight: 2.5g

Fits all Orloff snake chain bracelets.

ORLOFF OF DENMARK."
"ORCB103","","Rainbow Egg Charm","Sparkle & Classic","Fixed","","1600","","","238.68","","Sparkle & Classic;Line A;925 Silver","Simple","1","","","","","","","","Zhuhai Rinntin Jewelry","","","Do Not Print Kitchen Docket","10","2","","1600","","Egg shaped dangle set with rainbow coloured stones.

Material: 925 Sterling Silver

Finish: Rhodium Plated

Stone: Stone: Muti-color

Size: 22mm

Weight: 2.8g

Fits all Orloff snake chain bracelets.

ORLOFF OF DENMARK."
"ORCB104","","Ribbon Bow Charm, Red Heart","Milestones & Sentiment","Fixed","","1200","","","204.00","","Milestones & Sentiment;Line A;925 Silver","Simple","1","","","","","","","","Zhuhai Rinntin Jewelry","","","Do Not Print Kitchen Docket","8","2","","1200","","Pave ribbon tied in a bow with a red heart stone dangle.

Material: 925 Sterling Silver

Finish: Rhodium Plated

Stone: Stone: White+Red

Size: 15mm

Weight: 3g

Fits all Orloff snake chain bracelets.

ORLOFF OF DENMARK."
"ORCB106","","Angel Charm, Pink Heart","Milestones & Sentiment","Fixed","","1200","","","175.78","","Milestones & Sentiment;Line A;925 Silver","Simple","1","","","","","","","","Zhuhai Rinntin Jewelry","","","Do Not Print Kitchen Docket","10","2","","1200","","Winged angel with a halo above a pink heart stone in a pave frame.

Material: 925 Sterling Silver

Finish: Rhodium Plated

Stone: Stone: White+Pink

Size: 13mm

Weight: 2.5g

Fits all Orloff snake chain bracelets.

ORLOFF OF DENMARK."
"ORCB107","","Graduation Owl Charm","Milestones & Sentiment","Fixed","","1200","","","208.42","","Milestones & Sentiment;Line A;925 Silver","Simple","1","","","","","","","","Zhuhai Rinntin Jewelry","","","Do Not Print Kitchen Docket","9","2","","1200","","Owl in a mortarboard with a blue pear stone and a small key.

Material: 925 Sterling Silver

Finish: Rhodium Plated

Stone: Stone: White+Blue

Size: 11mm

Weight: 2.5g

Fits all Orloff snake chain bracelets.

ORLOFF OF DENMARK."
"ORCB108","","Unicorn Charm, Gold Mane","Animals","Fixed","","900","","","144.84","","Animals;Line A;925 Silver","Simple","1","","","","","","","","Zhuhai Rinntin Jewelry","","","Do Not Print Kitchen Docket","10","2","","900","","Prancing unicorn with a gold horn, mane and tail.

Material: 925 Sterling Silver

Finish: Rhodium Plated

Size: 21mm

Weight: 1.5g

Fits all Orloff snake chain bracelets.

ORLOFF OF DENMARK."
"ORCB11","","Birthday Balloon Charm","Milestones & Sentiment","Fixed","","1200","","","178.16","","Milestones & Sentiment;Line A;925 Silver","Simple","1","","","","","","","","Zhuhai Rinntin Jewelry","","","Do Not Print Kitchen Docket","10","2","","1200","","Balloon bead lettered birthday, black enamel spots, clear stones.

Material: 925 Sterling Silver

Finish: Oxidized Silver

Stone: Black+ Red Enamel

Size: 12.5mm

Weight: 2.62g

Fits all Orloff snake chain bracelets.

ORLOFF OF DENMARK."
"ORCB110","","Princess Charm","Milestones & Sentiment","Fixed","","1200","","","208.42","","Milestones & Sentiment;Line A;925 Silver","Simple","1","","","","","","","","Zhuhai Rinntin Jewelry","","","Do Not Print Kitchen Docket","10","2","","1200","","Girl in a gown set with pink stones, holding a heart wand.

Material: 925 Sterling Silver

Finish: Rhodium Plated

Stone: Stone: Pink

Size: 17mm

Weight: 3.8g

Fits all Orloff snake chain bracelets.

ORLOFF OF DENMARK."
"ORCB111","","Butterfly Charm, Turquoise Spots","Animals","Fixed","","1200","","","185.64","","Animals;Line A;925 Silver","Simple","1","","","","","","","","Zhuhai Rinntin Jewelry","","","Do Not Print Kitchen Docket","10","2","","1200","","Pave butterfly with turquoise enamel spots and a beaded body.

Material: 925 Sterling Silver

Finish: Rhodium Plated

Stone: Stone: White

Size: 12mm

Weight: 2.2g

Fits all Orloff snake chain bracelets.

ORLOFF OF DENMARK."
"ORCB113","","Puzzle Heart Charm, Multicolour","Milestones & Sentiment","Fixed","","1200","","","214.20","","Milestones & Sentiment;Line A;925 Silver","Simple","1","","","","","","","","Zhuhai Rinntin Jewelry","","","Do Not Print Kitchen Docket","10","2","","1200","","Heart in blue, red, yellow and white puzzle pieces with a red piece dangling. Note this reads as the autism awareness motif; decide how you want it positioned.

Material: 925 Sterling Silver

Finish: Rhodium Plated

Size: 13mm

Weight: 2.2g

Fits all Orloff snake chain bracelets.

ORLOFF OF DENMARK."
"ORCB114","","Mom Heart Charm","Milestones & Sentiment","Fixed","","1200","","","176.46","","Milestones & Sentiment;Line A;925 Silver","Simple","1","","","","","","","","Zhuhai Rinntin Jewelry","","","Do Not Print Kitchen Docket","10","2","","1200","","Heart lettered Mom with pink stone flowers and green enamel leaves.

Material: 925 Sterling Silver

Finish: Rhodium Plated

Stone: Stone: Pink

Size: 10mm

Weight: 2.2g

Fits all Orloff snake chain bracelets.

ORLOFF OF DENMARK."
"ORCB115","","Stitched Heart Charm","Milestones & Sentiment","Fixed","","1200","","","171.02","","Milestones & Sentiment;Line A;925 Silver","Simple","1","","","","","","","","Zhuhai Rinntin Jewelry","","","Do Not Print Kitchen Docket","10","2","","1200","","Polished heart laced with black stitching over red stones.

Material: 925 Sterling Silver

Finish: Rhodium Plated

Size: 10mm

Weight: 2.2g

Fits all Orloff snake chain bracelets.

ORLOFF OF DENMARK."
"ORCB116","","Heart Padlock Charm, Blue","Milestones & Sentiment","Fixed","","1200","","","215.90","","Milestones & Sentiment;Line A;925 Silver","Simple","1","","","","","","","","Zhuhai Rinntin Jewelry","","","Do Not Print Kitchen Docket","10","2","","1200","","Blue enamel padlock with silver scrollwork, a blue heart stone and a key.

Material: 925 Sterling Silver

Finish: Rhodium Plated

Stone: Stone: Blue

Size: 12mm

Weight: 3g

Fits all Orloff snake chain bracelets.

ORLOFF OF DENMARK."
"ORCB117","","Frangipani Charm, Yellow","Nature","Fixed","","1200","","","168.64","","Nature;Line A;925 Silver","Simple","1","","","","","","","","Zhuhai Rinntin Jewelry","","","Do Not Print Kitchen Docket","10","2","","1200","","Five yellow enamel petals around a single clear stone.

Material: 925 Sterling Silver

Finish: Rhodium Plated

Stone: CZ+Enamel

Size: 8mm

Weight: 2.6g

Fits all Orloff snake chain bracelets.

ORLOFF OF DENMARK."
"ORCB118","","Dreamcatcher Charm, Rainbow","Travel & Lifestyle","Fixed","","1600","","","227.12","","Travel & Lifestyle;Line A;925 Silver","Simple","1","","","","","","","","Zhuhai Rinntin Jewelry","","","Do Not Print Kitchen Docket","7","2","","1600","","Openwork bead with rainbow stones and three silver feather drops.

Material: 925 Sterling Silver

Finish: Rhodium Plated

Stone: Stone: Muti-color

Size: 17mm

Weight: 2.3g

Fits all Orloff snake chain bracelets.

ORLOFF OF DENMARK."
"ORCB119","","Graduation Charm","Milestones & Sentiment","Fixed","","1200","","","189.72","","Milestones & Sentiment;Line A;925 Silver","Simple","1","","","","","","","","Zhuhai Rinntin Jewelry","","","Do Not Print Kitchen Docket","10","2","","1200","","Mortarboard and scroll lettered GRADUATION with a gold tassel.

Material: 925 Sterling Silver

Finish: Rhodium Plated

Size: 10mm

Weight: 2.2g

Fits all Orloff snake chain bracelets.

ORLOFF OF DENMARK."
"ORCB12","","Boy Charm","Milestones & Sentiment","Fixed","","900","","","120.36","","Milestones & Sentiment;Line A;925 Silver","Simple","1","","","","","","","","Zhuhai Rinntin Jewelry","","","Do Not Print Kitchen Docket","10","2","","900","","Boy figure dangle holding a heart set with clear stones.

Material: 925 Sterling Silver

Finish: Oxidized Silver

Stone: White CZ

Size: 21.5mm

Weight: 1.49g

Fits all Orloff snake chain bracelets.

ORLOFF OF DENMARK."
"ORCB120","","Angel Wing Charm","Milestones & Sentiment","Fixed","","1200","","","183.60","","Milestones & Sentiment;Line A;925 Silver","Simple","1","","","","","","","","Zhuhai Rinntin Jewelry","","","Do Not Print Kitchen Docket","10","2","","1200","","Single feathered wing in pave with a gold leading edge.

Material: 925 Sterling Silver

Finish: Rhodium Plated

Stone: Stone: White

Size: 14mm

Weight: 1.5g

Fits all Orloff snake chain bracelets.

ORLOFF OF DENMARK."
"ORCB122","","Witch Hat Charm, Rose Gold","Milestones & Sentiment","Fixed","","1200","","","178.50","","Milestones & Sentiment;Line A;925 Silver","Simple","1","","","","","","","","Zhuhai Rinntin Jewelry","","","Do Not Print Kitchen Docket","8","2","","1200","","Rose gold hat with black enamel stars and a star dangle.

Material: 925 Sterling Silver

Finish: Rose Gold Plated

Stone: Stone: Black

Size: 11mm

Weight: 2g

Fits all Orloff snake chain bracelets.

ORLOFF OF DENMARK."
"ORCB123","","Horse Charm","Animals","Fixed","","1600","","","238.00","","Animals;Line A;925 Silver","Simple","1","","","","","","","","Zhuhai Rinntin Jewelry","","","Do Not Print Kitchen Docket","10","2","","1600","","Galloping horse with a brown enamel mane and tail, gold horseshoe bail.

Material: 925 Sterling Silver

Finish: Rhodium Plated

Size: 15mm

Weight: 2g

Fits all Orloff snake chain bracelets.

ORLOFF OF DENMARK."
"ORCB124","","Clover Charm, Purple","Nature","Fixed","","1600","","","245.48","","Nature;Line A;925 Silver","Simple","1","","","","","","","","Zhuhai Rinntin Jewelry","","","Do Not Print Kitchen Docket","10","2","","1600","","Purple enamel clover among pave hearts.

Material: 925 Sterling Silver

Finish: Rhodium Plated

Stone: Stone: Purple

Size: 11mm

Weight: 2.4g

Fits all Orloff snake chain bracelets.

ORLOFF OF DENMARK."
"ORCB125","","Basketball Charm","Travel & Lifestyle","Fixed","","1200","","","171.02","","Travel & Lifestyle;Line A;925 Silver","Simple","1","","","","","","","","Zhuhai Rinntin Jewelry","","","Do Not Print Kitchen Docket","9","2","","1200","","Red enamel basketball with a pave heart on the seam.

Material: 925 Sterling Silver

Finish: Rhodium Plated

Stone: Stone: White

Size: 9mm

Weight: 2g

Fits all Orloff snake chain bracelets.

ORLOFF OF DENMARK."
"ORCB126","","Cactus Charm","Nature","Fixed","","900","","","116.62","","Nature;Line A;925 Silver","Simple","1","","","","","","","","Zhuhai Rinntin Jewelry","","","Do Not Print Kitchen Docket","10","2","","900","","Cactus dangle set with green stones and a silver flower.

Material: 925 Sterling Silver

Finish: Rhodium Plated

Stone: Stone: Green

Size: 10mm

Weight: 1g

Fits all Orloff snake chain bracelets.

ORLOFF OF DENMARK."
"ORCB127","","Rabbit and Strawberry Charm","Animals","Fixed","","1200","","","156.06","","Animals;Line A;925 Silver","Simple","1","","","","","","","","Zhuhai Rinntin Jewelry","","","Do Not Print Kitchen Docket","10","2","","1200","","Winking rabbit in a pink enamel basket with a red strawberry.

Material: 925 Sterling Silver

Finish: Rhodium Plated

Size: 15mm

Weight: 1.9g

Fits all Orloff snake chain bracelets.

ORLOFF OF DENMARK."
"ORCB128","","Ladybird Charm","Animals","Fixed","","1600","","","231.20","","Animals;Line A;925 Silver","Simple","1","","","","","","","","Zhuhai Rinntin Jewelry","","","Do Not Print Kitchen Docket","10","2","","1600","","Red enamel ladybird with black spots and a yellow pear stone.

Material: 925 Sterling Silver

Finish: Rhodium Plated

Stone: CZ+Enamel

Size: 12mm

Weight: 2.5g

Fits all Orloff snake chain bracelets.

ORLOFF OF DENMARK."
"ORCB129","","Two Cats and Moon Charm","Animals","Fixed","","1200","","","154.70","","Animals;Line A;925 Silver","Simple","1","","","","","","","","Zhuhai Rinntin Jewelry","","","Do Not Print Kitchen Docket","9","2","","1200","","Pair of cats beside a crescent of blue stones.

Material: 925 Sterling Silver

Finish: Rhodium Plated

Stone: Stone: Blue

Size: 7mm

Weight: 2g

Fits all Orloff snake chain bracelets.

ORLOFF OF DENMARK."
"ORCB13","","Girl Charm","Milestones & Sentiment","Fixed","","900","","","112.20","","Milestones & Sentiment;Line A;925 Silver","Simple","1","","","","","","","","Zhuhai Rinntin Jewelry","","","Do Not Print Kitchen Docket","9","2","","900","","Girl figure dangle holding a basket, clear stones on the skirt.

Material: 925 Sterling Silver

Finish: Oxidized Silver

Stone: White CZ

Size: 20mm

Weight: 1.45g

Fits all Orloff snake chain bracelets.

ORLOFF OF DENMARK."
"ORCB135","","Medical Chart Charm","Travel & Lifestyle","Fixed","","1200","","","168.98","","Travel & Lifestyle;Line A;925 Silver","Simple","1","","","","","","","","Zhuhai Rinntin Jewelry","","","Do Not Print Kitchen Docket","10","2","","1200","","Clipboard with a stethoscope and red cross, gold heart dangle.

Material: 925 Sterling Silver

Finish: Rhodium Plated

Size: 16mm

Weight: 1.8g

Fits all Orloff snake chain bracelets.

ORLOFF OF DENMARK."
"ORCB136","","Camera Charm, Pink","Travel & Lifestyle","Fixed","","1200","","","169.32","","Travel & Lifestyle;Line A;925 Silver","Simple","1","","","","","","","","Zhuhai Rinntin Jewelry","","","Do Not Print Kitchen Docket","10","2","","1200","","Pink enamel camera with a clear stone lens and flower detail.

Material: 925 Sterling Silver

Finish: Rhodium Plated

Stone: CZ+Enamel

Size: 11mm

Weight: 2.1g

Fits all Orloff snake chain bracelets.

ORLOFF OF DENMARK."
"ORCB137","","Elephant Charm, Pink and Green","Animals","Fixed","","1200","","","206.38","","Animals;Line A;925 Silver","Simple","1","","","","","","","","Zhuhai Rinntin Jewelry","","","Do Not Print Kitchen Docket","10","2","","1200","","Elephant with pink pave ears and a green pave headdress.

Material: 925 Sterling Silver

Finish: Rhodium Plated

Stone: Stone: Muti-color

Size: 11mm

Weight: 3.2g

Fits all Orloff snake chain bracelets.

ORLOFF OF DENMARK."
"ORCB138","","Lucky Clover Heart Charm","Milestones & Sentiment","Fixed","","900","","","145.18","","Milestones & Sentiment;Line A;925 Silver","Simple","1","","","","","","","","Zhuhai Rinntin Jewelry","","","Do Not Print Kitchen Docket","10","2","","900","","Rose gold heart lettered Lucky with a green enamel clover.

Material: 925 Sterling Silver

Finish: Rose Gold Plated

Size: 7mm

Weight: 1.7g

Fits all Orloff snake chain bracelets.

ORLOFF OF DENMARK."
"ORCB139","","Sunflower Charm","Nature","Fixed","","1600","","","285.60","","Nature;Line A;925 Silver","Simple","1","","","","","","","","Zhuhai Rinntin Jewelry","","","Do Not Print Kitchen Docket","9","2","","1600","","Faceted yellow stone in a petalled frame with green stone leaves.

Material: 925 Sterling Silver

Finish: Rhodium Plated

Stone: Stone: Yellow+Green

Size: 7mm

Weight: 3.5g

Fits all Orloff snake chain bracelets.

ORLOFF OF DENMARK."
"ORCB14","","Couple in a Boat Charm","Milestones & Sentiment","Fixed","","900","","","128.18","","Milestones & Sentiment;Line A;925 Silver","Simple","1","","","","","","","","Zhuhai Rinntin Jewelry","","","Do Not Print Kitchen Docket","9","2","","900","","Two figures in a boat with a red enamel heart and turquoise trim.

Material: 925 Sterling Silver

Finish: Oxidized Silver

Stone: White CZ+Red &Blue Enamel

Size: 18mm

Weight: 1.36g

Fits all Orloff snake chain bracelets.

ORLOFF OF DENMARK."
"ORCB140","","Rainbow Charm","Nature","Fixed","","1200","","","159.46","","Nature;Line A;925 Silver","Simple","1","","","","","","","","Zhuhai Rinntin Jewelry","","","Do Not Print Kitchen Docket","10","2","","1200","","Bands of coloured enamel with a white cloud.

Material: 925 Sterling Silver

Finish: Rhodium Plated

Size: 12mm

Weight: 2.4g

Fits all Orloff snake chain bracelets.

ORLOFF OF DENMARK."
"ORCB142","","Mermaid Charm","Animals","Fixed","","1200","","","177.82","","Animals;Line A;925 Silver","Simple","1","","","","","","","","Zhuhai Rinntin Jewelry","","","Do Not Print Kitchen Docket","10","2","","1200","","Mermaid dangle with a blue glitter tail and a pink flower in her hair.

Material: 925 Sterling Silver

Finish: Rhodium Plated

Size: 20mm

Weight: 2.6g

Fits all Orloff snake chain bracelets.

ORLOFF OF DENMARK."
"ORCB144","","Best Friends Charm","Milestones & Sentiment","Fixed","","1200","","","193.46","","Milestones & Sentiment;Line A;925 Silver","Simple","1","","","","","","","","Zhuhai Rinntin Jewelry","","","Do Not Print Kitchen Docket","10","2","","1200","","Pink enamel heart lettered BFF with two yellow smiling faces.

Material: 925 Sterling Silver

Finish: Rhodium Plated

Size: 15mm

Weight: 2.7g

Fits all Orloff snake chain bracelets.

ORLOFF OF DENMARK."
"ORCB145","","Daisy Charm, Gold and White","Nature","Fixed","","1200","","","208.42","","Nature;Line A;925 Silver","Simple","1","","","","","","","","Zhuhai Rinntin Jewelry","","","Do Not Print Kitchen Docket","15","2","","1200","","Gold and white enamel petals around a yellow stone.

Material: 925 Sterling Silver

Finish: 14K Gold Plated

Stone: CZ+Enamel

Size: 12mm

Weight: 2.3g

Fits all Orloff snake chain bracelets.

ORLOFF OF DENMARK."
"ORCB146","","Ship's Wheel Charm","Travel & Lifestyle","Fixed","","900","","","142.80","","Travel & Lifestyle;Line A;925 Silver","Simple","1","","","","","","","","Zhuhai Rinntin Jewelry","","","Do Not Print Kitchen Docket","10","2","","900","","Ship's wheel framing a rose gold anchor and heart.

Material: 925 Sterling Silver

Finish: Rhodium Plated

Stone: Stone: White

Size: 11mm

Weight: 1g

Fits all Orloff snake chain bracelets.

ORLOFF OF DENMARK."
"ORCB149","","Giraffe Charm","Animals","Fixed","","1200","","","153.34","","Animals;Line A;925 Silver","Simple","1","","","","","","","","Zhuhai Rinntin Jewelry","","","Do Not Print Kitchen Docket","10","2","","1200","","Yellow enamel giraffe dangle with silver markings.

Material: 925 Sterling Silver

Finish: Rhodium Plated

Size: 18mm

Weight: 1.7g

Fits all Orloff snake chain bracelets.

ORLOFF OF DENMARK."
"ORCB15","","Footballer Charm","Travel & Lifestyle","Fixed","","900","","","119.00","","Travel & Lifestyle;Line A;925 Silver","Simple","1","","","","","","","","Zhuhai Rinntin Jewelry","","","Do Not Print Kitchen Docket","10","2","","900","","Boy in a cap holding a black and white enamel football.

Material: 925 Sterling Silver

Finish: Oxidized Silver

Stone: Black Enamel

Size: 22mm

Weight: 1.97g

Fits all Orloff snake chain bracelets.

ORLOFF OF DENMARK."
"ORCB150","","Lucky Star Charm, Gold","Milestones & Sentiment","Fixed","","1200","","","164.90","","Milestones & Sentiment;Line A;925 Silver","Simple","1","","","","","","","","Zhuhai Rinntin Jewelry","","","Do Not Print Kitchen Docket","9","2","","1200","","Gold star bead engraved you are my lucky star.

Material: 925 Sterling Silver

Finish: 14K Gold Plated

Size: 10mm

Weight: 3g

Fits all Orloff snake chain bracelets.

ORLOFF OF DENMARK."
"ORCB151","","Sunflower Charm, Gold","Nature","Fixed","","1200","","","171.02","","Nature;Line A;925 Silver","Simple","1","","","","","","","","Zhuhai Rinntin Jewelry","","","Do Not Print Kitchen Docket","9","2","","1200","","Gold petals around a pave centre.

Material: 925 Sterling Silver

Finish: Rhodium Plated

Stone: Stone: White

Size: 13mm

Weight: 1.5g

Fits all Orloff snake chain bracelets.

ORLOFF OF DENMARK."
"ORCB152","","Stars and Moon Charm, Blue","Nature","Fixed","","1600","","","231.88","","Nature;Line A;925 Silver","Simple","1","","","","","","","","Zhuhai Rinntin Jewelry","","","Do Not Print Kitchen Docket","10","2","","1600","","Cut-out stars and crescents with blue stones, engraved QUEEN.

Material: 925 Sterling Silver

Finish: Rhodium Plated

Stone: Stone: Blue

Size: 11mm

Weight: 3g

Fits all Orloff snake chain bracelets.

ORLOFF OF DENMARK."
"ORCB153","","Flower Heart Charm","Milestones & Sentiment","Fixed","","1200","","","185.98","","Milestones & Sentiment;Line A;925 Silver","Simple","1","","","","","","","","Zhuhai Rinntin Jewelry","","","Do Not Print Kitchen Docket","10","2","","1200","","Polished heart with pink stone flowers and green enamel leaves.

Material: 925 Sterling Silver

Finish: Oxidized Silver

Stone: Pink CZ & White CZ + Green Enamel

Size: 10.5mm

Weight: 2.30g

Fits all Orloff snake chain bracelets.

ORLOFF OF DENMARK."
"ORCB154","","I Love My Family Charm","Milestones & Sentiment","Fixed","","1200","","","185.98","","Milestones & Sentiment;Line A;925 Silver","Simple","1","","","","","","","","Zhuhai Rinntin Jewelry","","","Do Not Print Kitchen Docket","10","2","","1200","","Girl embracing a heart lettered I love my family.

Material: 925 Sterling Silver

Finish: Oxidized Silver

Stone: Red Enamel

Size: 12mm

Weight: 2.40g

Fits all Orloff snake chain bracelets.

ORLOFF OF DENMARK."
"ORCB155","","Cocktail Charm","Travel & Lifestyle","Fixed","","1200","","","156.06","","Travel & Lifestyle;Line A;925 Silver","Simple","1","","","","","","","","Zhuhai Rinntin Jewelry","","","Do Not Print Kitchen Docket","10","2","","1200","","Footed glass with a straw and a slice of fruit on the rim.

Material: 925 Sterling Silver

Finish: Oxidized Silver

Stone: Green & Pink Enamel

Size: 12mm

Weight: 1.80g

Fits all Orloff snake chain bracelets.

ORLOFF OF DENMARK."
"ORCB156","","Shopping Bag Charm","Travel & Lifestyle","Fixed","","1200","","","171.02","","Travel & Lifestyle;Line A;925 Silver","Simple","1","","","","","","","","Zhuhai Rinntin Jewelry","","","Do Not Print Kitchen Docket","10","2","","1200","","Bag with rope handles, a pink pave heart and the words go shopping.

Material: 925 Sterling Silver

Finish: Oxidized Silver

Stone: Red CZ

Size: 11.5mm

Weight: 2.30g

Fits all Orloff snake chain bracelets.

ORLOFF OF DENMARK."
"ORCB157","","Heartbeat Charm","Milestones & Sentiment","Fixed","","1200","","","171.02","","Milestones & Sentiment;Line A;925 Silver","Simple","1","","","","","","","","Zhuhai Rinntin Jewelry","","","Do Not Print Kitchen Docket","9","2","","1200","","Pave heart crossed by an ECG line ending in a red enamel heart.

Material: 925 Sterling Silver

Finish: Oxidized Silver

Stone: White CZ & Red Enamel

Size: 10mm

Weight: 1.80g

Fits all Orloff snake chain bracelets.

ORLOFF OF DENMARK."
"ORCB159","","Cool Drink Charm","Travel & Lifestyle","Fixed","","1200","","","171.02","","Travel & Lifestyle;Line A;925 Silver","Simple","1","","","","","","","","Zhuhai Rinntin Jewelry","","","Do Not Print Kitchen Docket","10","2","","1200","","Cup with a blue enamel rim, a straw and a face in dark sunglasses.

Material: 925 Sterling Silver

Finish: Oxidized Silver

Stone: Enamel

Size: 13mm

Weight: 2.20g

Fits all Orloff snake chain bracelets.

ORLOFF OF DENMARK."
"ORCB16","","Gondola Charm","Travel & Lifestyle","Fixed","","900","","","126.48","","Travel & Lifestyle;Line A;925 Silver","Simple","1","","","","","","","","Zhuhai Rinntin Jewelry","","","Do Not Print Kitchen Docket","10","2","","900","","Gondolier poling a gondola, pink and blue enamel.

Material: 925 Sterling Silver

Finish: Oxidized Silver

Stone: Blue+ Pink Enamel

Size: 11mm

Weight: 1.81g

Fits all Orloff snake chain bracelets.

ORLOFF OF DENMARK."
"ORCB160","","Casino Charm","Travel & Lifestyle","Fixed","","1200","","","171.02","","Travel & Lifestyle;Line A;925 Silver","Simple","1","","","","","","","","Zhuhai Rinntin Jewelry","","","Do Not Print Kitchen Docket","10","2","","1200","","Slot machine showing three red sevens under a CASINO sign.

Material: 925 Sterling Silver

Finish: Oxidized Silver

Stone: Light Green Enamel

Size: 9.5mm

Weight: 2.10g

Fits all Orloff snake chain bracelets.

ORLOFF OF DENMARK."
"ORCB161","","Gift Box Charm","Milestones & Sentiment","Fixed","","1200","","","185.98","","Milestones & Sentiment;Line A;925 Silver","Simple","1","","","","","","","","Zhuhai Rinntin Jewelry","","","Do Not Print Kitchen Docket","10","2","","1200","","Wrapped box with a red enamel ribbon, pink spots and a pink bow.

Material: 925 Sterling Silver

Finish: Oxidized Silver

Stone: Red & Pink Enamel

Size: 11.5mm

Weight: 2.40g

Fits all Orloff snake chain bracelets.

ORLOFF OF DENMARK."
"ORCB162","","Wristwatch Charm","Travel & Lifestyle","Fixed","","900","","","148.92","","Travel & Lifestyle;Line A;925 Silver","Simple","1","","","","","","","","Zhuhai Rinntin Jewelry","","","Do Not Print Kitchen Docket","9","2","","900","","Silver watch face on a green enamel strap.

Material: 925 Sterling Silver

Finish: Oxidized Silver

Stone: Green Enamel

Size: 13mm

Weight: 1.50g

Fits all Orloff snake chain bracelets.

ORLOFF OF DENMARK."
"ORCB163","","Hot Air Balloon Charm","Travel & Lifestyle","Fixed","","1200","","","185.98","","Travel & Lifestyle;Line A;925 Silver","Simple","1","","","","","","","","Zhuhai Rinntin Jewelry","","","Do Not Print Kitchen Docket","10","2","","1200","","Rainbow enamel balloon lettered LOVE with a heart dangle.

Material: 925 Sterling Silver

Finish: Oxidized Silver

Stone: Pink & White CZ + Green & Pink &

Size: 18mm

Weight: 2.20g

Fits all Orloff snake chain bracelets.

ORLOFF OF DENMARK."
"ORCB164","","Birthday Cake Charm","Milestones & Sentiment","Fixed","","1200","","","156.06","","Milestones & Sentiment;Line A;925 Silver","Simple","1","","","","","","","","Zhuhai Rinntin Jewelry","","","Do Not Print Kitchen Docket","10","2","","1200","","Tiered cake with three candles, lettered birthday.

Material: 925 Sterling Silver

Finish: Oxidized Silver

Size: 9.5mm

Weight: 2.10g

Fits all Orloff snake chain bracelets.

ORLOFF OF DENMARK."
"ORCB165","","Ice Lolly Charm","Travel & Lifestyle","Fixed","","1200","","","156.06","","Travel & Lifestyle;Line A;925 Silver","Simple","1","","","","","","","","Zhuhai Rinntin Jewelry","","","Do Not Print Kitchen Docket","10","2","","1200","","Lolly in cream and chocolate enamel on a silver stick.

Material: 925 Sterling Silver

Finish: Oxidized Silver

Stone: Milky Pink & Brown Enamel

Size: 12.5mm

Weight: 1.70g

Fits all Orloff snake chain bracelets.

ORLOFF OF DENMARK."
"ORCB166","","Carrot Charm","Nature","Fixed","","1200","","","163.54","","Nature;Line A;925 Silver","Simple","1","","","","","","","","Zhuhai Rinntin Jewelry","","","Do Not Print Kitchen Docket","10","2","","1200","","Orange enamel carrot with a green enamel top.

Material: 925 Sterling Silver

Finish: Oxidized Silver

Stone: Green & Orange Enamel

Size: 15mm

Weight: 1.80g

Fits all Orloff snake chain bracelets.

ORLOFF OF DENMARK."
"ORCB168","","Cow Charm","Animals","Fixed","","1200","","","171.02","","Animals;Line A;925 Silver","Simple","1","","","","","","","","Zhuhai Rinntin Jewelry","","","Do Not Print Kitchen Docket","10","2","","1200","","Standing cow with black enamel patches and a red udder.

Material: 925 Sterling Silver

Finish: Oxidized Silver

Stone: Black & Red Enamel

Size: 12mm

Weight: 2.10g

Fits all Orloff snake chain bracelets.

ORLOFF OF DENMARK."
"ORCB169","","Pony Charm","Animals","Fixed","","1200","","","215.56","","Animals;Line A;925 Silver","Simple","1","","","","","","","","Zhuhai Rinntin Jewelry","","","Do Not Print Kitchen Docket","10","2","","1200","","White pony with a striped mane and a pink enamel heart. Could read as a zebra.

Material: 925 Sterling Silver

Finish: Oxidized Silver

Stone: Pink Enamel

Size: 15mm

Weight: 3.10g

Fits all Orloff snake chain bracelets.

ORLOFF OF DENMARK."
"ORCB17","","Sisters Charm","Milestones & Sentiment","Fixed","","1200","","","186.32","","Milestones & Sentiment;Line A;925 Silver","Simple","1","","","","","","","","Zhuhai Rinntin Jewelry","","","Do Not Print Kitchen Docket","10","2","","1200","","Two girls side by side in mint and pink enamel dresses.

Material: 925 Sterling Silver

Finish: Oxidized Silver

Stone: Blue+ Pink Enamel

Size: 10mm

Weight: 2.95g

Fits all Orloff snake chain bracelets.

ORLOFF OF DENMARK."
"ORCB170","","Police Box Charm","Travel & Lifestyle","Fixed","","1200","","","156.06","","Travel & Lifestyle;Line A;925 Silver","Simple","1","","","","","","","","Zhuhai Rinntin Jewelry","","","Do Not Print Kitchen Docket","9","2","","1200","","Police box set with blue and clear stones for windows.

Material: 925 Sterling Silver

Finish: Oxidized Silver

Stone: White & Blue CZ

Size: 14mm

Weight: 2.00g

Fits all Orloff snake chain bracelets.

ORLOFF OF DENMARK."
"ORCB171","","Umbrella Charm","Travel & Lifestyle","Fixed","","1200","","","171.02","","Travel & Lifestyle;Line A;925 Silver","Simple","1","","","","","","","","Zhuhai Rinntin Jewelry","","","Do Not Print Kitchen Docket","10","2","","1200","","Open umbrella with panels of green, yellow, pink and purple stones.

Material: 925 Sterling Silver

Finish: Oxidized Silver

Stone: Green & Yellow & Pink & Purple CZ

Size: 13mm

Weight: 2.40g

Fits all Orloff snake chain bracelets.

ORLOFF OF DENMARK."
"ORCB173","","Planet Charm","Nature","Fixed","","1200","","","193.46","","Nature;Line A;925 Silver","Simple","1","","","","","","","","Zhuhai Rinntin Jewelry","","","Do Not Print Kitchen Docket","10","2","","1200","","Blue glitter enamel planet encircled by a silver ring.

Material: 925 Sterling Silver

Finish: Oxidized Silver

Stone: Blue Enamel

Size: 10mm

Weight: 2.50g

Fits all Orloff snake chain bracelets.

ORLOFF OF DENMARK."
"ORCB174","","Handbag Charm","Travel & Lifestyle","Fixed","","1200","","","163.54","","Travel & Lifestyle;Line A;925 Silver","Simple","1","","","","","","","","Zhuhai Rinntin Jewelry","","","Do Not Print Kitchen Docket","10","2","","1200","","Handbag with rope handles lettered GOT TO BUY IT.

Material: 925 Sterling Silver

Finish: Oxidized Silver

Size: 10mm

Weight: 2.10g

Fits all Orloff snake chain bracelets.

ORLOFF OF DENMARK."
"ORCB175","","Treble Clef Charm","Travel & Lifestyle","Fixed","","1200","","","156.06","","Travel & Lifestyle;Line A;925 Silver","Simple","1","","","","","","","","Zhuhai Rinntin Jewelry","","","Do Not Print Kitchen Docket","9","2","","1200","","Polished treble clef.

Material: 925 Sterling Silver

Finish: Oxidized Silver

Size: 12mm

Weight: 1.90g

Fits all Orloff snake chain bracelets.

ORLOFF OF DENMARK."
"ORCB177","","Ice Cream Cart Charm","Travel & Lifestyle","Fixed","","1200","","","200.94","","Travel & Lifestyle;Line A;925 Silver","Simple","1","","","","","","","","Zhuhai Rinntin Jewelry","","","Do Not Print Kitchen Docket","10","2","","1200","","Cart lettered ICE CREAM under a green and orange enamel umbrella.

Material: 925 Sterling Silver

Finish: Oxidized Silver

Stone: Green & Orange Enamel

Size: 12.5mm

Weight: 2.70g

Fits all Orloff snake chain bracelets.

ORLOFF OF DENMARK."
"ORCB179","","Panda Charm","Animals","Fixed","","1200","","","215.56","","Animals;Line A;925 Silver","Simple","1","","","","","","","","Zhuhai Rinntin Jewelry","","","Do Not Print Kitchen Docket","10","2","","1200","","Seated panda holding green enamel bamboo.

Material: 925 Sterling Silver

Finish: Oxidized Silver

Stone: Milky Green Enamel

Size: 13mm

Weight: 2.60g

Fits all Orloff snake chain bracelets.

ORLOFF OF DENMARK."
"ORCB18","","Folk Costume Couple Charm","Travel & Lifestyle","Fixed","","1200","","","173.40","","Travel & Lifestyle;Line A;925 Silver","Simple","1","","","","","","","","Zhuhai Rinntin Jewelry","","","Do Not Print Kitchen Docket","9","2","","1200","","Couple in traditional dress, black and red hats, red and yellow skirt.

Material: 925 Sterling Silver

Finish: Oxidized Silver

Stone: Black+ Red +Yellow Enamel

Size: 10.5mm

Weight: 2.52g

Fits all Orloff snake chain bracelets.

ORLOFF OF DENMARK."
"ORCB180","","Crowned Shield Charm","Sparkle & Classic","Fixed","","1200","","","171.02","","Sparkle & Classic;Line A;925 Silver","Simple","1","","","","","","","","Zhuhai Rinntin Jewelry","","","Do Not Print Kitchen Docket","15","2","","1200","","Pave S inside a diamond shield under a small crown. TRADEMARK RISK: this closely resembles the Superman emblem, which DC Comics protects. Named neutrally on purpose. Take advice before listing.

Material: 925 Sterling Silver

Finish: Oxidized Silver

Stone: White CZ

Size: 12mm

Weight: 1.70g

Fits all Orloff snake chain bracelets.

ORLOFF OF DENMARK."
"ORCB182","","Puzzle Cube Charm","Travel & Lifestyle","Fixed","","1200","","","193.46","","Travel & Lifestyle;Line A;925 Silver","Simple","1","","","","","","","","Zhuhai Rinntin Jewelry","","","Do Not Print Kitchen Docket","16","2","","1200","","Cube faced with green, white and orange enamel squares. TRADEMARK RISK: closely resembles the Rubik's Cube, which is protected. Named neutrally on purpose. Take advice before listing.

Material: 925 Sterling Silver

Finish: Oxidized Silver

Stone: Blue & Yellow Enamel

Size: 11mm

Weight: 2.70g

Fits all Orloff snake chain bracelets.

ORLOFF OF DENMARK."
"ORCB183-A","","Letter A Charm","Personal — Letters","Fixed","","900","","","150.96","","Personal — Letters;Line A;925 Silver","Simple","1","","","","","","","","Zhuhai Rinntin Jewelry","","","Do Not Print Kitchen Docket","10","2","","900","","The letter A in 925 sterling silver with an oxidized finish. Wear a single initial, or spell out a name.

Material: 925 Sterling Silver

Finish: Oxidized Silver

Size: 10.5mm

Weight: 1.80g

Fits all Orloff snake chain bracelets.

ORLOFF OF DENMARK."
"ORCB183-B","","Letter B Charm","Personal — Letters","Fixed","","900","","","150.96","","Personal — Letters;Line A;925 Silver","Simple","1","","","","","","","","Zhuhai Rinntin Jewelry","","","Do Not Print Kitchen Docket","10","2","","900","","The letter B in 925 sterling silver with an oxidized finish. Wear a single initial, or spell out a name.

Material: 925 Sterling Silver

Finish: Oxidized Silver

Weight: 1.70g

Fits all Orloff snake chain bracelets.

ORLOFF OF DENMARK."
"ORCB183-C","","Letter C Charm","Personal — Letters","Fixed","","900","","","143.48","","Personal — Letters;Line A;925 Silver","Simple","1","","","","","","","","Zhuhai Rinntin Jewelry","","","Do Not Print Kitchen Docket","10","2","","900","","The letter C in 925 sterling silver with an oxidized finish. Wear a single initial, or spell out a name.

Material: 925 Sterling Silver

Finish: Oxidized Silver

Weight: 1.50g

Fits all Orloff snake chain bracelets.

ORLOFF OF DENMARK."
"ORCB183-D","","Letter D Charm","Personal — Letters","Fixed","","1200","","","158.78","","Personal — Letters;Line A;925 Silver","Simple","1","","","","","","","","Zhuhai Rinntin Jewelry","","","Do Not Print Kitchen Docket","10","2","","1200","","The letter D in 925 sterling silver with an oxidized finish. Wear a single initial, or spell out a name.

Material: 925 Sterling Silver

Finish: Oxidized Silver

Weight: 1.80g

Fits all Orloff snake chain bracelets.

ORLOFF OF DENMARK."
"ORCB183-E","","Letter E Charm","Personal — Letters","Fixed","","900","","","150.96","","Personal — Letters;Line A;925 Silver","Simple","1","","","","","","","","Zhuhai Rinntin Jewelry","","","Do Not Print Kitchen Docket","10","2","","900","","The letter E in 925 sterling silver with an oxidized finish. Wear a single initial, or spell out a name.

Material: 925 Sterling Silver

Finish: Oxidized Silver

Weight: 1.70g

Fits all Orloff snake chain bracelets.

ORLOFF OF DENMARK."
"ORCB183-F","","Letter F Charm","Personal — Letters","Fixed","","900","","","150.96","","Personal — Letters;Line A;925 Silver","Simple","1","","","","","","","","Zhuhai Rinntin Jewelry","","","Do Not Print Kitchen Docket","10","2","","900","","The letter F in 925 sterling silver with an oxidized finish. Wear a single initial, or spell out a name.

Material: 925 Sterling Silver

Finish: Oxidized Silver

Weight: 1.70g

Fits all Orloff snake chain bracelets.

ORLOFF OF DENMARK."
"ORCB183-G","","Letter G Charm","Personal — Letters","Fixed","","900","","","143.48","","Personal — Letters;Line A;925 Silver","Simple","1","","","","","","","","Zhuhai Rinntin Jewelry","","","Do Not Print Kitchen Docket","10","2","","900","","The letter G in 925 sterling silver with an oxidized finish. Wear a single initial, or spell out a name.

Material: 925 Sterling Silver

Finish: Oxidized Silver

Weight: 1.60g

Fits all Orloff snake chain bracelets.

ORLOFF OF DENMARK."
"ORCB183-H","","Letter H Charm","Personal — Letters","Fixed","","1200","","","158.78","","Personal — Letters;Line A;925 Silver","Simple","1","","","","","","","","Zhuhai Rinntin Jewelry","","","Do Not Print Kitchen Docket","10","2","","1200","","The letter H in 925 sterling silver with an oxidized finish. Wear a single initial, or spell out a name.

Material: 925 Sterling Silver

Finish: Oxidized Silver

Weight: 1.90g

Fits all Orloff snake chain bracelets.

ORLOFF OF DENMARK."
"ORCB183-I","","Letter I Charm","Personal — Letters","Fixed","","900","","","136.00","","Personal — Letters;Line A;925 Silver","Simple","1","","","","","","","","Zhuhai Rinntin Jewelry","","","Do Not Print Kitchen Docket","10","2","","900","","The letter I in 925 sterling silver with an oxidized finish. Wear a single initial, or spell out a name.

Material: 925 Sterling Silver

Finish: Oxidized Silver

Weight: 1.30g

Fits all Orloff snake chain bracelets.

ORLOFF OF DENMARK."
"ORCB183-J","","Letter J Charm","Personal — Letters","Fixed","","1200","","","158.78","","Personal — Letters;Line A;925 Silver","Simple","1","","","","","","","","Zhuhai Rinntin Jewelry","","","Do Not Print Kitchen Docket","10","2","","1200","","The letter J in 925 sterling silver with an oxidized finish. Wear a single initial, or spell out a name.

Material: 925 Sterling Silver

Finish: Oxidized Silver

Weight: 1.90g

Fits all Orloff snake chain bracelets.

ORLOFF OF DENMARK."
"ORCB183-K","","Letter K Charm","Personal — Letters","Fixed","","1200","","","166.26","","Personal — Letters;Line A;925 Silver","Simple","1","","","","","","","","Zhuhai Rinntin Jewelry","","","Do Not Print Kitchen Docket","10","2","","1200","","The letter K in 925 sterling silver with an oxidized finish. Wear a single initial, or spell out a name.

Material: 925 Sterling Silver

Finish: Oxidized Silver

Weight: 2.10g

Fits all Orloff snake chain bracelets.

ORLOFF OF DENMARK."
"ORCB183-L","","Letter L Charm","Personal — Letters","Fixed","","900","","","136.00","","Personal — Letters;Line A;925 Silver","Simple","1","","","","","","","","Zhuhai Rinntin Jewelry","","","Do Not Print Kitchen Docket","10","2","","900","","The letter L in 925 sterling silver with an oxidized finish. Wear a single initial, or spell out a name.

Material: 925 Sterling Silver

Finish: Oxidized Silver

Weight: 1.40g

Fits all Orloff snake chain bracelets.

ORLOFF OF DENMARK."
"ORCB183-M","","Letter M Charm","Personal — Letters","Fixed","","900","","","150.96","","Personal — Letters;Line A;925 Silver","Simple","1","","","","","","","","Zhuhai Rinntin Jewelry","","","Do Not Print Kitchen Docket","10","2","","900","","The letter M in 925 sterling silver with an oxidized finish. Wear a single initial, or spell out a name.

Material: 925 Sterling Silver

Finish: Oxidized Silver

Weight: 1.80g

Fits all Orloff snake chain bracelets.

ORLOFF OF DENMARK."
"ORCB183-N","","Letter N Charm","Personal — Letters","Fixed","","900","","","150.96","","Personal — Letters;Line A;925 Silver","Simple","1","","","","","","","","Zhuhai Rinntin Jewelry","","","Do Not Print Kitchen Docket","10","2","","900","","The letter N in 925 sterling silver with an oxidized finish. Wear a single initial, or spell out a name.

Material: 925 Sterling Silver

Finish: Oxidized Silver

Weight: 1.70g

Fits all Orloff snake chain bracelets.

ORLOFF OF DENMARK."
"ORCB183-O","","Letter O Charm","Personal — Letters","Fixed","","900","","","136.00","","Personal — Letters;Line A;925 Silver","Simple","1","","","","","","","","Zhuhai Rinntin Jewelry","","","Do Not Print Kitchen Docket","10","2","","900","","The letter O in 925 sterling silver with an oxidized finish. Wear a single initial, or spell out a name.

Material: 925 Sterling Silver

Finish: Oxidized Silver

Weight: 1.50g

Fits all Orloff snake chain bracelets.

ORLOFF OF DENMARK."
"ORCB183-P","","Letter P Charm","Personal — Letters","Fixed","","900","","","150.96","","Personal — Letters;Line A;925 Silver","Simple","1","","","","","","","","Zhuhai Rinntin Jewelry","","","Do Not Print Kitchen Docket","10","2","","900","","The letter P in 925 sterling silver with an oxidized finish. Wear a single initial, or spell out a name.

Material: 925 Sterling Silver

Finish: Oxidized Silver

Weight: 1.70g

Fits all Orloff snake chain bracelets.

ORLOFF OF DENMARK."
"ORCB183-Q","","Letter Q Charm","Personal — Letters","Fixed","","900","","","150.96","","Personal — Letters;Line A;925 Silver","Simple","1","","","","","","","","Zhuhai Rinntin Jewelry","","","Do Not Print Kitchen Docket","10","2","","900","","The letter Q in 925 sterling silver with an oxidized finish. Wear a single initial, or spell out a name.

Material: 925 Sterling Silver

Finish: Oxidized Silver

Weight: 1.80g

Fits all Orloff snake chain bracelets.

ORLOFF OF DENMARK."
"ORCB183-R","","Letter R Charm","Personal — Letters","Fixed","","900","","","150.96","","Personal — Letters;Line A;925 Silver","Simple","1","","","","","","","","Zhuhai Rinntin Jewelry","","","Do Not Print Kitchen Docket","9","2","","900","","The letter R in 925 sterling silver with an oxidized finish. Wear a single initial, or spell out a name.

Material: 925 Sterling Silver

Finish: Oxidized Silver

Weight: 1.80g

Fits all Orloff snake chain bracelets.

ORLOFF OF DENMARK."
"ORCB183-S","","Letter S Charm","Personal — Letters","Fixed","","900","","","136.00","","Personal — Letters;Line A;925 Silver","Simple","1","","","","","","","","Zhuhai Rinntin Jewelry","","","Do Not Print Kitchen Docket","10","2","","900","","The letter S in 925 sterling silver with an oxidized finish. Wear a single initial, or spell out a name.

Material: 925 Sterling Silver

Finish: Oxidized Silver

Weight: 1.50g

Fits all Orloff snake chain bracelets.

ORLOFF OF DENMARK."
"ORCB183-T","","Letter T Charm","Personal — Letters","Fixed","","900","","","143.48","","Personal — Letters;Line A;925 Silver","Simple","1","","","","","","","","Zhuhai Rinntin Jewelry","","","Do Not Print Kitchen Docket","10","2","","900","","The letter T in 925 sterling silver with an oxidized finish. Wear a single initial, or spell out a name.

Material: 925 Sterling Silver

Finish: Oxidized Silver

Weight: 1.60g

Fits all Orloff snake chain bracelets.

ORLOFF OF DENMARK."
"ORCB183-U","","Letter U Charm","Personal — Letters","Fixed","","900","","","150.96","","Personal — Letters;Line A;925 Silver","Simple","1","","","","","","","","Zhuhai Rinntin Jewelry","","","Do Not Print Kitchen Docket","10","2","","900","","The letter U in 925 sterling silver with an oxidized finish. Wear a single initial, or spell out a name.

Material: 925 Sterling Silver

Finish: Oxidized Silver

Weight: 1.80g

Fits all Orloff snake chain bracelets.

ORLOFF OF DENMARK."
"ORCB183-V","","Letter V Charm","Personal — Letters","Fixed","","900","","","143.48","","Personal — Letters;Line A;925 Silver","Simple","1","","","","","","","","Zhuhai Rinntin Jewelry","","","Do Not Print Kitchen Docket","10","2","","900","","The letter V in 925 sterling silver with an oxidized finish. Wear a single initial, or spell out a name.

Material: 925 Sterling Silver

Finish: Oxidized Silver

Weight: 1.60g

Fits all Orloff snake chain bracelets.

ORLOFF OF DENMARK."
"ORCB183-W","","Letter W Charm","Personal — Letters","Fixed","","900","","","143.48","","Personal — Letters;Line A;925 Silver","Simple","1","","","","","","","","Zhuhai Rinntin Jewelry","","","Do Not Print Kitchen Docket","10","2","","900","","The letter W in 925 sterling silver with an oxidized finish. Wear a single initial, or spell out a name.

Material: 925 Sterling Silver

Finish: Oxidized Silver

Weight: 1.50g

Fits all Orloff snake chain bracelets.

ORLOFF OF DENMARK."
"ORCB183-X","","Letter X Charm","Personal — Letters","Fixed","","900","","","143.48","","Personal — Letters;Line A;925 Silver","Simple","1","","","","","","","","Zhuhai Rinntin Jewelry","","","Do Not Print Kitchen Docket","10","2","","900","","The letter X in 925 sterling silver with an oxidized finish. Wear a single initial, or spell out a name.

Material: 925 Sterling Silver

Finish: Oxidized Silver

Weight: 1.90g

Fits all Orloff snake chain bracelets.

ORLOFF OF DENMARK."
"ORCB183-Y","","Letter Y Charm","Personal — Letters","Fixed","","900","","","121.04","","Personal — Letters;Line A;925 Silver","Simple","1","","","","","","","","Zhuhai Rinntin Jewelry","","","Do Not Print Kitchen Docket","10","2","","900","","The letter Y in 925 sterling silver with an oxidized finish. Wear a single initial, or spell out a name.

Material: 925 Sterling Silver

Finish: Oxidized Silver

Weight: 1.10g

Fits all Orloff snake chain bracelets.

ORLOFF OF DENMARK."
"ORCB183-Z","","Letter Z Charm","Personal — Letters","Fixed","","1200","","","173.74","","Personal — Letters;Line A;925 Silver","Simple","1","","","","","","","","Zhuhai Rinntin Jewelry","","","Do Not Print Kitchen Docket","10","2","","1200","","The letter Z in 925 sterling silver with an oxidized finish. Wear a single initial, or spell out a name.

Material: 925 Sterling Silver

Finish: Oxidized Silver

Weight: 2.20g

Fits all Orloff snake chain bracelets.

ORLOFF OF DENMARK."
"ORCB199","","Tree of Life Charm, Pink and Purple","Nature","Fixed","","1600","","","225.08","","Nature;Line A;925 Silver","Simple","1","","","","","","","","Zhuhai Rinntin Jewelry","","","Do Not Print Kitchen Docket","21","2","","1600","","Tree under a canopy of pink and purple stones.

Material: 925 Sterling Silver

Finish: Oxidized Silver

Stone: Stone: Multi-Colors

Size: 11mm

Weight: 2.3g

Fits all Orloff snake chain bracelets.

ORLOFF OF DENMARK."
"ORCB20","","Easter Basket Charm","Milestones & Sentiment","Fixed","","900","","","111.52","","Milestones & Sentiment;Line A;925 Silver","Simple","1","","","","","","","","Zhuhai Rinntin Jewelry","","","Do Not Print Kitchen Docket","10","2","","900","","Basket of purple enamel eggs under a silver bow, clear stones.

Material: 925 Sterling Silver

Finish: Oxidized Silver

Stone: Purple Enamel

Size: 21.5mm

Weight: 1.64g

Fits all Orloff snake chain bracelets.

ORLOFF OF DENMARK."
"ORCB200","","Tree of Life Heart Charm","Nature","Fixed","","1200","","","156.40","","Nature;Line A;925 Silver","Simple","1","","","","","","","","Zhuhai Rinntin Jewelry","","","Do Not Print Kitchen Docket","20","2","","1200","","Openwork heart filled with a scrolled tree.

Material: 925 Sterling Silver

Finish: Oxidized Silver

Stone: Stone: None

Size: 10mm

Weight: 1.5g

Fits all Orloff snake chain bracelets.

ORLOFF OF DENMARK."
"ORCB201","","Tree of Life Charm, Pave Halo","Nature","Fixed","","1600","","","225.08","","Nature;Line A;925 Silver","Simple","1","","","","","","","","Zhuhai Rinntin Jewelry","","","Do Not Print Kitchen Docket","21","2","","1600","","Leafed tree inside a ring of clear stones.

Material: 925 Sterling Silver

Finish: Oxidized Silver

Stone: Stone: White

Size: 12mm

Weight: 1.9g

Fits all Orloff snake chain bracelets.

ORLOFF OF DENMARK."
"ORCB202","","Tree of Life Charm, Engraved","Nature","Fixed","","1200","","","181.56","","Nature;Line A;925 Silver","Simple","1","","","","","","","","Zhuhai Rinntin Jewelry","","","Do Not Print Kitchen Docket","19","2","","1200","","Scrolled openwork tree with lettering engraved around the rim.

Material: 925 Sterling Silver

Finish: Oxidized Silver

Stone: Stone: None

Size: 11mm

Weight: 2.0g

Fits all Orloff snake chain bracelets.

ORLOFF OF DENMARK."
"ORCB203","","Tree of Life Charm, Celtic Knot","Nature","Fixed","","900","","","147.90","","Nature;Line A;925 Silver","Simple","1","","","","","","","","Zhuhai Rinntin Jewelry","","","Do Not Print Kitchen Docket","19","2","","900","","Tree worked into interlaced Celtic knotwork.

Material: 925 Sterling Silver

Finish: Oxidized Silver

Stone: Stone: None

Size: 11.5mm

Weight: 1.5g

Fits all Orloff snake chain bracelets.

ORLOFF OF DENMARK."
"ORCB204","","Tree of Life Heart Charm, Stone Set","Nature","Fixed","","1200","","","183.60","","Nature;Line A;925 Silver","Simple","1","","","","","","","","Zhuhai Rinntin Jewelry","","","Do Not Print Kitchen Docket","19","2","","1200","","Heart bead with a tree whose leaves are set with clear stones.

Material: 925 Sterling Silver

Finish: Oxidized Silver

Stone: Stone: White

Size: 11mm

Weight: 2.3g

Fits all Orloff snake chain bracelets.

ORLOFF OF DENMARK."
"ORCB205","","Tree of Life Charm, Scrolled","Nature","Fixed","","1600","","","228.82","","Nature;Line A;925 Silver","Simple","1","","","","","","","","Zhuhai Rinntin Jewelry","","","Do Not Print Kitchen Docket","21","2","","1600","","Densely scrolled tree filling a round bead.

Material: 925 Sterling Silver

Finish: Oxidized Silver

Stone: Stone: None

Size: 10.5mm

Weight: 2.7g

Fits all Orloff snake chain bracelets.

ORLOFF OF DENMARK."
"ORCB206","","Tree of Life Charm, Oxidized","Nature","Fixed","","1200","","","178.16","","Nature;Line A;925 Silver","Simple","1","","","","","","","","Zhuhai Rinntin Jewelry","","","Do Not Print Kitchen Docket","20","2","","1200","","Tree in relief on a darkened textured ground.

Material: 925 Sterling Silver

Finish: Oxidized Silver

Stone: Stone: None

Size: 10.5mm

Weight: 2.0g

Fits all Orloff snake chain bracelets.

ORLOFF OF DENMARK."
"ORCB208","","Tree of Life Heart Charm, Red","Nature","Fixed","","1600","","","221.68","","Nature;Line A;925 Silver","Simple","1","","","","","","","","Zhuhai Rinntin Jewelry","","","Do Not Print Kitchen Docket","21","2","","1600","","Red enamel heart behind a beaded tree with pink heart leaves.

Material: 925 Sterling Silver

Finish: Oxidized Silver

Stone: Enamel

Size: 23mm

Weight: 2.0g

Fits all Orloff snake chain bracelets.

ORLOFF OF DENMARK."
"ORCB209","","Tree of Life Heart Charm, Turquoise","Nature","Fixed","","1200","","","219.30","","Nature;Line A;925 Silver","Simple","1","","","","","","","","Zhuhai Rinntin Jewelry","","","Do Not Print Kitchen Docket","21","2","","1200","","Turquoise enamel heart behind a silver tree with heart shaped leaves.

Material: 925 Sterling Silver

Finish: Rhodium Plated

Stone: Enamel

Size: 23.5mm

Weight: 1.8g

Fits all Orloff snake chain bracelets.

ORLOFF OF DENMARK."
"ORCB21","","Palm Tree Charm","Nature","Fixed","","900","","","97.58","","Nature;Line A;925 Silver","Simple","1","","","","","","","","Zhuhai Rinntin Jewelry","","","Do Not Print Kitchen Docket","10","2","","900","","Palm tree dangle set with green stones.

Material: 925 Sterling Silver

Finish: Oxidized Silver

Stone: Green CZ

Size: 22mm

Weight: 1.03g

Fits all Orloff snake chain bracelets.

ORLOFF OF DENMARK."
"ORCB210","","Tree of Life Dangle, Scrolled","Nature","Fixed","","1200","","","196.18","","Nature;Line A;925 Silver","Simple","1","","","","","","","","Zhuhai Rinntin Jewelry","","","Do Not Print Kitchen Docket","20","2","","1200","","Scrolled tree dangle tipped with clear stones.

Material: 925 Sterling Silver

Finish: Rhodium Plated

Stone: Stone: none

Size: 24mm

Weight: 1.8g

Fits all Orloff snake chain bracelets.

ORLOFF OF DENMARK."
"ORCB211","","Tree of Life Heart Dangle, Pink","Nature","Fixed","","1600","","","225.08","","Nature;Line A;925 Silver","Simple","1","","","","","","","","Zhuhai Rinntin Jewelry","","","Do Not Print Kitchen Docket","21","2","","1600","","Openwork leafed heart layered over a pink enamel heart.

Material: 925 Sterling Silver

Finish: Rhodium Plated

Stone: Enamel

Size: 21mm

Weight: 2.0g

Fits all Orloff snake chain bracelets.

ORLOFF OF DENMARK."
"ORCB212","","Tree of Life Dangle, Blue Stones","Nature","Fixed","","900","","","146.20","","Nature;Line A;925 Silver","Simple","1","","","","","","","","Zhuhai Rinntin Jewelry","","","Do Not Print Kitchen Docket","20","2","","900","","Simple branching tree with round blue stones for fruit.

Material: 925 Sterling Silver

Finish: Rhodium Plated

Stone: Stone: Blue

Size: 22mm

Weight: 1.3g

Fits all Orloff snake chain bracelets.

ORLOFF OF DENMARK."
"ORCB213","","Tree of Life Dangle, Beaded Ring","Nature","Fixed","","1200","","","220.66","","Nature;Line A;925 Silver","Simple","1","","","","","","","","Zhuhai Rinntin Jewelry","","","Do Not Print Kitchen Docket","21","2","","1200","","Tree with stone set leaves inside a beaded circle.

Material: 925 Sterling Silver

Finish: Rhodium Plated

Stone: Stone: White

Size: 24mm

Weight: 2.0g

Fits all Orloff snake chain bracelets.

ORLOFF OF DENMARK."
"ORCB214","","Flamingo Charm","Animals","Fixed","","1200","","","156.40","","Animals;Line A;925 Silver","Simple","1","","","","","","","","Zhuhai Rinntin Jewelry","","","Do Not Print Kitchen Docket","19","2","","1200","","Openwork round bead with a flamingo silhouette.

Material: 925 Sterling Silver

Finish: Oxidized Silver

Stone: Stone: None

Size: 11mm

Weight: 1.6g

Fits all Orloff snake chain bracelets.

ORLOFF OF DENMARK."
"ORCB215","","Flamingo Charm, Magenta","Animals","Fixed","","1200","","","207.06","","Animals;Line A;925 Silver","Simple","1","","","","","","","","Zhuhai Rinntin Jewelry","","","Do Not Print Kitchen Docket","20","2","","1200","","Deep pink flamingo dangle with a pave wing.

Material: 925 Sterling Silver

Finish: Rhodium Plated

Stone: Enamel

Size: 28mm

Weight: 2.1g

Fits all Orloff snake chain bracelets.

ORLOFF OF DENMARK."
"ORCB216","","Flamingo Charm, Pale Pink","Animals","Fixed","","1600","","","224.74","","Animals;Line A;925 Silver","Simple","1","","","","","","","","Zhuhai Rinntin Jewelry","","","Do Not Print Kitchen Docket","20","2","","1600","","Pale pink flamingo dangle with a pave wing and pink stone bail.

Material: 925 Sterling Silver

Finish: Rhodium Plated

Stone: Enamel

Size: 26mm

Weight: 2.3g

Fits all Orloff snake chain bracelets.

ORLOFF OF DENMARK."
"ORCB217","","Camel Charm","Animals","Fixed","","1600","","","242.42","","Animals;Line A;925 Silver","Simple","1","","","","","","","","Zhuhai Rinntin Jewelry","","","Do Not Print Kitchen Docket","21","2","","1600","","Standing camel under a blanket set with green and orange stones.

Material: 925 Sterling Silver

Finish: Rhodium Plated

Stone: Enamel

Size: 24mm

Weight: 2.7g

Fits all Orloff snake chain bracelets.

ORLOFF OF DENMARK."
"ORCB218","","Dinosaur Charm","Animals","Fixed","","1600","","","222.70","","Animals;Line A;925 Silver","Simple","1","","","","","","","","Zhuhai Rinntin Jewelry","","","Do Not Print Kitchen Docket","12","2","","1600","","Green enamel dinosaur dangle with silver spines.

Material: 925 Sterling Silver

Finish: Rhodium Plated

Stone: Enamel

Size: 24mm

Weight: 2.5g

Fits all Orloff snake chain bracelets.

ORLOFF OF DENMARK."
"ORCB219","","Rubber Duck Charm","Animals","Fixed","","1200","","","209.10","","Animals;Line A;925 Silver","Simple","1","","","","","","","","Zhuhai Rinntin Jewelry","","","Do Not Print Kitchen Docket","20","2","","1200","","Yellow enamel duck sitting in a ring float.

Material: 925 Sterling Silver

Finish: Rhodium Plated

Stone: Enamel

Size: 19mm

Weight: 2.2g

Fits all Orloff snake chain bracelets.

ORLOFF OF DENMARK."
"ORCB22","","Daisy Heart Charm","Milestones & Sentiment","Fixed","","1200","","","156.06","","Milestones & Sentiment;Line A;925 Silver","Simple","1","","","","","","","","Zhuhai Rinntin Jewelry","","","Do Not Print Kitchen Docket","10","2","","1200","","Heart bead with a red and yellow enamel daisy set inside.

Material: 925 Sterling Silver

Finish: Oxidized Silver

Stone: Pink+Yellow Enamel

Size: 10mm

Weight: 2.23g

Fits all Orloff snake chain bracelets.

ORLOFF OF DENMARK."
"ORCB220","","Giraffe Charm, Brown Spots","Animals","Fixed","","1600","","","251.94","","Animals;Line A;925 Silver","Simple","1","","","","","","","","Zhuhai Rinntin Jewelry","","","Do Not Print Kitchen Docket","20","2","","1600","","Giraffe with brown enamel markings and a pave mane.

Material: 925 Sterling Silver

Finish: Rhodium Plated

Stone: Enamel

Size: 25mm

Weight: 2.0g

Fits all Orloff snake chain bracelets.

ORLOFF OF DENMARK."
"ORCB221","","Carousel Horse Charm","Animals","Fixed","","1200","","","215.90","","Animals;Line A;925 Silver","Simple","1","","","","","","","","Zhuhai Rinntin Jewelry","","","Do Not Print Kitchen Docket","19","2","","1200","","Black enamel horse with a red and yellow saddle.

Material: 925 Sterling Silver

Finish: Oxidized Silver

Stone: Stone: None

Size: 19mm

Weight: 2.0g

Fits all Orloff snake chain bracelets.

ORLOFF OF DENMARK."
"ORCB23","","Daisy Heart Dangle","Milestones & Sentiment","Fixed","","900","","","119.68","","Milestones & Sentiment;Line A;925 Silver","Simple","1","","","","","","","","Zhuhai Rinntin Jewelry","","","Do Not Print Kitchen Docket","10","2","","900","","Open heart outlined in clear stones with a yellow enamel daisy.

Material: 925 Sterling Silver

Finish: Oxidized Silver

Stone: White CZ +Red &Yellow Enamel

Size: 17.5mm

Weight: 1.29g

Fits all Orloff snake chain bracelets.

ORLOFF OF DENMARK."
"ORCB25","","Christmas Sleigh Charm","Milestones & Sentiment","Fixed","","900","","","138.38","","Milestones & Sentiment;Line A;925 Silver","Simple","1","","","","","","","","Zhuhai Rinntin Jewelry","","","Do Not Print Kitchen Docket","10","2","","900","","Sleigh carrying red and yellow enamel gifts, clear stones.

Material: 925 Sterling Silver

Finish: Oxidized Silver

Stone: White CZ +Red &Yellow Enamel

Size: 12mm

Weight: 2.01g

Fits all Orloff snake chain bracelets.

ORLOFF OF DENMARK."
"ORCB26","","Coffee Cup Charm","Travel & Lifestyle","Fixed","","900","","","133.62","","Travel & Lifestyle;Line A;925 Silver","Simple","1","","","","","","","","Zhuhai Rinntin Jewelry","","","Do Not Print Kitchen Docket","10","2","","900","","Cup lettered I love COFFEE with a red enamel heart and brown interior.

Material: 925 Sterling Silver

Finish: Oxidized Silver

Stone: Red +Brown Enamel

Size: 10.5mm

Weight: 1.79g

Fits all Orloff snake chain bracelets.

ORLOFF OF DENMARK."
"ORCB27","","Cupcake Charm","Milestones & Sentiment","Fixed","","1200","","","169.66","","Milestones & Sentiment;Line A;925 Silver","Simple","1","","","","","","","","Zhuhai Rinntin Jewelry","","","Do Not Print Kitchen Docket","10","2","","1200","","Yellow enamel frosting with pink stones and a green candle.

Material: 925 Sterling Silver

Finish: Oxidized Silver

Stone: Pink CZ +Green &Yellow Enamel

Size: 12.5mm

Weight: 2.64g

Fits all Orloff snake chain bracelets.

ORLOFF OF DENMARK."
"ORCB28","","Champagne Toast Charm","Travel & Lifestyle","Fixed","","900","","","93.84","","Travel & Lifestyle;Line A;925 Silver","Simple","1","","","","","","","","Zhuhai Rinntin Jewelry","","","Do Not Print Kitchen Docket","10","2","","900","","Two clinking glasses in purple enamel with clear stones and a lemon slice.

Material: 925 Sterling Silver

Finish: Oxidized Silver

Stone: White CZ+Purple &Yellow Enamel

Size: 13mm

Weight: 1.11g

Fits all Orloff snake chain bracelets.

ORLOFF OF DENMARK."
"ORCB29","","Engagement Ring Charm","Milestones & Sentiment","Fixed","","900","","","122.06","","Milestones & Sentiment;Line A;925 Silver","Simple","1","","","","","","","","Zhuhai Rinntin Jewelry","","","Do Not Print Kitchen Docket","10","2","","900","","Solitaire ring and band pair, pave shoulders.

Material: 925 Sterling Silver

Finish: Oxidized Silver

Stone: White CZ

Size: 12mm

Weight: 1.42g

Fits all Orloff snake chain bracelets.

ORLOFF OF DENMARK."
"ORCB30","","Baby Pram Charm","Milestones & Sentiment","Fixed","","1600","","","227.46","","Milestones & Sentiment;Line A;925 Silver","Simple","1","","","","","","","","Zhuhai Rinntin Jewelry","","","Do Not Print Kitchen Docket","10","2","","1600","","Pram with a rose gold enamel bow and clear stone wheels.

Material: 925 Sterling Silver

Finish: Rhodium &Rosegold

Stone: White CZ

Size: 15mm

Weight: 3.41g

Fits all Orloff snake chain bracelets.

ORLOFF OF DENMARK."
"ORCB32-Agr","","Aquarius Zodiac Charm","Personal — Zodiac","Fixed","","900","","","151.98","","Personal — Zodiac;Line A;925 Silver","Simple","1","","","","","","","","Zhuhai Rinntin Jewelry","","","Do Not Print Kitchen Docket","13","2","","900","","The Aquarius sign in 925 sterling silver, oxidized and set with blue enamel. One of twelve in the zodiac series.

Material: 925 Sterling Silver

Finish: Oxidized Silver

Stone: Blue Enamel

Size: 11mm

Weight: 2.54g

Fits all Orloff snake chain bracelets.

ORLOFF OF DENMARK."
"ORCB32-Ari","","Aries Zodiac Charm","Personal — Zodiac","Fixed","","900","","","144.84","","Personal — Zodiac;Line A;925 Silver","Simple","1","","","","","","","","Zhuhai Rinntin Jewelry","","","Do Not Print Kitchen Docket","15","2","","900","","The Aries sign in 925 sterling silver, oxidized and set with blue enamel. One of twelve in the zodiac series.

Material: 925 Sterling Silver

Finish: Oxidized Silver

Stone: Blue Enamel

Size: 11mm

Weight: 2.54g

Fits all Orloff snake chain bracelets.

ORLOFF OF DENMARK."
"ORCB32-Cap","","Capricorn Zodiac Charm","Personal — Zodiac","Fixed","","900","","","150.28","","Personal — Zodiac;Line A;925 Silver","Simple","1","","","","","","","","Zhuhai Rinntin Jewelry","","","Do Not Print Kitchen Docket","13","2","","900","","The Capricorn sign in 925 sterling silver, oxidized and set with blue enamel. One of twelve in the zodiac series.

Material: 925 Sterling Silver

Finish: Oxidized Silver

Stone: Blue Enamel

Size: 11mm

Weight: 2.54g

Fits all Orloff snake chain bracelets.

ORLOFF OF DENMARK."
"ORCB32-Cnc","","Cancer Zodiac Charm","Personal — Zodiac","Fixed","","900","","","144.84","","Personal — Zodiac;Line A;925 Silver","Simple","1","","","","","","","","Zhuhai Rinntin Jewelry","","","Do Not Print Kitchen Docket","16","2","","900","","The Cancer sign in 925 sterling silver, oxidized and set with blue enamel. One of twelve in the zodiac series.

Material: 925 Sterling Silver

Finish: Oxidized Silver

Stone: Blue Enamel

Size: 11mm

Weight: 2.54g

Fits all Orloff snake chain bracelets.

ORLOFF OF DENMARK."
"ORCB32-Gem","","Gemini Zodiac Charm","Personal — Zodiac","Fixed","","900","","","146.54","","Personal — Zodiac;Line A;925 Silver","Simple","1","","","","","","","","Zhuhai Rinntin Jewelry","","","Do Not Print Kitchen Docket","16","2","","900","","The Gemini sign in 925 sterling silver, oxidized and set with blue enamel. One of twelve in the zodiac series.

Material: 925 Sterling Silver

Finish: Oxidized Silver

Stone: Blue Enamel

Size: 11mm

Weight: 2.54g

Fits all Orloff snake chain bracelets.

ORLOFF OF DENMARK."
"ORCB32-Leo","","Leo Zodiac Charm","Personal — Zodiac","Fixed","","900","","","146.54","","Personal — Zodiac;Line A;925 Silver","Simple","1","","","","","","","","Zhuhai Rinntin Jewelry","","","Do Not Print Kitchen Docket","16","2","","900","","The Leo sign in 925 sterling silver, oxidized and set with blue enamel. One of twelve in the zodiac series.

Material: 925 Sterling Silver

Finish: Oxidized Silver

Stone: Blue Enamel

Size: 11mm

Weight: 2.54g

Fits all Orloff snake chain bracelets.

ORLOFF OF DENMARK."
"ORCB32-Lib","","Libra Zodiac Charm","Personal — Zodiac","Fixed","","900","","","147.90","","Personal — Zodiac;Line A;925 Silver","Simple","1","","","","","","","","Zhuhai Rinntin Jewelry","","","Do Not Print Kitchen Docket","15","2","","900","","The Libra sign in 925 sterling silver, oxidized and set with blue enamel. One of twelve in the zodiac series.

Material: 925 Sterling Silver

Finish: Oxidized Silver

Stone: Blue Enamel

Size: 11mm

Weight: 2.54g

Fits all Orloff snake chain bracelets.

ORLOFF OF DENMARK."
"ORCB32-Psc","","Pisces Zodiac Charm","Personal — Zodiac","Fixed","","900","","","141.78","","Personal — Zodiac;Line A;925 Silver","Simple","1","","","","","","","","Zhuhai Rinntin Jewelry","","","Do Not Print Kitchen Docket","15","2","","900","","The Pisces sign in 925 sterling silver, oxidized and set with blue enamel. One of twelve in the zodiac series.

Material: 925 Sterling Silver

Finish: Oxidized Silver

Stone: Blue Enamel

Size: 11mm

Weight: 2.54g

Fits all Orloff snake chain bracelets.

ORLOFF OF DENMARK."
"ORCB32-Sco","","Scorpio Zodiac Charm","Personal — Zodiac","Fixed","","900","","","146.54","","Personal — Zodiac;Line A;925 Silver","Simple","1","","","","","","","","Zhuhai Rinntin Jewelry","","","Do Not Print Kitchen Docket","11","2","","900","","The Scorpio sign in 925 sterling silver, oxidized and set with blue enamel. One of twelve in the zodiac series.

Material: 925 Sterling Silver

Finish: Oxidized Silver

Stone: Blue Enamel

Size: 11mm

Weight: 2.54g

Fits all Orloff snake chain bracelets.

ORLOFF OF DENMARK."
"ORCB32-Sgr","","Sagittarius Zodiac Charm","Personal — Zodiac","Fixed","","900","","","146.54","","Personal — Zodiac;Line A;925 Silver","Simple","1","","","","","","","","Zhuhai Rinntin Jewelry","","","Do Not Print Kitchen Docket","16","2","","900","","The Sagittarius sign in 925 sterling silver, oxidized and set with blue enamel. One of twelve in the zodiac series.

Material: 925 Sterling Silver

Finish: Oxidized Silver

Stone: Blue Enamel

Size: 11mm

Weight: 2.54g

Fits all Orloff snake chain bracelets.

ORLOFF OF DENMARK."
"ORCB32-Tau","","Taurus Zodiac Charm","Personal — Zodiac","Fixed","","900","","","150.28","","Personal — Zodiac;Line A;925 Silver","Simple","1","","","","","","","","Zhuhai Rinntin Jewelry","","","Do Not Print Kitchen Docket","16","2","","900","","The Taurus sign in 925 sterling silver, oxidized and set with blue enamel. One of twelve in the zodiac series.

Material: 925 Sterling Silver

Finish: Oxidized Silver

Stone: Blue Enamel

Size: 11mm

Weight: 2.54g

Fits all Orloff snake chain bracelets.

ORLOFF OF DENMARK."
"ORCB32-Vir","","Virgo Zodiac Charm","Personal — Zodiac","Fixed","","900","","","146.54","","Personal — Zodiac;Line A;925 Silver","Simple","1","","","","","","","","Zhuhai Rinntin Jewelry","","","Do Not Print Kitchen Docket","16","2","","900","","The Virgo sign in 925 sterling silver, oxidized and set with blue enamel. One of twelve in the zodiac series.

Material: 925 Sterling Silver

Finish: Oxidized Silver

Stone: Blue Enamel

Size: 11mm

Weight: 2.54g

Fits all Orloff snake chain bracelets.

ORLOFF OF DENMARK."
"ORCB33-BL","","September Birthstone Charm, Sapphire","Personal — Birthstone","Fixed","","900","","","119.00","","Personal — Birthstone;Line A;925 Silver","Simple","1","","","","","","","","Zhuhai Rinntin Jewelry","","","Do Not Print Kitchen Docket","20","2","","900","","A 3mm sapphire set in oxidized 925 sterling silver. September's birthstone, one of twelve in the series.

Material: 925 Sterling Silver

Finish: Oxidized Silver

Stone: 3mm Sapphire

Size: 11mm

Weight: 1.56g

Fits all Orloff snake chain bracelets.

ORLOFF OF DENMARK."
"ORCB33-F","","October Birthstone Charm, Tourmaline","Personal — Birthstone","Fixed","","900","","","119.00","","Personal — Birthstone;Line A;925 Silver","Simple","1","","","","","","","","Zhuhai Rinntin Jewelry","","","Do Not Print Kitchen Docket","20","2","","900","","A 3mm tourmaline set in oxidized 925 sterling silver. October's birthstone, one of twelve in the series.

Material: 925 Sterling Silver

Finish: Oxidized Silver

Stone: 3mm Tourmaline

Size: 11mm

Weight: 1.56g

Fits all Orloff snake chain bracelets.

ORLOFF OF DENMARK."
"ORCB33-G","","August Birthstone Charm, Peridot","Personal — Birthstone","Fixed","","900","","","119.00","","Personal — Birthstone;Line A;925 Silver","Simple","1","","","","","","","","Zhuhai Rinntin Jewelry","","","Do Not Print Kitchen Docket","20","2","","900","","A 3mm peridot set in oxidized 925 sterling silver. August's birthstone, one of twelve in the series.

Material: 925 Sterling Silver

Finish: Oxidized Silver

Stone: 3mm Peridot

Size: 11mm

Weight: 1.56g

Fits all Orloff snake chain bracelets.

ORLOFF OF DENMARK."
"ORCB33-L","","December Birthstone Charm, Turquoise","Personal — Birthstone","Fixed","","900","","","119.00","","Personal — Birthstone;Line A;925 Silver","Simple","1","","","","","","","","Zhuhai Rinntin Jewelry","","","Do Not Print Kitchen Docket","20","2","","900","","A 3mm turquoise set in oxidized 925 sterling silver. December's birthstone, one of twelve in the series.

Material: 925 Sterling Silver

Finish: Oxidized Silver

Stone: 3mm Turquoise

Size: 11mm

Weight: 1.56g

Fits all Orloff snake chain bracelets.

ORLOFF OF DENMARK."
"ORCB33-LV","","May Birthstone Charm, Emerald","Personal — Birthstone","Fixed","","900","","","119.00","","Personal — Birthstone;Line A;925 Silver","Simple","1","","","","","","","","Zhuhai Rinntin Jewelry","","","Do Not Print Kitchen Docket","20","2","","900","","A 3mm emerald set in oxidized 925 sterling silver. May's birthstone, one of twelve in the series.

Material: 925 Sterling Silver

Finish: Oxidized Silver

Stone: 3mm Emerald

Size: 11mm

Weight: 1.56g

Fits all Orloff snake chain bracelets.

ORLOFF OF DENMARK."
"ORCB33-M","","July Birthstone Charm, Ruby","Personal — Birthstone","Fixed","","900","","","119.00","","Personal — Birthstone;Line A;925 Silver","Simple","1","","","","","","","","Zhuhai Rinntin Jewelry","","","Do Not Print Kitchen Docket","19","2","","900","","A 3mm ruby set in oxidized 925 sterling silver. July's birthstone, one of twelve in the series.

Material: 925 Sterling Silver

Finish: Oxidized Silver

Stone: 3mm Ruby

Size: 11mm

Weight: 1.56g

Fits all Orloff snake chain bracelets.

ORLOFF OF DENMARK."
"ORCB33-P","","February Birthstone Charm, Amethyst","Personal — Birthstone","Fixed","","900","","","119.00","","Personal — Birthstone;Line A;925 Silver","Simple","1","","","","","","","","Zhuhai Rinntin Jewelry","","","Do Not Print Kitchen Docket","20","2","","900","","A 3mm amethyst set in oxidized 925 sterling silver. February's birthstone, one of twelve in the series.

Material: 925 Sterling Silver

Finish: Oxidized Silver

Stone: 3mm Amethyst

Size: 11mm

Weight: 1.56g

Fits all Orloff snake chain bracelets.

ORLOFF OF DENMARK."
"ORCB33-PL","","June Birthstone Charm, Alexandrite","Personal — Birthstone","Fixed","","900","","","119.00","","Personal — Birthstone;Line A;925 Silver","Simple","1","","","","","","","","Zhuhai Rinntin Jewelry","","","Do Not Print Kitchen Docket","20","2","","900","","A 3mm alexandrite set in oxidized 925 sterling silver. June's birthstone, one of twelve in the series.

Material: 925 Sterling Silver

Finish: Oxidized Silver

Stone: 3mm Alexandrite

Size: 11mm

Weight: 1.56g

Fits all Orloff snake chain bracelets.

ORLOFF OF DENMARK."
"ORCB33-Q","","March Birthstone Charm, Aquamarine","Personal — Birthstone","Fixed","","900","","","119.00","","Personal — Birthstone;Line A;925 Silver","Simple","1","","","","","","","","Zhuhai Rinntin Jewelry","","","Do Not Print Kitchen Docket","20","2","","900","","A 3mm aquamarine set in oxidized 925 sterling silver. March's birthstone, one of twelve in the series.

Material: 925 Sterling Silver

Finish: Oxidized Silver

Stone: 3mm Aquamarine

Size: 11mm

Weight: 1.56g

Fits all Orloff snake chain bracelets.

ORLOFF OF DENMARK."
"ORCB33-R","","January Birthstone Charm, Garnet","Personal — Birthstone","Fixed","","900","","","119.00","","Personal — Birthstone;Line A;925 Silver","Simple","1","","","","","","","","Zhuhai Rinntin Jewelry","","","Do Not Print Kitchen Docket","20","2","","900","","A 3mm garnet set in oxidized 925 sterling silver. January's birthstone, one of twelve in the series.

Material: 925 Sterling Silver

Finish: Oxidized Silver

Stone: 3mm Garnet

Size: 11mm

Weight: 1.56g

Fits all Orloff snake chain bracelets.

ORLOFF OF DENMARK."
"ORCB33-W","","April Birthstone Charm, White","Personal — Birthstone","Fixed","","900","","","119.00","","Personal — Birthstone;Line A;925 Silver","Simple","1","","","","","","","","Zhuhai Rinntin Jewelry","","","Do Not Print Kitchen Docket","20","2","","900","","A 3mm white stone set in oxidized 925 sterling silver. April's birthstone, one of twelve in the series.

Material: 925 Sterling Silver

Finish: Oxidized Silver

Stone: 3mm White

Size: 11mm

Weight: 1.56g

Fits all Orloff snake chain bracelets.

ORLOFF OF DENMARK."
"ORCB33-X","","November Birthstone Charm, Yellow Topaz","Personal — Birthstone","Fixed","","900","","","119.00","","Personal — Birthstone;Line A;925 Silver","Simple","1","","","","","","","","Zhuhai Rinntin Jewelry","","","Do Not Print Kitchen Docket","20","2","","900","","A 3mm yellow topaz set in oxidized 925 sterling silver. November's birthstone, one of twelve in the series.

Material: 925 Sterling Silver

Finish: Oxidized Silver

Stone: 3mm Yellow Topaz

Size: 11mm

Weight: 1.56g

Fits all Orloff snake chain bracelets.

ORLOFF OF DENMARK."
"ORCB34","","Openwork Hearts Charm, Pink","Milestones & Sentiment","Fixed","","1200","","","171.02","","Milestones & Sentiment;Line A;925 Silver","Simple","1","","","","","","","","Zhuhai Rinntin Jewelry","","","Do Not Print Kitchen Docket","10","2","","1200","","Cut-out hearts between bands of pink and white stones.

Material: 925 Sterling Silver

Finish: Oxidized Silver, Highly

Stone: Stone: Pink & White

Size: 11mm

Weight: 2.1g

Fits all Orloff snake chain bracelets.

ORLOFF OF DENMARK."
"ORCB35","","Four Leaf Clover Charm","Nature","Fixed","","1200","","","156.06","","Nature;Line A;925 Silver","Simple","1","","","","","","","","Zhuhai Rinntin Jewelry","","","Do Not Print Kitchen Docket","10","2","","1200","","Clover set with clear stones throughout.

Material: 925 Sterling Silver

Finish: Oxidized Silver, Highly

Stone: Stone: White

Size: 11mm

Weight: 2.0g

Fits all Orloff snake chain bracelets.

ORLOFF OF DENMARK."
"ORCB36","","Crystal Cluster Charm, Blue","Sparkle & Classic","Fixed","","1600","","","245.48","","Sparkle & Classic;Line A;925 Silver","Simple","1","","","","","","","","Zhuhai Rinntin Jewelry","","","Do Not Print Kitchen Docket","10","2","","1600","","Mixed blue and clear crystals set close over the whole bead.

Material: 925 Sterling Silver

Finish: Oxidized Silver, Highly

Stone: Stone: Multicolor

Size: 12mm

Weight: 3.8g

Fits all Orloff snake chain bracelets.

ORLOFF OF DENMARK."
"ORCB37","","Heart Charm, Light Blue Enamel","Milestones & Sentiment","Fixed","","900","","","133.96","","Milestones & Sentiment;Line A;925 Silver","Simple","1","","","","","","","","Zhuhai Rinntin Jewelry","","","Do Not Print Kitchen Docket","10","2","","900","","Polished heart on a ground of light blue and white enamel spots.

Material: 925 Sterling Silver

Finish: Oxidized Silver, Highly

Stone: Stone:NA / Enamel:Light Blue&White

Size: 11mm

Weight: 1.2g

Fits all Orloff snake chain bracelets.

ORLOFF OF DENMARK."
"ORCB38","","Butterfly Charm, Light Blue","Animals","Fixed","","1200","","","167.28","","Animals;Line A;925 Silver","Simple","1","","","","","","","","Zhuhai Rinntin Jewelry","","","Do Not Print Kitchen Docket","10","2","","1200","","Light blue enamel butterfly on an oxidized openwork bead.

Material: 925 Sterling Silver

Finish: Oxidized Silver, Highly

Stone: Stone:NA / Enamel:Light Blue

Size: 10mm

Weight: 2.3g

Fits all Orloff snake chain bracelets.

ORLOFF OF DENMARK."
"ORCB39","","Primrose Charm, Light Blue","Nature","Fixed","","1200","","","182.24","","Nature;Line A;925 Silver","Simple","1","","","","","","","","Zhuhai Rinntin Jewelry","","","Do Not Print Kitchen Docket","10","2","","1200","","Light blue and white enamel flowers with clear stone centres.

Material: 925 Sterling Silver

Finish: Oxidized Silver, Highly

Stone: CZ+Enamel

Size: 10mm

Weight: 2.3g

Fits all Orloff snake chain bracelets.

ORLOFF OF DENMARK."
"ORCB40","","Red Rose Charm","Nature","Fixed","","900","","","145.18","","Nature;Line A;925 Silver","Simple","1","","","","","","","","Zhuhai Rinntin Jewelry","","","Do Not Print Kitchen Docket","10","2","","900","","Red enamel rose dangle on a scrolled heart bail.

Material: 925 Sterling Silver

Finish: Oxidized Silver, Highly

Stone: Stone:NA / Enamel:Red

Size: 26mm

Weight: 1.8g

Fits all Orloff snake chain bracelets.

ORLOFF OF DENMARK."
"ORCB41","","Love Padlock Charm, Blue","Milestones & Sentiment","Fixed","","1200","","","189.72","","Milestones & Sentiment;Line A;925 Silver","Simple","1","","","","","","","","Zhuhai Rinntin Jewelry","","","Do Not Print Kitchen Docket","9","2","","1200","","Heart padlock in blue enamel lettered Love.

Material: 925 Sterling Silver

Finish: Oxidized Silver, Highly

Stone: Stone:NA / Enamel: Blue

Size: 24mm

Weight: 2.4g

Fits all Orloff snake chain bracelets.

ORLOFF OF DENMARK."
"ORCB42","","Butterfly Charm, Pink","Animals","Fixed","","900","","","141.44","","Animals;Line A;925 Silver","Simple","1","","","","","","","","Zhuhai Rinntin Jewelry","","","Do Not Print Kitchen Docket","10","2","","900","","Pink enamel butterfly dangle, wings folded.

Material: 925 Sterling Silver

Finish: Oxidized Silver, Highly

Stone: Stone:NA / Enamel:Pink

Size: 30mm

Weight: 1.6g

Fits all Orloff snake chain bracelets.

ORLOFF OF DENMARK."
"ORCB43","","Cherry Blossom Charm, Pink","Nature","Fixed","","900","","","137.70","","Nature;Line A;925 Silver","Simple","1","","","","","","","","Zhuhai Rinntin Jewelry","","","Do Not Print Kitchen Docket","10","2","","900","","Five pink enamel petals around a single clear stone.

Material: 925 Sterling Silver

Finish: Oxidized Silver, Highly

Stone: CZ+Enamel

Size: 20mm

Weight: 1.7g

Fits all Orloff snake chain bracelets.

ORLOFF OF DENMARK."
"ORCB44","","Pave Heart Charm, Pink","Milestones & Sentiment","Fixed","","1200","","","167.28","","Milestones & Sentiment;Line A;925 Silver","Simple","1","","","","","","","","Zhuhai Rinntin Jewelry","","","Do Not Print Kitchen Docket","10","2","","1200","","Heart dangle set throughout with pink stones.

Material: 925 Sterling Silver

Finish: Oxidized Silver, Highly

Stone: Stone:Pink

Size: 20mm

Weight: 1.7g

Fits all Orloff snake chain bracelets.

ORLOFF OF DENMARK."
"ORCB45","","Daisy Charm, Pink","Nature","Fixed","","1200","","","163.54","","Nature;Line A;925 Silver","Simple","1","","","","","","","","Zhuhai Rinntin Jewelry","","","Do Not Print Kitchen Docket","10","2","","1200","","Pink enamel petals around a pave centre.

Material: 925 Sterling Silver

Finish: Oxidized Silver, Highly

Stone: CZ+Enamel

Size: 26mm

Weight: 2.1g

Fits all Orloff snake chain bracelets.

ORLOFF OF DENMARK."
"ORCB46","","Sunglasses Charm","Travel & Lifestyle","Fixed","","1200","","","174.76","","Travel & Lifestyle;Line A;925 Silver","Simple","1","","","","","","","","Zhuhai Rinntin Jewelry","","","Do Not Print Kitchen Docket","10","2","","1200","","Black enamel sunglasses dangle.

Material: 925 Sterling Silver

Finish: Oxidized Silver, Highly

Stone: Stone:NA / Enamel:Black

Size: 27mm

Weight: 2.1g

Fits all Orloff snake chain bracelets.

ORLOFF OF DENMARK."
"ORCB47","","Teddy Bear Charm","Animals","Fixed","","900","","","152.32","","Animals;Line A;925 Silver","Simple","1","","","","","","","","Zhuhai Rinntin Jewelry","","","Do Not Print Kitchen Docket","10","2","","900","","Seated bear in brown enamel with black enamel paws.

Material: 925 Sterling Silver

Finish: Oxidized Silver, Highly

Stone: Stone:NA / Enamel:Brown

Size: 25mm

Weight: 2.2g

Fits all Orloff snake chain bracelets.

ORLOFF OF DENMARK."
"ORCB48","","Baby Shoe Charm, Blue","Milestones & Sentiment","Fixed","","1600","","","245.48","","Milestones & Sentiment;Line A;925 Silver","Simple","1","","","","","","","","Zhuhai Rinntin Jewelry","","","Do Not Print Kitchen Docket","10","2","","1600","","Light blue enamel shoe with white flowers and blue stones.

Material: 925 Sterling Silver

Finish: Oxidized Silver, Highly

Stone: CZ+Enamel

Size: 27mm

Weight: 3.7g

Fits all Orloff snake chain bracelets.

ORLOFF OF DENMARK."
"ORCB49","","Linked Hearts Charm","Milestones & Sentiment","Fixed","","1200","","","215.56","","Milestones & Sentiment;Line A;925 Silver","Simple","1","","","","","","","","Zhuhai Rinntin Jewelry","","","Do Not Print Kitchen Docket","10","2","","1200","","Two open hearts interlinked, clear stones on the bail.

Material: 925 Sterling Silver

Finish: Oxidized Silver, Highly

Stone: Stone:White

Size: 22mm

Weight: 3.1g

Fits all Orloff snake chain bracelets.

ORLOFF OF DENMARK."
"ORCB50","","Dragonfly Crystal Charm","Nature","Fixed","","1200","","","211.82","","Nature;Line A;925 Silver","Simple","1","","","","","","","","Zhuhai Rinntin Jewelry","","","Do Not Print Kitchen Docket","10","2","","1200","","Openwork bead with white enamel wing shapes and blue and orange stones. Could read as flowers.

Material: 925 Sterling Silver

Finish: Oxidized Silver, Highly

Stone: Stone:Blue & Orange

Size: 11mm

Weight: 2.6g

Fits all Orloff snake chain bracelets.

ORLOFF OF DENMARK."
"ORCB51","","Royal Carriage Charm","Travel & Lifestyle","Fixed","","1600","","","267.92","","Travel & Lifestyle;Line A;925 Silver","Simple","1","","","","","","","","Zhuhai Rinntin Jewelry","","","Do Not Print Kitchen Docket","10","2","","1600","","Open carriage with spoked wheels, a seated figure and gold flowers.

Material: 925 Sterling Silver

Finish: Oxidized Silver, Highly

Size: 12mm

Weight: 4.1g

Fits all Orloff snake chain bracelets.

ORLOFF OF DENMARK."
"ORCB52","","Blossom and Butterfly Charm","Nature","Fixed","","900","","","141.44","","Nature;Line A;925 Silver","Simple","1","","","","","","","","Zhuhai Rinntin Jewelry","","","Do Not Print Kitchen Docket","10","2","","900","","Pink and white enamel flowers with a pave butterfly dangle.

Material: 925 Sterling Silver

Finish: Oxidized Silver, Highly

Stone: CZ+Enamel

Size: 22mm

Weight: 1.2g

Fits all Orloff snake chain bracelets.

ORLOFF OF DENMARK."
"ORCB53","","Angel Pearl Charm","Milestones & Sentiment","Fixed","","1200","","","185.98","","Milestones & Sentiment;Line A;925 Silver","Simple","1","","","","","","","","Zhuhai Rinntin Jewelry","","","Do Not Print Kitchen Docket","10","2","","1200","","White shell pearl with pave wings.

Material: 925 Sterling Silver

Finish: Oxidized Silver, Highly

Stone: Stone:White

Size: 24mm

Weight: 2.2g

Fits all Orloff snake chain bracelets.

ORLOFF OF DENMARK."
"ORCB54","","Devil Pearl Charm","Milestones & Sentiment","Fixed","","1200","","","200.94","","Milestones & Sentiment;Line A;925 Silver","Simple","1","","","","","","","","Zhuhai Rinntin Jewelry","","","Do Not Print Kitchen Docket","10","2","","1200","","Grey shell pearl with pave wings, horns and a tail.

Material: 925 Sterling Silver

Finish: Oxidized Silver, Highly

Stone: Stone:Black

Size: 23mm

Weight: 2.6g

Fits all Orloff snake chain bracelets.

ORLOFF OF DENMARK."
"ORCB55","","Dreamcatcher Charm","Travel & Lifestyle","Fixed","","1200","","","181.90","","Travel & Lifestyle;Line A;925 Silver","Simple","1","","","","","","","","Zhuhai Rinntin Jewelry","","","Do Not Print Kitchen Docket","10","2","","1200","","Openwork hoop with a magenta stone, feathers and coloured drops.

Material: 925 Sterling Silver

Finish: Rhodium Plated

Stone: Stone: Muti-color

Size: 30mm

Weight: 1.83g

Fits all Orloff snake chain bracelets.

ORLOFF OF DENMARK."
"ORCB56","","Crown Charm","Sparkle & Classic","Fixed","","1200","","","179.52","","Sparkle & Classic;Line A;925 Silver","Simple","1","","","","","","","","Zhuhai Rinntin Jewelry","","","Do Not Print Kitchen Docket","10","2","","1200","","Crown set with pink and purple stones.

Material: 925 Sterling Silver

Finish: Rhodium Plated

Stone: Stone: Muti-color

Size: 12mm

Weight: 2.2g

Fits all Orloff snake chain bracelets.

ORLOFF OF DENMARK."
"ORCB58","","Scissors and Comb Charm","Travel & Lifestyle","Fixed","","900","","","136.34","","Travel & Lifestyle;Line A;925 Silver","Simple","1","","","","","","","","Zhuhai Rinntin Jewelry","","","Do Not Print Kitchen Docket","9","2","","900","","Hairdresser's scissors and comb dangle in polished silver.

Material: 925 Sterling Silver

Finish: Rhodium Plated

Size: 25mm

Weight: 1.3g

Fits all Orloff snake chain bracelets.

ORLOFF OF DENMARK."
"ORCB59","","Takeaway Coffee Charm","Travel & Lifestyle","Fixed","","900","","","145.18","","Travel & Lifestyle;Line A;925 Silver","Simple","1","","","","","","","","Zhuhai Rinntin Jewelry","","","Do Not Print Kitchen Docket","10","2","","900","","Lidded cup in brown enamel lettered COFFEE with rising steam.

Material: 925 Sterling Silver

Finish: Rhodium Plated

Size: 11mm

Weight: 2.07g

Fits all Orloff snake chain bracelets.

ORLOFF OF DENMARK."
"ORCB60","","Owl Charm, Turquoise","Animals","Fixed","","1200","","","186.66","","Animals;Line A;925 Silver","Simple","1","","","","","","","","Zhuhai Rinntin Jewelry","","","Do Not Print Kitchen Docket","10","2","","1200","","Turquoise enamel owl with pave brow and blue stone eyes.

Material: 925 Sterling Silver

Finish: Rhodium Plated

Stone: +Enamel

Size: 11mm

Weight: 3.1g

Fits all Orloff snake chain bracelets.

ORLOFF OF DENMARK."
"ORCB61","","Origami Crane Charm","Travel & Lifestyle","Fixed","","900","","","147.22","","Travel & Lifestyle;Line A;925 Silver","Simple","1","","","","","","","","Zhuhai Rinntin Jewelry","","","Do Not Print Kitchen Docket","10","2","","900","","Folded paper crane in polished silver.

Material: 925 Sterling Silver

Finish: Rhodium Plated

Size: 18mm

Weight: 1.8g

Fits all Orloff snake chain bracelets.

ORLOFF OF DENMARK."
"ORCB62","","Family Tree Charm","Milestones & Sentiment","Fixed","","1200","","","191.08","","Milestones & Sentiment;Line A;925 Silver","Simple","1","","","","","","","","Zhuhai Rinntin Jewelry","","","Do Not Print Kitchen Docket","10","2","","1200","","Tree of life in a beaded hoop with rose gold hearts and a Family tag.

Material: 925 Sterling Silver

Finish: Rhodium Plated

Stone: Stone: White

Size: 25mm

Weight: 2.3g

Fits all Orloff snake chain bracelets.

ORLOFF OF DENMARK."
"ORCB63","","Puzzle Heart Charm","Milestones & Sentiment","Fixed","","1200","","","162.18","","Milestones & Sentiment;Line A;925 Silver","Simple","1","","","","","","","","Zhuhai Rinntin Jewelry","","","Do Not Print Kitchen Docket","10","2","","1200","","Heart worked as a jigsaw with a gold puzzle piece lettered YOU.

Material: 925 Sterling Silver

Finish: Rhodium Plated

Size: 10mm

Weight: 2.17g

Fits all Orloff snake chain bracelets.

ORLOFF OF DENMARK."
"ORCB64","","Sunglasses and Stiletto Charm","Travel & Lifestyle","Fixed","","1200","","","185.64","","Travel & Lifestyle;Line A;925 Silver","Simple","1","","","","","","","","Zhuhai Rinntin Jewelry","","","Do Not Print Kitchen Docket","10","2","","1200","","Black enamel sunglasses beside a red enamel high heel.

Material: 925 Sterling Silver

Finish: Rhodium Plated

Size: 12mm

Weight: 2.57g

Fits all Orloff snake chain bracelets.

ORLOFF OF DENMARK."
"ORCB65","","Flamingo Charm, Pink","Animals","Fixed","","1200","","","191.76","","Animals;Line A;925 Silver","Simple","1","","","","","","","","Zhuhai Rinntin Jewelry","","","Do Not Print Kitchen Docket","10","2","","1200","","Standing flamingo in graded pink enamel with pave detail.

Material: 925 Sterling Silver

Finish: Rhodium Plated

Stone: +Enamel

Size: 30mm

Weight: 1.95g

Fits all Orloff snake chain bracelets.

ORLOFF OF DENMARK."
"ORCB66","","Violin Charm","Travel & Lifestyle","Fixed","","900","","","119.00","","Travel & Lifestyle;Line A;925 Silver","Simple","1","","","","","","","","Zhuhai Rinntin Jewelry","","","Do Not Print Kitchen Docket","8","2","","900","","Violin in brown enamel with silver strings and pegs.

Material: 925 Sterling Silver

Finish: Rhodium Plated

Size: 20mm

Weight: 0.9g

Fits all Orloff snake chain bracelets.

ORLOFF OF DENMARK."
"ORCB67","","Feather Charm","Nature","Fixed","","900","","","131.92","","Nature;Line A;925 Silver","Simple","1","","","","","","","","Zhuhai Rinntin Jewelry","","","Do Not Print Kitchen Docket","10","2","","900","","Tapering feather with a beaded bow at the quill.

Material: 925 Sterling Silver

Finish: Rhodium Plated

Stone: Stone: White

Size: 20mm

Weight: 0.98g

Fits all Orloff snake chain bracelets.

ORLOFF OF DENMARK."
"ORCB70","","Witch Hat Charm","Milestones & Sentiment","Fixed","","1200","","","181.90","","Milestones & Sentiment;Line A;925 Silver","Simple","1","","","","","","","","Zhuhai Rinntin Jewelry","","","Do Not Print Kitchen Docket","10","2","","1200","","Pointed hat in black enamel with applied silver stars.

Material: 925 Sterling Silver

Finish: Rhodium Plated

Size: 12mm

Weight: 2.57g

Fits all Orloff snake chain bracelets.

ORLOFF OF DENMARK."
"ORCB71","","Key Charm, Red Enamel","Milestones & Sentiment","Fixed","","900","","","140.42","","Milestones & Sentiment;Line A;925 Silver","Simple","1","","","","","","","","Zhuhai Rinntin Jewelry","","","Do Not Print Kitchen Docket","10","2","","900","","Red enamel key over a rounded fob. Reads as a new home piece.

Material: 925 Sterling Silver

Finish: Rhodium Plated

Size: 20mm

Weight: 1.55g

Fits all Orloff snake chain bracelets.

ORLOFF OF DENMARK."
"ORCB73","","Lucky Cat Charm","Animals","Fixed","","1200","","","156.06","","Animals;Line A;925 Silver","Simple","1","","","","","","","","Zhuhai Rinntin Jewelry","","","Do Not Print Kitchen Docket","10","2","","1200","","Beckoning cat with red enamel ears and a coloured heart flower collar.

Material: 925 Sterling Silver

Finish: Rhodium Plated

Size: 11mm

Weight: 2.28g

Fits all Orloff snake chain bracelets.

ORLOFF OF DENMARK."
"ORCB74","","Elephant Charm, Blue Enamel","Animals","Fixed","","1200","","","174.42","","Animals;Line A;925 Silver","Simple","1","","","","","","","","Zhuhai Rinntin Jewelry","","","Do Not Print Kitchen Docket","10","2","","1200","","Walking elephant dangle patched with blue enamel.

Material: 925 Sterling Silver

Finish: Rhodium Plated

Size: 14mm

Weight: 2.9g

Fits all Orloff snake chain bracelets.

ORLOFF OF DENMARK."
"ORCB76","","Treasure Chest Charm","Travel & Lifestyle","Fixed","","1600","","","249.56","","Travel & Lifestyle;Line A;925 Silver","Simple","1","","","","","","","","Zhuhai Rinntin Jewelry","","","Do Not Print Kitchen Docket","7","2","","1600","","Domed chest in blue glitter enamel with silver scrollwork.

Material: 925 Sterling Silver

Finish: Rhodium Plated

Size: 14mm

Weight: 3.9g

Fits all Orloff snake chain bracelets.

ORLOFF OF DENMARK."
"ORCB77","","Owl Charm, Gold Heart","Animals","Fixed","","1600","","","245.48","","Animals;Line A;925 Silver","Simple","1","","","","","","","","Zhuhai Rinntin Jewelry","","","Do Not Print Kitchen Docket","10","2","","1600","","Turquoise enamel owl with blue stone eyes and a gold heart.

Material: 925 Sterling Silver

Finish: Rhodium Plated

Stone: +Enamel

Size: 12mm

Weight: 4.56g

Fits all Orloff snake chain bracelets.

ORLOFF OF DENMARK."
"ORCB78","","Mother and Child Charm","Milestones & Sentiment","Fixed","","1200","","","197.20","","Milestones & Sentiment;Line A;925 Silver","Simple","1","","","","","","","","Zhuhai Rinntin Jewelry","","","Do Not Print Kitchen Docket","10","2","","1200","","Two rose gold figures forming a heart inside a pave ring.

Material: 925 Sterling Silver

Finish: Rhodium Plated

Stone: Stone: white

Size: 10mm

Weight: 2.07g

Fits all Orloff snake chain bracelets.

ORLOFF OF DENMARK."
"ORCB79","","Safety Chain","Spacers & Clips","Fixed","","1600","","","316.20","","Spacers & Clips;Line A;925 Silver","Simple","1","","","","","","","","Zhuhai Rinntin Jewelry","","","Do Not Print Kitchen Docket","10","2","","1600","","Two pave heart clips joined by a silver chain. Functional, not decorative.

Material: 925 Sterling Silver

Finish: Rhodium Plated

Stone: Stone: white

Size: 12mm

Weight: 5g

Fits all Orloff snake chain bracelets.

ORLOFF OF DENMARK."
"ORCB80","","Sea Turtle Charm","Animals","Fixed","","1200","","","165.58","","Animals;Line A;925 Silver","Simple","1","","","","","","","","Zhuhai Rinntin Jewelry","","","Do Not Print Kitchen Docket","10","2","","1200","","Silver turtle over a disc set with blue stones.

Material: 925 Sterling Silver

Finish: Rhodium Plated

Stone: Stone: Blue

Size: 21mm

Weight: 2g

Fits all Orloff snake chain bracelets.

ORLOFF OF DENMARK."
"ORCB81","","I Love You Heart Charm","Milestones & Sentiment","Fixed","","1200","","","156.06","","Milestones & Sentiment;Line A;925 Silver","Simple","1","","","","","","","","Zhuhai Rinntin Jewelry","","","Do Not Print Kitchen Docket","10","2","","1200","","Turquoise enamel heart lettered I Love you with white daisies.

Material: 925 Sterling Silver

Finish: Rhodium Plated

Stone: CZ+Enamel

Size: 9mm

Weight: 2.35g

Fits all Orloff snake chain bracelets.

ORLOFF OF DENMARK."
"ORCB82","","Rainbow Heart Charm","Milestones & Sentiment","Fixed","","1200","","","187.00","","Milestones & Sentiment;Line A;925 Silver","Simple","1","","","","","","","","Zhuhai Rinntin Jewelry","","","Do Not Print Kitchen Docket","10","2","","1200","","Openwork heart with arcs of blue, green, amber and red stones.

Material: 925 Sterling Silver

Finish: Rhodium Plated

Stone: Stone: Muti-color

Size: 9mm

Weight: 2.35g

Fits all Orloff snake chain bracelets.

ORLOFF OF DENMARK."
"ORCB83","","Corgi Charm","Animals","Fixed","","1200","","","177.14","","Animals;Line A;925 Silver","Simple","1","","","","","","","","Zhuhai Rinntin Jewelry","","","Do Not Print Kitchen Docket","10","2","","1200","","Dog's face in yellow and brown enamel with a pave blaze and bow tie.

Material: 925 Sterling Silver

Finish: Rhodium Plated

Stone: CZ+Enamel

Size: 12mm

Weight: 2.5g

Fits all Orloff snake chain bracelets.

ORLOFF OF DENMARK."
"ORCB84","","Dog Kennel Charm","Animals","Fixed","","1200","","","165.58","","Animals;Line A;925 Silver","Simple","1","","","","","","","","Zhuhai Rinntin Jewelry","","","Do Not Print Kitchen Docket","10","2","","1200","","Kennel with a sleeping dog and a pink heart stone.

Material: 925 Sterling Silver

Finish: Rhodium Plated

Stone: Stone: Purple

Size: 16mm

Weight: 2.5g

Fits all Orloff snake chain bracelets.

ORLOFF OF DENMARK."
"ORCB85","","Puppy Face Charm","Animals","Fixed","","1200","","","163.54","","Animals;Line A;925 Silver","Simple","1","","","","","","","","Zhuhai Rinntin Jewelry","","","Do Not Print Kitchen Docket","10","2","","1200","","Puppy's face in brown and white enamel with floppy ears.

Material: 925 Sterling Silver

Finish: Rhodium Plated

Size: 11mm

Weight: 2.5g

Fits all Orloff snake chain bracelets.

ORLOFF OF DENMARK."
"ORCB86","","Dachshund Charm","Animals","Fixed","","1200","","","193.46","","Animals;Line A;925 Silver","Simple","1","","","","","","","","Zhuhai Rinntin Jewelry","","","Do Not Print Kitchen Docket","10","2","","1200","","Spotted dachshund dangle with a gold collar and tail heart.

Material: 925 Sterling Silver

Finish: Rhodium Plated

Size: 21mm

Weight: 2.3g

Fits all Orloff snake chain bracelets.

ORLOFF OF DENMARK."
"ORCB88","","Faceted Glass Charm, Red","Sparkle & Classic","Fixed","","900","","","114.24","","Sparkle & Classic;Line A;925 Silver","Simple","1","","","","","","","","Zhuhai Rinntin Jewelry","","","Do Not Print Kitchen Docket","10","2","","900","","Faceted red glass bead with a silver core.

Material: 925 Sterling Silver

Finish: Rhodium Plated

Size: 12mm

Weight: 2g

Fits all Orloff snake chain bracelets.

ORLOFF OF DENMARK."
"ORCB89","","Snowman Charm","Milestones & Sentiment","Fixed","","1200","","","199.92","","Milestones & Sentiment;Line A;925 Silver","Simple","1","","","","","","","","Zhuhai Rinntin Jewelry","","","Do Not Print Kitchen Docket","10","2","","1200","","Snowman in a gold hat and scarf with a gold snowflake dangle.

Material: 925 Sterling Silver

Finish: Rhodium Plated

Stone: Stone: Blue+Red

Size: 22mm

Weight: 3g

Fits all Orloff snake chain bracelets.

ORLOFF OF DENMARK."
"ORGCB05-P-18","","Durian Charm","Travel & Lifestyle","Fixed","","1200","","","173.06","","Travel & Lifestyle;Line A;925 Silver","Simple","1","","","","","","","","Zhuhai Rinntin Jewelry","","","Do Not Print Kitchen Docket","30","2","","1200","","Gold fruit in a silver spiked husk.

Material: 925 Sterling Silver

Finish: Rhodium Plated, 18K Gold

Size: 12.5 x 8mm

Weight: 2g

Fits all Orloff snake chain bracelets.

ORLOFF OF DENMARK."
"ORGCB06-P","","Danish Flag Charm, Pave","Travel & Lifestyle","Fixed","","1600","","","241.06","","Travel & Lifestyle;Line A;925 Silver","Simple","1","","","","","","","","Zhuhai Rinntin Jewelry","","","Do Not Print Kitchen Docket","15","2","","1600","","Dannebrog, white cross over pink pave stones.

Material: 925 Sterling Silver

Finish: Rhodium Plated

Stone: Red stone

Size: 11 x 10mm

Weight: 2.1g

Fits all Orloff snake chain bracelets.

ORLOFF OF DENMARK."
"ORGCB07-18K","","Lotus Flower Charm, 18K Gold","Nature","Fixed","","1200","","","197.54","","Nature;Line A;925 Silver","Simple","1","","","","","","","","Zhuhai Rinntin Jewelry","","","Do Not Print Kitchen Docket","15","2","","1200","","Pink and white enamel petals in a clear stone halo.

Material: 925 Sterling Silver

Finish: 18K Gold Plated, Enamel

Size: 10.5 x 10.5 x 11.2mm

Weight: 1.9g

Fits all Orloff snake chain bracelets.

ORLOFF OF DENMARK."
"ORGCB07-P","","Lotus Flower Charm","Nature","Fixed","","1200","","","205.36","","Nature;Line A;925 Silver","Simple","1","","","","","","","","Zhuhai Rinntin Jewelry","","","Do Not Print Kitchen Docket","15","2","","1200","","Same design, rhodium finish.

Material: 925 Sterling Silver

Finish: Rhodium Plating, Enamel

Size: 10.5 x 10.5 x 11.2mm

Weight: 1.9g

Fits all Orloff snake chain bracelets.

ORLOFF OF DENMARK."
"ORGCB08-18K","","Tassel Charm, 18K Gold","Sparkle & Classic","Fixed","","1200","","","178.84","","Sparkle & Classic;Line A;925 Silver","Simple","1","","","","","","","","Zhuhai Rinntin Jewelry","","","Do Not Print Kitchen Docket","15","2","","1200","","Plain hanging tassel.

Material: 925 Sterling Silver

Finish: 18K Gold Plated

Size: 10.5 x 7.3 x 8.5mm

Weight: 2.50g

Fits all Orloff snake chain bracelets.

ORLOFF OF DENMARK."
"ORGCB08-P","","Tassel Charm","Sparkle & Classic","Fixed","","1200","","","186.66","","Sparkle & Classic;Line A;925 Silver","Simple","1","","","","","","","","Zhuhai Rinntin Jewelry","","","Do Not Print Kitchen Docket","15","2","","1200","","Same design, rhodium finish.

Material: 925 Sterling Silver

Finish: Rhodium Plated

Size: 10.5 x 7.3 x 8.5mm

Weight: 2.50g

Fits all Orloff snake chain bracelets.

ORLOFF OF DENMARK."
"ORGCB09-P","","Whale Tail Charm","Animals","Fixed","","900","","","135.66","","Animals;Line A;925 Silver","Simple","1","","","","","","","","Zhuhai Rinntin Jewelry","","","Do Not Print Kitchen Docket","30","2","","900","","Blue pave fluke. Could also read as a mermaid tail.

Material: 925 Sterling Silver

Finish: Rhodium Plated

Stone: Blue stone

Size: 11.4 x 11mm

Weight: 1.1g

Fits all Orloff snake chain bracelets.

ORLOFF OF DENMARK."
"ORGCB10-P","","Royal Guard Charm","Travel & Lifestyle","Fixed","","1200","","","165.92","","Travel & Lifestyle;Line A;925 Silver","Simple","1","","","","","","","","Zhuhai Rinntin Jewelry","","","Do Not Print Kitchen Docket","30","2","","1200","","Danish Livgarde, red tunic and gold bearskin.

Material: 925 Sterling Silver

Finish: Enamel

Size: 12 x 5mm

Weight: 1.2g

Fits all Orloff snake chain bracelets.

ORLOFF OF DENMARK."
"ORGCB175","","Top Hat Portrait Charm","Travel & Lifestyle","Fixed","","1200","","","191.08","","Travel & Lifestyle;Line A;925 Silver","Simple","1","","","","","","","","Zhuhai Rinntin Jewelry","","","Do Not Print Kitchen Docket","26","2","","1200","","Profile of a figure in a top hat, stars around the band. Given the Danish set (Little Mermaid, Dannebrog, Royal Guard) this most likely depicts Hans Christian Andersen.

Material: 925 Sterling Silver

Finish: Rhodium Plated

Size: 11mm

Weight: 2.5g

Fits all Orloff snake chain bracelets.

ORLOFF OF DENMARK."
"ORGCB181","","Aubergine Charm","Nature","Fixed","","1200","","","190.40","","Nature;Line A;925 Silver","Simple","1","","","","","","","","Zhuhai Rinntin Jewelry","","","Do Not Print Kitchen Docket","27","2","","1200","","Purple enamel aubergine with green enamel leaves.

Material: 925 Sterling Silver

Finish: Gold Plating, Purple, Green

Stone: enamel

Size: 17 x 12mm

Weight: 2g

Fits all Orloff snake chain bracelets.

ORLOFF OF DENMARK."
"ORGCB182-1","","Aristotle Quote Charm, Discipline","Milestones & Sentiment","Fixed","","1600","","","283.22","","Milestones & Sentiment;Line A;925 Silver","Simple","1","","","","","","","","Zhuhai Rinntin Jewelry","","","Do Not Print Kitchen Docket","12","2","","1600","","A hanging tag engraved with ""Through discipline comes freedom."", attributed to Aristotle. Rhodium plated with a sand effect finish.

Material: 925 Sterling Silver

Finish: Rhodium Plated, Sand Effect

Size: 12 x 17 x 2.5mm

Weight: 3.1g

Fits all Orloff snake chain bracelets.

ORLOFF OF DENMARK."
"ORGCB182-2","","Aristotle Quote Charm, Happiness","Milestones & Sentiment","Fixed","","1600","","","283.22","","Milestones & Sentiment;Line A;925 Silver","Simple","1","","","","","","","","Zhuhai Rinntin Jewelry","","","Do Not Print Kitchen Docket","12","2","","1600","","A hanging tag engraved with ""Happiness depends upon ourselves."", attributed to Aristotle. Rhodium plated with a sand effect finish.

Material: 925 Sterling Silver

Finish: Rhodium Plated, Sand Effect

Size: 12 x 17 x 2.5mm

Weight: 3.1g

Fits all Orloff snake chain bracelets.

ORLOFF OF DENMARK."
"ORGCB182-3","","Aristotle Quote Charm, Friendship","Milestones & Sentiment","Fixed","","1600","","","283.22","","Milestones & Sentiment;Line A;925 Silver","Simple","1","","","","","","","","Zhuhai Rinntin Jewelry","","","Do Not Print Kitchen Docket","12","2","","1600","","A hanging tag engraved with ""A friend is a second self."", attributed to Aristotle. Rhodium plated with a sand effect finish.

Material: 925 Sterling Silver

Finish: Rhodium Plated, Sand Effect

Size: 12 x 17 x 2.5mm

Weight: 3.1g

Fits all Orloff snake chain bracelets.

ORLOFF OF DENMARK."
"ORGCB182-5","","Aristotle Quote Charm, Knowledge","Milestones & Sentiment","Fixed","","1600","","","283.22","","Milestones & Sentiment;Line A;925 Silver","Simple","1","","","","","","","","Zhuhai Rinntin Jewelry","","","Do Not Print Kitchen Docket","11","2","","1600","","A hanging tag engraved with ""The more you know, the more you know you don't know."", attributed to Aristotle. Rhodium plated with a sand effect finish.

Material: 925 Sterling Silver

Finish: Rhodium Plated, Sand Effect

Size: 12 x 17 x 2.5mm

Weight: 3g

Fits all Orloff snake chain bracelets.

ORLOFF OF DENMARK."
"ORGCB182-6","","Aristotle Quote Charm, Education","Milestones & Sentiment","Fixed","","1600","","","283.22","","Milestones & Sentiment;Line A;925 Silver","Simple","1","","","","","","","","Zhuhai Rinntin Jewelry","","","Do Not Print Kitchen Docket","11","2","","1600","","A hanging tag engraved with ""The roots of education are bitter, but the fruit is sweet."", attributed to Aristotle. Rhodium plated with a sand effect finish.

Material: 925 Sterling Silver

Finish: Rhodium Plated, Sand Effect

Size: 12 x 17 x 2.5mm

Weight: 3g

Fits all Orloff snake chain bracelets.

ORLOFF OF DENMARK."
"ORGCB182-7","","Aristotle Quote Charm, Purpose","Milestones & Sentiment","Fixed","","1600","","","283.22","","Milestones & Sentiment;Line A;925 Silver","Simple","1","","","","","","","","Zhuhai Rinntin Jewelry","","","Do Not Print Kitchen Docket","11","2","","1600","","A hanging tag engraved with ""Happiness is the meaning and the purpose of life, the whole aim and end of human existence."", attributed to Aristotle. Rhodium plated with a sand effect finish.

Material: 925 Sterling Silver

Finish: Rhodium Plated, Sand Effect

Size: 12 x 17 x 2.5mm

Weight: 3g

Fits all Orloff snake chain bracelets.

ORLOFF OF DENMARK."
"ORGCB182-8","","Aristotle Quote Charm, Wisdom","Milestones & Sentiment","Fixed","","1600","","","283.22","","Milestones & Sentiment;Line A;925 Silver","Simple","1","","","","","","","","Zhuhai Rinntin Jewelry","","","Do Not Print Kitchen Docket","12","2","","1600","","A hanging tag engraved with ""Knowing yourself is the beginning of all wisdom."", attributed to Aristotle. Rhodium plated with a sand effect finish.

Material: 925 Sterling Silver

Finish: Rhodium Plated, Sand Effect

Size: 12 x 17 x 2.5mm

Weight: 3g

Fits all Orloff snake chain bracelets.

ORLOFF OF DENMARK."
"ORGCB184-1","","Lao Tzu Quote Charm, The Journey","Milestones & Sentiment","Fixed","","1600","","","283.22","","Milestones & Sentiment;Line A;925 Silver","Simple","1","","","","","","","","Zhuhai Rinntin Jewelry","","","Do Not Print Kitchen Docket","11","2","","1600","","A hanging tag engraved with ""The journey of a thousand miles begins with one step."", attributed to Lao Tzu. Rhodium plated with a sand effect finish.

Material: 925 Sterling Silver

Finish: Rhodium Plated, Sand Effect

Size: 12 x 17 x 2.5mm

Weight: 3.1g

Fits all Orloff snake chain bracelets.

ORLOFF OF DENMARK."
"ORGCB184-2","","Lao Tzu Quote Charm, Freedom","Milestones & Sentiment","Fixed","","1600","","","283.22","","Milestones & Sentiment;Line A;925 Silver","Simple","1","","","","","","","","Zhuhai Rinntin Jewelry","","","Do Not Print Kitchen Docket","10","2","","1600","","A hanging tag engraved with ""Care about what other people think and you will always be their prisoner."", attributed to Lao Tzu. Rhodium plated with a sand effect finish.

Material: 925 Sterling Silver

Finish: Rhodium Plated, Sand Effect

Size: 12 x 17 x 2.5mm

Weight: 3.1g

Fits all Orloff snake chain bracelets.

ORLOFF OF DENMARK."
"ORGCB184-3","","Lao Tzu Quote Charm, Silence","Milestones & Sentiment","Fixed","","1600","","","283.22","","Milestones & Sentiment;Line A;925 Silver","Simple","1","","","","","","","","Zhuhai Rinntin Jewelry","","","Do Not Print Kitchen Docket","12","2","","1600","","A hanging tag engraved with ""Silence is a source of Great Strength."", attributed to Lao Tzu. Rhodium plated with a sand effect finish.

Material: 925 Sterling Silver

Finish: Rhodium Plated, Sand Effect

Size: 12 x 17 x 2.5mm

Weight: 3.1g

Fits all Orloff snake chain bracelets.

ORLOFF OF DENMARK."
"ORGCB184-4","","Lao Tzu Quote Charm, The Flame","Milestones & Sentiment","Fixed","","1600","","","283.22","","Milestones & Sentiment;Line A;925 Silver","Simple","1","","","","","","","","Zhuhai Rinntin Jewelry","","","Do Not Print Kitchen Docket","10","2","","1600","","A hanging tag engraved with ""The flame that burns Twice as bright burns half as long."", attributed to Lao Tzu. Rhodium plated with a sand effect finish.

Material: 925 Sterling Silver

Finish: Rhodium Plated, Sand Effect

Size: 12 x 17 x 2.5mm

Weight: 3g

Fits all Orloff snake chain bracelets.

ORLOFF OF DENMARK."
"ORGCB184-5","","Lao Tzu Quote Charm, Love","Milestones & Sentiment","Fixed","","1600","","","283.22","","Milestones & Sentiment;Line A;925 Silver","Simple","1","","","","","","","","Zhuhai Rinntin Jewelry","","","Do Not Print Kitchen Docket","12","2","","1600","","A hanging tag engraved with ""Being deeply loved by someone gives you strength, while loving someone deeply gives you courage."", attributed to Lao Tzu. Rhodium plated with a sand effect finish.

Material: 925 Sterling Silver

Finish: Rhodium Plated, Sand Effect

Size: 12 x 17 x 2.5mm

Weight: 3g

Fits all Orloff snake chain bracelets.

ORLOFF OF DENMARK."
"ORGCB184-6","","Lao Tzu Quote Charm, The Traveller","Milestones & Sentiment","Fixed","","1600","","","283.22","","Milestones & Sentiment;Line A;925 Silver","Simple","1","","","","","","","","Zhuhai Rinntin Jewelry","","","Do Not Print Kitchen Docket","12","2","","1600","","A hanging tag engraved with ""A good traveler has no fixed plans and is not intent on arriving."", attributed to Lao Tzu. Rhodium plated with a sand effect finish.

Material: 925 Sterling Silver

Finish: Rhodium Plated, Sand Effect

Size: 12 x 17 x 2.5mm

Weight: 3g

Fits all Orloff snake chain bracelets.

ORLOFF OF DENMARK."
"ORGCB184-7","","Lao Tzu Quote Charm, Calm","Milestones & Sentiment","Fixed","","1600","","","283.22","","Milestones & Sentiment;Line A;925 Silver","Simple","1","","","","","","","","Zhuhai Rinntin Jewelry","","","Do Not Print Kitchen Docket","10","2","","1600","","A hanging tag engraved with ""The best fighter is never angry."", attributed to Lao Tzu. Rhodium plated with a sand effect finish.

Material: 925 Sterling Silver

Finish: Rhodium Plated, Sand Effect

Size: 12 x 17 x 2.5mm

Weight: 3g

Fits all Orloff snake chain bracelets.

ORLOFF OF DENMARK."
"ORGCB185-14K","","Lemon Charm, 14K Gold","Nature","Fixed","","1600","","","267.24","","Nature;Line A;925 Silver","Simple","1","","","","","","","","Zhuhai Rinntin Jewelry","","","Do Not Print Kitchen Docket","27","2","","1600","","Gold lemon with green enamel leaves.

Material: 925 Sterling Silver

Finish: Gold Plating, Yellow Enamel

Size: 18.2 x 14 x 4.5mm

Weight: 3.5g

Fits all Orloff snake chain bracelets.

ORLOFF OF DENMARK."
"ORGCB186-1","","Engraved Quote Charm, A Smile","Milestones & Sentiment","Fixed","","1600","","","267.24","","Milestones & Sentiment;Line A;925 Silver","Simple","1","","","","","","","","Zhuhai Rinntin Jewelry","","","Do Not Print Kitchen Docket","12","2","","1600","","A hanging tag engraved with ""Every time you smile at someone, it is an action of love, a gift to that person, a beautiful thing."". Rhodium plated with a sand effect finish.

Material: 925 Sterling Silver

Finish: Rhodium Plated, Black Enamel

Size: 16.4 x 14 x 3mm

Weight: 3.3g

Fits all Orloff snake chain bracelets.

ORLOFF OF DENMARK."
"ORGCB186-2","","Engraved Quote Charm, The Mirror","Milestones & Sentiment","Fixed","","1600","","","267.24","","Milestones & Sentiment;Line A;925 Silver","Simple","1","","","","","","","","Zhuhai Rinntin Jewelry","","","Do Not Print Kitchen Docket","13","2","","1600","","A hanging tag engraved with ""Life is like a mirror. Smile at it and it smiles back at you."". Rhodium plated with a sand effect finish.

Material: 925 Sterling Silver

Finish: Rhodium Plated, Black Enamel

Size: 16.4 x 14 x 3mm

Weight: 3.3g

Fits all Orloff snake chain bracelets.

ORLOFF OF DENMARK."
"ORGCB187-14K-1","","Engraved Quote Charm, The Moon","Milestones & Sentiment","Fixed","","1200","","","186.32","","Milestones & Sentiment;Line A;925 Silver","Simple","1","","","","","","","","Zhuhai Rinntin Jewelry","","","Do Not Print Kitchen Docket","13","2","","1200","","A hanging tag engraved with ""Shoot for the moon. Even if you miss, you'll land among the stars. 14.14mm"". Rhodium plated with a sand effect finish.

Material: 925 Sterling Silver

Finish: Gold Plating, Dark Blue

Stone: enamel

Size: 14.14mm

Weight: 2g

Fits all Orloff snake chain bracelets.

ORLOFF OF DENMARK."
"ORGCB187-14K-2","","Engraved Quote Charm, Possible","Milestones & Sentiment","Fixed","","1200","","","186.32","","Milestones & Sentiment;Line A;925 Silver","Simple","1","","","","","","","","Zhuhai Rinntin Jewelry","","","Do Not Print Kitchen Docket","12","2","","1200","","A hanging tag engraved with ""Nothing is impossible, the word itself says, I'm possible. 14.14mm"". Rhodium plated with a sand effect finish.

Material: 925 Sterling Silver

Finish: Gold Plating, Dark Blue

Stone: enamel

Size: 14.14mm

Weight: 2g

Fits all Orloff snake chain bracelets.

ORLOFF OF DENMARK."
"ORGCB25","","Little Mermaid Charm","Travel & Lifestyle","Fixed","","1600","","","246.50","","Travel & Lifestyle;Line A;925 Silver","Simple","1","","","","","","","","Zhuhai Rinntin Jewelry","","","Do Not Print Kitchen Docket","30","2","","1600","","Copenhagen's Den Lille Havfrue, figure seated on a rock.

Material: 925 Sterling Silver

Finish: Silver Oxidation

Size: 19 x 14mm

Weight: 3.80g

Fits all Orloff snake chain bracelets.

ORLOFF OF DENMARK."
"ORGCB27","","Coat of Arms Charm","Travel & Lifestyle","Fixed","","900","","","136.68","","Travel & Lifestyle;Line A;925 Silver","Simple","1","","","","","","","","Zhuhai Rinntin Jewelry","","","Do Not Print Kitchen Docket","30","2","","900","","Openwork heraldic crest with crown and shield, stars around the band.

Material: 925 Sterling Silver

Finish: Rhodium Plating

Size: 10.5 x 7.5mm

Weight: 1.7g

Fits all Orloff snake chain bracelets.

ORLOFF OF DENMARK."
"ORGCB50P","","Danish Flag Charm, Red Enamel","Travel & Lifestyle","Fixed","","1600","","","241.06","","Travel & Lifestyle;Line A;925 Silver","Simple","1","","","","","","","","Zhuhai Rinntin Jewelry","","","Do Not Print Kitchen Docket","15","2","","1600","","Dannebrog, white cross over red enamel.

Material: 925 Sterling Silver

Finish: Rhodium Plated, Red Enamel

Size: 11 x 10mm

Weight: 2.1g

Fits all Orloff snake chain bracelets.

ORLOFF OF DENMARK."
"ORGCB51-P","","Daisy Dangle, Pink","Nature","Fixed","","1200","","","167.62","","Nature;Line A;925 Silver","Simple","1","","","","","","","","Zhuhai Rinntin Jewelry","","","Do Not Print Kitchen Docket","30","2","","1200","","Pink and white enamel petals with a yellow centre.

Material: 925 Sterling Silver

Finish: Rhodium Plated, Enamel

Size: 14 x 14mm

Weight: 1.60g

Fits all Orloff snake chain bracelets.

ORLOFF OF DENMARK."
"ORGCB51-WY","","Daisy Charm, White and Yellow","Nature","Fixed","","1200","","","167.62","","Nature;Line A;925 Silver","Simple","1","","","","","","","","Zhuhai Rinntin Jewelry","","","Do Not Print Kitchen Docket","30","2","","1200","","Enamel daisy, white petals, yellow centre.

Material: 925 Sterling Silver

Finish: Rhodium Plated, Enamel

Size: 14 x 14mm

Weight: 1.60g

Fits all Orloff snake chain bracelets.

ORLOFF OF DENMARK."
"ORGCB51-YL","","Daisy Charm, Blue","Nature","Fixed","","1200","","","167.62","","Nature;Line A;925 Silver","Simple","1","","","","","","","","Zhuhai Rinntin Jewelry","","","Do Not Print Kitchen Docket","30","2","","1200","","Blue enamel petals with a yellow centre.

Material: 925 Sterling Silver

Finish: Rhodium Plated, Enamel

Size: 14 x 14mm

Weight: 1.60g

Fits all Orloff snake chain bracelets.

ORLOFF OF DENMARK."
"ORGCB51-YP","","Daisy Charm, Purple","Nature","Fixed","","1200","","","167.62","","Nature;Line A;925 Silver","Simple","1","","","","","","","","Zhuhai Rinntin Jewelry","","","Do Not Print Kitchen Docket","29","2","","1200","","Purple and white enamel petals with a yellow centre.

Material: 925 Sterling Silver

Finish: Rhodium Plated, Enamel

Size: 14 x 14mm

Weight: 1.60g

Fits all Orloff snake chain bracelets.

ORLOFF OF DENMARK."
"ORGCB51-YR","","Daisy Charm, Red","Nature","Fixed","","1200","","","167.62","","Nature;Line A;925 Silver","Simple","1","","","","","","","","Zhuhai Rinntin Jewelry","","","Do Not Print Kitchen Docket","30","2","","1200","","Red and white enamel petals with a yellow centre.

Material: 925 Sterling Silver

Finish: Rhodium Plated, Enamel

Size: 14 x 14mm

Weight: 1.60g

Fits all Orloff snake chain bracelets.

ORLOFF OF DENMARK."
"ORGCB52-L","","Fortune Charm, Blue Enamel","Milestones & Sentiment","Fixed","","1600","","","257.04","","Milestones & Sentiment;Line A;925 Silver","Simple","1","","","","","","","","Zhuhai Rinntin Jewelry","","","Do Not Print Kitchen Docket","28","2","","1600","","Chinese character fu, fortune, in blue enamel on a white tag.

Material: 925 Sterling Silver

Finish: Rhodium Plated, Enamel

Size: 17 x 12 x 2mm

Weight: 4.00g

Fits all Orloff snake chain bracelets.

ORLOFF OF DENMARK."
"ORGCB53-L","","Longevity Charm, Blue Enamel","Milestones & Sentiment","Fixed","","1600","","","258.40","","Milestones & Sentiment;Line A;925 Silver","Simple","1","","","","","","","","Zhuhai Rinntin Jewelry","","","Do Not Print Kitchen Docket","28","2","","1600","","Chinese character shou, longevity, in blue enamel.

Material: 925 Sterling Silver

Finish: Rhodium Plated, Enamel

Size: 17 x 12 x 2mm

Weight: 4.00g

Fits all Orloff snake chain bracelets.

ORLOFF OF DENMARK."
"ORGCB54-L","","Prosperity Charm, Blue Enamel","Milestones & Sentiment","Fixed","","1600","","","260.10","","Milestones & Sentiment;Line A;925 Silver","Simple","1","","","","","","","","Zhuhai Rinntin Jewelry","","","Do Not Print Kitchen Docket","28","2","","1600","","Chinese character lu, prosperity, in blue enamel on a white tag.

Material: 925 Sterling Silver

Finish: Rhodium Plated, Enamel

Size: 17 x 12 x 2mm

Weight: 4.00g

Fits all Orloff snake chain bracelets.

ORLOFF OF DENMARK."
"ORGCB55-L","","Good Luck Charm, Blue Enamel","Milestones & Sentiment","Fixed","","1600","","","262.82","","Milestones & Sentiment;Line A;925 Silver","Simple","1","","","","","","","","Zhuhai Rinntin Jewelry","","","Do Not Print Kitchen Docket","29","2","","1600","","Chinese character reading as ji, auspicious.

Material: 925 Sterling Silver

Finish: Rhodium Plated, Enamel

Size: 17 x 12 x 2mm

Weight: 4.00g

Fits all Orloff snake chain bracelets.

ORLOFF OF DENMARK."
"ORGCB56-B","","Love Charm, Black Enamel","Milestones & Sentiment","Fixed","","1600","","","257.38","","Milestones & Sentiment;Line A;925 Silver","Simple","1","","","","","","","","Zhuhai Rinntin Jewelry","","","Do Not Print Kitchen Docket","26","2","","1600","","Chinese character ai with the word Love beneath.

Material: 925 Sterling Silver

Finish: Rhodium Plated, Enamel

Size: 17 x 12 x 2mm

Weight: 4.00g

Fits all Orloff snake chain bracelets.

ORLOFF OF DENMARK."
"ORGCB56-L","","Love Charm, Blue Enamel","Milestones & Sentiment","Fixed","","1600","","","257.38","","Milestones & Sentiment;Line A;925 Silver","Simple","1","","","","","","","","Zhuhai Rinntin Jewelry","","","Do Not Print Kitchen Docket","27","2","","1600","","Presumed blue version of ORGCB56-B. NO IMAGE IN HD PICTURE.

Material: 925 Sterling Silver

Finish: Rhodium Plated, Blue Enamel

Size: 17 x 12 x 2mm

Weight: 4.00g

Fits all Orloff snake chain bracelets.

ORLOFF OF DENMARK."
"ORGCB57-Z","","Acorn Charm","Nature","Fixed","","1600","","","265.88","","Nature;Line A;925 Silver","Simple","1","","","","","","","","Zhuhai Rinntin Jewelry","","","Do Not Print Kitchen Docket","27","2","","1600","","Silver cap over brown enamel, green enamel leaf.

Material: 925 Sterling Silver

Finish: Rhodium Plated, Enamel

Size: 18 x 13mm

Weight: 3.90g

Fits all Orloff snake chain bracelets.

ORLOFF OF DENMARK."
"ORGCB58-LVR","","Good Luck Clover Charm","Nature","Fixed","","1200","","","192.10","","Nature;Line A;925 Silver","Simple","1","","","","","","","","Zhuhai Rinntin Jewelry","","","Do Not Print Kitchen Docket","23","2","","1200","","Green enamel four leaf clover with a red ladybird, lettered Good luck.

Material: 925 Sterling Silver

Finish: Rhodium Plated, Enamel

Size: 15 x 14.5mm

Weight: 2.70g

Fits all Orloff snake chain bracelets.

ORLOFF OF DENMARK."
"ORPA0010","","Fluted Clip, Clear Stone","Spacers & Clips","Fixed","","1200","","","201.28","","Spacers & Clips;Line A;925 Silver","Simple","1","","","","","","","","Zhuhai Rinntin Jewelry","","","Do Not Print Kitchen Docket","10","2","","1200","","A fluted silver band set with a single clear stone. Clips grip the chain, so your charms stay where you put them.

Material: 925 Sterling Silver

Finish: Silver Plating

Size: 4.4 x 10.2mm

Weight: 1.94g

Fits all Orloff snake chain bracelets.

ORLOFF OF DENMARK."
"ORPA0035","","Polished Spacer, Pink Stone","Spacers & Clips","Fixed","","1200","","","181.90","","Spacers & Clips;Line A;925 Silver","Simple","1","","","","","","","","Zhuhai Rinntin Jewelry","","","Do Not Print Kitchen Docket","9","2","","1200","","A polished silver band set with a single pink stone. Sits between charms to give them room.

Material: 925 Sterling Silver

Finish: Oxidized Silver

Size: 3.6 x 9.8mm

Weight: 1.50g

Fits all Orloff snake chain bracelets.

ORLOFF OF DENMARK."
"ORPA0094","","Pink Enamel Spacer","Spacers & Clips","Fixed","","1200","","","162.86","","Spacers & Clips;Line A;925 Silver","Simple","1","","","","","","","","Zhuhai Rinntin Jewelry","","","Do Not Print Kitchen Docket","10","2","","1200","","A slim silver ring finished in pale pink enamel. Sits between charms to give them room.

Material: 925 Sterling Silver

Finish: Silver Plating

Size: 3.6 x 10.5mm

Weight: 1.40g

Fits all Orloff snake chain bracelets.

ORLOFF OF DENMARK."
"ORPA0097","","Lilac Daisy Spacer","Spacers & Clips","Fixed","","1200","","","189.38","","Spacers & Clips;Line A;925 Silver","Simple","1","","","","","","","","Zhuhai Rinntin Jewelry","","","Do Not Print Kitchen Docket","10","2","","1200","","Daisies in lilac and white enamel with clear stone centres, set around a silver ring.

Material: 925 Sterling Silver

Finish: Oxidized Silver

Size: 5.1 x 10.2mm

Weight: 1.50g

Fits all Orloff snake chain bracelets.

ORLOFF OF DENMARK."
"ORPA0107","","Dragonfly Clip, Blue Enamel","Spacers & Clips","Fixed","","1200","","","187.00","","Spacers & Clips;Line A;925 Silver","Simple","1","","","","","","","","Zhuhai Rinntin Jewelry","","","Do Not Print Kitchen Docket","10","2","","1200","","A silver dragonfly with pale blue enamel wings. Clips grip the chain, so your charms stay where you put them.

Material: 925 Sterling Silver

Finish: Oxidized Silver

Size: 8.2 x 10.3mm

Weight: 1.50g

Fits all Orloff snake chain bracelets.

ORLOFF OF DENMARK."
"ORPA0123","","Starry Night Spacer, Blue Enamel","Spacers & Clips","Fixed","","900","","","149.26","","Spacers & Clips;Line A;925 Silver","Simple","1","","","","","","","","Zhuhai Rinntin Jewelry","","","Do Not Print Kitchen Docket","10","2","","900","","Deep blue enamel with silver stars and a crescent moon.

Material: 925 Sterling Silver

Finish: Oxidized Silver

Size: 4.1 x 9.8mm

Weight: 1.23g

Fits all Orloff snake chain bracelets.

ORLOFF OF DENMARK."
"ORPA0132","","Butterfly Clip, Red Stone","Spacers & Clips","Fixed","","1200","","","185.64","","Spacers & Clips;Line A;925 Silver","Simple","1","","","","","","","","Zhuhai Rinntin Jewelry","","","Do Not Print Kitchen Docket","10","2","","1200","","A butterfly set with clear stones beside an oval red stone. Clips grip the chain, so your charms stay where you put them.

Material: 925 Sterling Silver

Finish: Oxidized Silver

Size: 3.8 x 11.1mm

Weight: 1.63g

Fits all Orloff snake chain bracelets.

ORLOFF OF DENMARK."
"ORPA0142","","Tulip Spacer, Pink Stone","Spacers & Clips","Fixed","","900","","","128.18","","Spacers & Clips;Line A;925 Silver","Simple","1","","","","","","","","Zhuhai Rinntin Jewelry","","","Do Not Print Kitchen Docket","10","2","","900","","Oxidized tulips with a pink stone at the bud, set around a polished silver ring.

Material: 925 Sterling Silver

Finish: Oxidized Silver

Size: 3.5 x 9.2mm

Weight: 0.95g

Fits all Orloff snake chain bracelets.

ORLOFF OF DENMARK."
"ORPA0147","","Butterfly Spacer, Clear Stones","Spacers & Clips","Fixed","","900","","","127.50","","Spacers & Clips;Line A;925 Silver","Simple","1","","","","","","","","Zhuhai Rinntin Jewelry","","","Do Not Print Kitchen Docket","10","2","","900","","Two oxidized butterflies with clear stones, set around a polished silver ring.

Material: 925 Sterling Silver

Finish: Oxidized Silver

Size: 3.5 x 9.2mm

Weight: 0.93g

Fits all Orloff snake chain bracelets.

ORLOFF OF DENMARK."
"ORPA0149","","Scroll Spacer, Oxidized Silver","Spacers & Clips","Fixed","","900","","","123.08","","Spacers & Clips;Line A;925 Silver","Simple","1","","","","","","","","Zhuhai Rinntin Jewelry","","","Do Not Print Kitchen Docket","10","2","","900","","A repeating scroll pattern in oxidized silver on a polished band.

Material: 925 Sterling Silver

Finish: Oxidized Silver

Size: 3.5 x 9.2mm

Weight: 0.90g

Fits all Orloff snake chain bracelets.

ORLOFF OF DENMARK."
"ORPA034","","Polished Dome Spacer","Spacers & Clips","Fixed","","1200","","","158.44","","Spacers & Clips;Line A;925 Silver","Simple","1","","","","","","","","Zhuhai Rinntin Jewelry","","","Do Not Print Kitchen Docket","10","2","","1200","","A plain polished dome in 925 sterling silver. Sits between charms to give them room.

Material: 925 Sterling Silver

Finish: Oxidized Silver

Size: 3.3 x 8.6mm

Weight: 1.10g

Fits all Orloff snake chain bracelets.

ORLOFF OF DENMARK."
"ORCBB01","","Snake Chain Bracelet","","Fixed","","2800","","","753.10","","Line A;925 Silver","Simple","1","","","","","","","","Zhuhai Rinntin Jewelry","","","Do Not Print Kitchen Docket","","2","","2800","","A 17cm snake chain in 925 sterling silver with a round clasp set with clear stones. Rhodium plated.

Material: 925 Sterling Silver

Stone: White CZ

Length: 17cm

Weight: 13.16g

Takes all Orloff charms.

ORLOFF OF DENMARK."
"ORCBB01-17","ORCBB01","Snake Chain Bracelet, 17cm","","Fixed","","2800","","","753.10","","Line A;925 Silver","Simple","1","","Size","17cm","","","","","Zhuhai Rinntin Jewelry","","","Do Not Print Kitchen Docket","44","2","","2800","","A 17cm snake chain in 925 sterling silver with a round clasp set with clear stones. Rhodium plated.

Material: 925 Sterling Silver

Stone: White CZ

Length: 17cm

Weight: 13.16g

Takes all Orloff charms.

ORLOFF OF DENMARK."
"ORCBB01-19","ORCBB01","Snake Chain Bracelet, 19cm","","Fixed","","2800","","","814.30","","Line A;925 Silver","Simple","1","","Size","19cm","","","","","Zhuhai Rinntin Jewelry","","","Do Not Print Kitchen Docket","44","2","","2800","","A 19cm snake chain in 925 sterling silver with a round clasp set with clear stones. Rhodium plated.

Material: 925 Sterling Silver

Stone: White CZ

Length: 19cm

Weight: 14.40g

Takes all Orloff charms.

ORLOFF OF DENMARK."
"ORCBB01-21","ORCBB01","Snake Chain Bracelet, 21cm","","Fixed","","2800","","","912.90","","Line A;925 Silver","Simple","1","","Size","21cm","","","","","Zhuhai Rinntin Jewelry","","","Do Not Print Kitchen Docket","46","2","","2800","","A 21cm snake chain in 925 sterling silver with a round clasp set with clear stones. Rhodium plated.

Material: 925 Sterling Silver

Stone: White CZ

Length: 21cm

Weight: 16.50g

Takes all Orloff charms.

ORLOFF OF DENMARK."
"ORGCBB1","","Snake Chain Bracelet with Enamel Accent","","Fixed","","2800","","","753.10","","Line A;925 Silver","Simple","1","","","","","","","","Zhuhai Rinntin Jewelry","","","Do Not Print Kitchen Docket","","2","","2800","","A 17cm sterling silver snake chain with a white enamel bead at the clasp. Rhodium plated.

Material: 925 Sterling Silver

Finish: Rhodium Plating, Enamel

Length: 17cm

Weight: 13.16g

Takes all Orloff charms.

ORLOFF OF DENMARK."
"ORGCBB1-17-W","ORGCBB1","Snake Chain Bracelet with Enamel Accent, 17cm, White","","Fixed","","2800","","","753.10","","Line A;925 Silver","Simple","1","","Colour","White","Size","17cm","","","Zhuhai Rinntin Jewelry","","","Do Not Print Kitchen Docket","8","2","","2800","","A 17cm sterling silver snake chain with a white enamel bead at the clasp. Rhodium plated.

Material: 925 Sterling Silver

Finish: Rhodium Plating, Enamel

Length: 17cm

Weight: 13.16g

Takes all Orloff charms.

ORLOFF OF DENMARK."
"ORGCBB1-17-R","ORGCBB1","Snake Chain Bracelet with Enamel Accent, 17cm, Red","","Fixed","","2800","","","753.10","","Line A;925 Silver","Simple","1","","Colour","Red","Size","17cm","","","Zhuhai Rinntin Jewelry","","","Do Not Print Kitchen Docket","5","2","","2800","","A 17cm sterling silver snake chain with a red enamel bead at the clasp. Rhodium plated.

Material: 925 Sterling Silver

Finish: Rhodium Plating, Enamel

Length: 17cm

Weight: 13.16g

Takes all Orloff charms.

ORLOFF OF DENMARK."
"ORGCBB1-17-K","ORGCBB1","Snake Chain Bracelet with Enamel Accent, 17cm, Black","","Fixed","","2800","","","753.10","","Line A;925 Silver","Simple","1","","Colour","Black","Size","17cm","","","Zhuhai Rinntin Jewelry","","","Do Not Print Kitchen Docket","6","2","","2800","","A 17cm sterling silver snake chain with a black enamel bead at the clasp. Rhodium plated.

Material: 925 Sterling Silver

Finish: Rhodium Plating, Enamel

Length: 17cm

Weight: 13.16g

Takes all Orloff charms.

ORLOFF OF DENMARK."
"ORGCBB1-17-B","ORGCBB1","Snake Chain Bracelet with Enamel Accent, 17cm, Blue","","Fixed","","2800","","","753.10","","Line A;925 Silver","Simple","1","","Colour","Blue","Size","17cm","","","Zhuhai Rinntin Jewelry","","","Do Not Print Kitchen Docket","6","2","","2800","","A 17cm sterling silver snake chain with a blue enamel bead at the clasp. Rhodium plated.

Material: 925 Sterling Silver

Finish: Rhodium Plating, Enamel

Length: 17cm

Weight: 13.16g

Takes all Orloff charms.

ORLOFF OF DENMARK."
"ORGCBB1-17-G","ORGCBB1","Snake Chain Bracelet with Enamel Accent, 17cm, Flower","","Fixed","","2800","","","753.10","","Line A;925 Silver","Simple","1","","Colour","Flower","Size","17cm","","","Zhuhai Rinntin Jewelry","","","Do Not Print Kitchen Docket","8","2","","2800","","A 17cm sterling silver snake chain with a flower enamel bead at the clasp. Rhodium plated.

Material: 925 Sterling Silver

Finish: Rhodium Plating, Enamel

Length: 17cm

Weight: 13.16g

Takes all Orloff charms.

ORLOFF OF DENMARK."
"ORGCBB1-19-W","ORGCBB1","Snake Chain Bracelet with Enamel Accent, 19cm, White","","Fixed","","2800","","","814.30","","Line A;925 Silver","Simple","1","","Colour","White","Size","19cm","","","Zhuhai Rinntin Jewelry","","","Do Not Print Kitchen Docket","8","2","","2800","","A 19cm sterling silver snake chain with a white enamel bead at the clasp. Rhodium plated.

Material: 925 Sterling Silver

Finish: Rhodium Plating, Enamel

Length: 19cm

Weight: 14.40g

Takes all Orloff charms.

ORLOFF OF DENMARK."
"ORGCBB1-19-R","ORGCBB1","Snake Chain Bracelet with Enamel Accent, 19cm, Red","","Fixed","","2800","","","814.30","","Line A;925 Silver","Simple","1","","Colour","Red","Size","19cm","","","Zhuhai Rinntin Jewelry","","","Do Not Print Kitchen Docket","8","2","","2800","","A 19cm sterling silver snake chain with a red enamel bead at the clasp. Rhodium plated.

Material: 925 Sterling Silver

Finish: Rhodium Plating, Enamel

Length: 19cm

Weight: 14.40g

Takes all Orloff charms.

ORLOFF OF DENMARK."
"ORGCBB1-19-K","ORGCBB1","Snake Chain Bracelet with Enamel Accent, 19cm, Black","","Fixed","","2800","","","814.30","","Line A;925 Silver","Simple","1","","Colour","Black","Size","19cm","","","Zhuhai Rinntin Jewelry","","","Do Not Print Kitchen Docket","7","2","","2800","","A 19cm sterling silver snake chain with a black enamel bead at the clasp. Rhodium plated.

Material: 925 Sterling Silver

Finish: Rhodium Plating, Enamel

Length: 19cm

Weight: 16.50g

Takes all Orloff charms.

ORLOFF OF DENMARK."
"ORGCBB1-19-B","ORGCBB1","Snake Chain Bracelet with Enamel Accent, 19cm, Blue","","Fixed","","2800","","","814.30","","Line A;925 Silver","Simple","1","","Colour","Blue","Size","19cm","","","Zhuhai Rinntin Jewelry","","","Do Not Print Kitchen Docket","8","2","","2800","","A 19cm sterling silver snake chain with a blue enamel bead at the clasp. Rhodium plated.

Material: 925 Sterling Silver

Finish: Rhodium Plating, Enamel

Length: 19cm

Weight: 16.50g

Takes all Orloff charms.

ORLOFF OF DENMARK."
"ORGCBB1-19-G","ORGCBB1","Snake Chain Bracelet with Enamel Accent, 19cm, Flower","","Fixed","","2800","","","814.30","","Line A;925 Silver","Simple","1","","Colour","Flower","Size","19cm","","","Zhuhai Rinntin Jewelry","","","Do Not Print Kitchen Docket","8","2","","2800","","A 19cm sterling silver snake chain with a flower enamel bead at the clasp. Rhodium plated.

Material: 925 Sterling Silver

Finish: Rhodium Plating, Enamel

Length: 19cm

Weight: 14.40g

Takes all Orloff charms.

ORLOFF OF DENMARK."
"ORGCBB1-21-W","ORGCBB1","Snake Chain Bracelet with Enamel Accent, 21cm, White","","Fixed","","2800","","","912.90","","Line A;925 Silver","Simple","1","","Colour","White","Size","21cm","","","Zhuhai Rinntin Jewelry","","","Do Not Print Kitchen Docket","5","2","","2800","","A 21cm sterling silver snake chain with a white enamel bead at the clasp. Rhodium plated.

Material: 925 Sterling Silver

Finish: Rhodium Plating, Enamel

Length: 21cm

Weight: 16.50g

Takes all Orloff charms.

ORLOFF OF DENMARK."
"ORGCBB1-21-R","ORGCBB1","Snake Chain Bracelet with Enamel Accent, 21cm, Red","","Fixed","","2800","","","912.90","","Line A;925 Silver","Simple","1","","Colour","Red","Size","21cm","","","Zhuhai Rinntin Jewelry","","","Do Not Print Kitchen Docket","8","2","","2800","","A 21cm sterling silver snake chain with a red enamel bead at the clasp. Rhodium plated.

Material: 925 Sterling Silver

Finish: Rhodium Plating, Enamel

Length: 21cm

Weight: 16.50g

Takes all Orloff charms.

ORLOFF OF DENMARK."
"ORGCBB1-21-K","ORGCBB1","Snake Chain Bracelet with Enamel Accent, 21cm, Black","","Fixed","","2800","","","912.90","","Line A;925 Silver","Simple","1","","Colour","Black","Size","21cm","","","Zhuhai Rinntin Jewelry","","","Do Not Print Kitchen Docket","8","2","","2800","","A 21cm sterling silver snake chain with a black enamel bead at the clasp. Rhodium plated.

Material: 925 Sterling Silver

Finish: Rhodium Plating, Enamel

Length: 21cm

Weight: 16.50g

Takes all Orloff charms.

ORLOFF OF DENMARK."
"ORGCBB1-21-B","ORGCBB1","Snake Chain Bracelet with Enamel Accent, 21cm, Blue","","Fixed","","2800","","","912.90","","Line A;925 Silver","Simple","1","","Colour","Blue","Size","21cm","","","Zhuhai Rinntin Jewelry","","","Do Not Print Kitchen Docket","8","2","","2800","","A 21cm sterling silver snake chain with a blue enamel bead at the clasp. Rhodium plated.

Material: 925 Sterling Silver

Finish: Rhodium Plating, Enamel

Length: 21cm

Weight: 16.50g

Takes all Orloff charms.

ORLOFF OF DENMARK."
